condition,seed,pid,y_true,y_pred
atomblob_density_gradmag,0,1a4w,5.920000076293945,7.5501298904418945
atomblob_density_gradmag,0,1aj6,5.920000076293945,6.568692207336426
atomblob_density_gradmag,0,1akq,9.100000381469727,6.574821472167969
atomblob_density_gradmag,0,1akr,9.09000015258789,6.223792552947998
atomblob_density_gradmag,0,1akt,8.489999771118164,6.40103006362915
atomblob_density_gradmag,0,1aku,6.130000114440918,6.470739841461182
atomblob_density_gradmag,0,1akw,8.59000015258789,6.38962459564209
atomblob_density_gradmag,0,1aw1,1.0499999523162842,3.7138009071350098
atomblob_density_gradmag,0,1bcu,3.2799999713897705,4.36951208114624
atomblob_density_gradmag,0,1c5o,3.490000009536743,4.459977149963379
atomblob_density_gradmag,0,1c5s,6.0,5.393096923828125
atomblob_density_gradmag,0,1c5t,4.099999904632568,5.387715816497803
atomblob_density_gradmag,0,1c7e,6.300000190734863,6.580185890197754
atomblob_density_gradmag,0,1c7f,9.520000457763672,6.465349197387695
atomblob_density_gradmag,0,1ezq,9.050000190734863,6.863101482391357
atomblob_density_gradmag,0,1f0s,7.739999771118164,6.502993106842041
atomblob_density_gradmag,0,1f0t,6.0,6.211179256439209
atomblob_density_gradmag,0,1f0u,7.159999847412109,5.773706436157227
atomblob_density_gradmag,0,1fkn,8.800000190734863,7.096891403198242
atomblob_density_gradmag,0,1flm,9.369999885559082,6.038160800933838
atomblob_density_gradmag,0,1g2l,7.239999771118164,6.619007110595703
atomblob_density_gradmag,0,1g2m,7.400000095367432,6.823580265045166
atomblob_density_gradmag,0,1g30,6.849999904632568,6.964465141296387
atomblob_density_gradmag,0,1g32,6.110000133514404,7.1314849853515625
atomblob_density_gradmag,0,1g36,7.170000076293945,5.946460723876953
atomblob_density_gradmag,0,1ghv,4.349999904632568,5.0087809562683105
atomblob_density_gradmag,0,1ghw,4.199999809265137,5.0530290603637695
atomblob_density_gradmag,0,1ghz,4.800000190734863,4.273303031921387
atomblob_density_gradmag,0,1gi1,5.46999979019165,5.387054920196533
atomblob_density_gradmag,0,1gi6,6.21999979019165,4.737565994262695
atomblob_density_gradmag,0,1gi7,4.510000228881836,4.584011077880859
atomblob_density_gradmag,0,1gi8,5.050000190734863,5.090888023376465
atomblob_density_gradmag,0,1gi9,5.21999979019165,4.874571800231934
atomblob_density_gradmag,0,1gj4,4.070000171661377,5.833606719970703
atomblob_density_gradmag,0,1gj5,4.960000038146973,5.50422477722168
atomblob_density_gradmag,0,1gj6,7.0,6.032362937927246
atomblob_density_gradmag,0,1gj7,7.889999866485596,6.090624809265137
atomblob_density_gradmag,0,1gj8,6.960000038146973,5.493930816650391
atomblob_density_gradmag,0,1gja,5.420000076293945,5.470329284667969
atomblob_density_gradmag,0,1gjb,6.349999904632568,5.546672821044922
atomblob_density_gradmag,0,1gjc,6.349999904632568,5.502060890197754
atomblob_density_gradmag,0,1hp5,6.550000190734863,6.893466949462891
atomblob_density_gradmag,0,1i7z,6.400000095367432,6.686556816101074
atomblob_density_gradmag,0,1jak,5.570000171661377,5.5230207443237305
atomblob_density_gradmag,0,1jwt,7.849999904632568,6.420188903808594
atomblob_density_gradmag,0,1k1i,6.579999923706055,6.247912406921387
atomblob_density_gradmag,0,1k1j,7.550000190734863,6.996110439300537
atomblob_density_gradmag,0,1k1l,6.900000095367432,6.47747802734375
atomblob_density_gradmag,0,1k1m,7.400000095367432,6.767974853515625
atomblob_density_gradmag,0,1k1n,6.820000171661377,6.836330413818359
atomblob_density_gradmag,0,1k1o,6.170000076293945,5.96626615524292
atomblob_density_gradmag,0,1kv5,4.21999979019165,3.5270447731018066
atomblob_density_gradmag,0,1kzn,8.920000076293945,7.3325700759887695
atomblob_density_gradmag,0,1lqe,5.820000171661377,5.934778690338135
atomblob_density_gradmag,0,1lyx,4.539999961853027,4.491148948669434
atomblob_density_gradmag,0,1lzo,4.539999961853027,3.308243751525879
atomblob_density_gradmag,0,1m4h,9.520000457763672,7.242448806762695
atomblob_density_gradmag,0,1m9n,6.920000076293945,5.208600997924805
atomblob_density_gradmag,0,1ml1,4.28000020980835,3.90293288230896
atomblob_density_gradmag,0,1njf,6.210000038146973,6.260141372680664
atomblob_density_gradmag,0,1np0,3.569999933242798,6.171294212341309
atomblob_density_gradmag,0,1nvq,8.25,7.582101821899414
atomblob_density_gradmag,0,1nvr,8.109999656677246,7.479336261749268
atomblob_density_gradmag,0,1o2g,6.119999885559082,5.5659990310668945
atomblob_density_gradmag,0,1o2h,7.170000076293945,5.453885078430176
atomblob_density_gradmag,0,1o2j,6.920000076293945,5.379937171936035
atomblob_density_gradmag,0,1o2k,6.920000076293945,5.510584354400635
atomblob_density_gradmag,0,1o2n,6.090000152587891,5.827171802520752
atomblob_density_gradmag,0,1o2o,6.360000133514404,5.780841827392578
atomblob_density_gradmag,0,1o2p,4.849999904632568,5.974041938781738
atomblob_density_gradmag,0,1o2q,7.679999828338623,6.110772609710693
atomblob_density_gradmag,0,1o2r,5.210000038146973,6.116276741027832
atomblob_density_gradmag,0,1o2s,5.46999979019165,4.850523471832275
atomblob_density_gradmag,0,1o2t,7.849999904632568,5.605712890625
atomblob_density_gradmag,0,1o2z,6.110000133514404,5.807075500488281
atomblob_density_gradmag,0,1o30,6.769999980926514,5.782774925231934
atomblob_density_gradmag,0,1o32,5.739999771118164,4.748318672180176
atomblob_density_gradmag,0,1o33,5.739999771118164,4.903032302856445
atomblob_density_gradmag,0,1o34,5.739999771118164,4.872502326965332
atomblob_density_gradmag,0,1o35,5.0,5.323529243469238
atomblob_density_gradmag,0,1o36,5.960000038146973,5.538032531738281
atomblob_density_gradmag,0,1o38,6.820000171661377,5.4488325119018555
atomblob_density_gradmag,0,1o39,7.130000114440918,5.618312358856201
atomblob_density_gradmag,0,1o3b,7.130000114440918,5.52908992767334
atomblob_density_gradmag,0,1o3c,7.130000114440918,5.5530781745910645
atomblob_density_gradmag,0,1o3d,7.130000114440918,5.593189239501953
atomblob_density_gradmag,0,1o3e,7.960000038146973,5.774208068847656
atomblob_density_gradmag,0,1o3f,7.960000038146973,5.751394271850586
atomblob_density_gradmag,0,1o3p,6.659999847412109,5.378851413726807
atomblob_density_gradmag,0,1o5a,6.420000076293945,5.594089508056641
atomblob_density_gradmag,0,1o5c,5.21999979019165,5.727782249450684
atomblob_density_gradmag,0,1o5e,5.739999771118164,5.818874359130859
atomblob_density_gradmag,0,1o5f,6.070000171661377,6.070276260375977
atomblob_density_gradmag,0,1o5g,4.960000038146973,5.934425354003906
atomblob_density_gradmag,0,1odi,4.210000038146973,5.960735321044922
atomblob_density_gradmag,0,1odj,4.099999904632568,6.161907196044922
atomblob_density_gradmag,0,1ow4,5.679999828338623,6.954130172729492
atomblob_density_gradmag,0,1owe,6.199999809265137,5.6939191818237305
atomblob_density_gradmag,0,1owh,7.400000095367432,5.487741947174072
atomblob_density_gradmag,0,1owi,7.550000190734863,6.324664115905762
atomblob_density_gradmag,0,1owj,7.320000171661377,6.328317642211914
atomblob_density_gradmag,0,1owk,7.630000114440918,6.017270088195801
atomblob_density_gradmag,0,1oyq,6.960000038146973,5.965214252471924
atomblob_density_gradmag,0,1oyt,7.239999771118164,6.65186882019043
atomblob_density_gradmag,0,1oz0,7.699999809265137,5.66960334777832
atomblob_density_gradmag,0,1p1n,6.800000190734863,5.556297302246094
atomblob_density_gradmag,0,1p1o,5.760000228881836,4.984881401062012
atomblob_density_gradmag,0,1p1q,4.889999866485596,5.408963680267334
atomblob_density_gradmag,0,1p4r,8.100000381469727,7.182285308837891
atomblob_density_gradmag,0,1p57,4.400000095367432,4.9770402908325195
atomblob_density_gradmag,0,1pf8,7.510000228881836,6.7393341064453125
atomblob_density_gradmag,0,1pkx,6.920000076293945,5.480193138122559
atomblob_density_gradmag,0,1pl0,8.220000267028809,7.422824859619141
atomblob_density_gradmag,0,1pr1,5.300000190734863,5.679309844970703
atomblob_density_gradmag,0,1pr5,3.9200000762939453,5.5120649337768555
atomblob_density_gradmag,0,1pxm,7.21999979019165,7.013320446014404
atomblob_density_gradmag,0,1pxn,7.150000095367432,7.73371696472168
atomblob_density_gradmag,0,1pxp,6.659999847412109,7.317800521850586
atomblob_density_gradmag,0,1q4l,7.400000095367432,6.746103286743164
atomblob_density_gradmag,0,1q72,6.849999904632568,5.546611785888672
atomblob_density_gradmag,0,1q8t,4.760000228881836,6.91522741317749
atomblob_density_gradmag,0,1q8u,5.960000038146973,6.355412006378174
atomblob_density_gradmag,0,1q8w,5.239999771118164,6.660037994384766
atomblob_density_gradmag,0,1qbo,7.739999771118164,6.4448370933532715
atomblob_density_gradmag,0,1qyg,6.849999904632568,6.252436637878418
atomblob_density_gradmag,0,1sb1,6.889999866485596,7.024904251098633
atomblob_density_gradmag,0,1sqo,7.460000038146973,6.166420936584473
atomblob_density_gradmag,0,1sqt,6.199999809265137,6.103623390197754
atomblob_density_gradmag,0,1syh,6.409999847412109,6.00931453704834
atomblob_density_gradmag,0,1syi,5.440000057220459,6.242404460906982
atomblob_density_gradmag,0,1syo,9.0,3.3844332695007324
atomblob_density_gradmag,0,1sz0,9.0,3.358633279800415
atomblob_density_gradmag,0,1thz,5.150000095367432,5.23432731628418
atomblob_density_gradmag,0,1tvo,6.849999904632568,6.785335063934326
atomblob_density_gradmag,0,1tx7,4.599999904632568,5.021183967590332
atomblob_density_gradmag,0,1u6q,5.880000114440918,6.037288188934326
atomblob_density_gradmag,0,1ua4,4.21999979019165,6.890182971954346
atomblob_density_gradmag,0,1utn,3.490000009536743,5.089034080505371
atomblob_density_gradmag,0,1uto,2.2699999809265137,4.4959821701049805
atomblob_density_gradmag,0,1v2k,6.190000057220459,6.702089786529541
atomblob_density_gradmag,0,1v2n,5.900000095367432,5.968097686767578
atomblob_density_gradmag,0,1v2o,4.730000019073486,6.103825092315674
atomblob_density_gradmag,0,1v2p,4.730000019073486,6.47173547744751
atomblob_density_gradmag,0,1v2q,4.130000114440918,5.948441505432129
atomblob_density_gradmag,0,1v2r,3.549999952316284,6.011449337005615
atomblob_density_gradmag,0,1v2t,4.710000038146973,6.108047962188721
atomblob_density_gradmag,0,1v2w,4.010000228881836,5.979705333709717
atomblob_density_gradmag,0,1vjd,3.5399999618530273,5.382645606994629
atomblob_density_gradmag,0,1wvj,6.730000019073486,6.292037010192871
atomblob_density_gradmag,0,1xa5,6.5,8.786130905151367
atomblob_density_gradmag,0,1xbb,5.300000190734863,6.006363868713379
atomblob_density_gradmag,0,1xhy,6.179999828338623,5.830538749694824
atomblob_density_gradmag,0,1xk9,6.849999904632568,4.93435001373291
atomblob_density_gradmag,0,1xkk,8.520000457763672,8.945060729980469
atomblob_density_gradmag,0,1xws,8.0,8.018776893615723
atomblob_density_gradmag,0,1xxh,6.110000133514404,5.447362899780273
atomblob_density_gradmag,0,1xxi,5.519999980926514,5.654759883880615
atomblob_density_gradmag,0,1y3v,5.639999866485596,6.025021553039551
atomblob_density_gradmag,0,1y3w,5.769999980926514,5.6419758796691895
atomblob_density_gradmag,0,1y3x,5.139999866485596,5.8433756828308105
atomblob_density_gradmag,0,1ydr,5.519999980926514,7.035079002380371
atomblob_density_gradmag,0,1yds,5.920000076293945,6.62730598449707
atomblob_density_gradmag,0,1yp9,5.110000133514404,5.971344947814941
atomblob_density_gradmag,0,1ype,8.100000381469727,6.91829776763916
atomblob_density_gradmag,0,1ypg,8.0,6.596279144287109
atomblob_density_gradmag,0,1ypj,7.019999980926514,6.74851655960083
atomblob_density_gradmag,0,1z6e,9.720000267028809,7.405216217041016
atomblob_density_gradmag,0,2al5,8.399999618530273,5.893413066864014
atomblob_density_gradmag,0,2b1g,6.639999866485596,5.184271812438965
atomblob_density_gradmag,0,2b1i,6.820000171661377,5.909942150115967
atomblob_density_gradmag,0,2bal,6.309999942779541,6.522792816162109
atomblob_density_gradmag,0,2br1,5.139999866485596,6.540046215057373
atomblob_density_gradmag,0,2brb,4.860000133514404,6.129274368286133
atomblob_density_gradmag,0,2brm,5.889999866485596,6.1713972091674805
atomblob_density_gradmag,0,2byp,9.0600004196167,7.767134666442871
atomblob_density_gradmag,0,2byr,8.550000190734863,7.734614372253418
atomblob_density_gradmag,0,2bys,9.520000457763672,7.9184370040893555
atomblob_density_gradmag,0,2bza,2.799999952316284,4.341079235076904
atomblob_density_gradmag,0,2c3i,7.599999904632568,6.667851448059082
atomblob_density_gradmag,0,2c3j,6.179999828338623,5.260167121887207
atomblob_density_gradmag,0,2c3k,7.590000152587891,6.937767028808594
atomblob_density_gradmag,0,2c3l,5.070000171661377,5.201847076416016
atomblob_density_gradmag,0,2c6o,8.220000267028809,6.8370771408081055
atomblob_density_gradmag,0,2cbj,8.270000457763672,5.825619697570801
atomblob_density_gradmag,0,2cji,8.220000267028809,7.282249450683594
atomblob_density_gradmag,0,2clx,4.880000114440918,4.962475776672363
atomblob_density_gradmag,0,2cvd,6.099999904632568,6.4553375244140625
atomblob_density_gradmag,0,2d0k,5.019999980926514,4.996242046356201
atomblob_density_gradmag,0,2e2p,4.739999771118164,4.935530185699463
atomblob_density_gradmag,0,2epn,7.21999979019165,5.161252975463867
atomblob_density_gradmag,0,2esm,6.28000020980835,7.199352741241455
atomblob_density_gradmag,0,2etk,6.820000171661377,7.053007125854492
atomblob_density_gradmag,0,2etr,6.820000171661377,6.548305511474609
atomblob_density_gradmag,0,2fb8,9.800000190734863,7.489130973815918
atomblob_density_gradmag,0,2fdp,7.590000152587891,8.492530822753906
atomblob_density_gradmag,0,2fpz,3.9600000381469727,4.593804359436035
atomblob_density_gradmag,0,2fvd,8.520000457763672,7.9934468269348145
atomblob_density_gradmag,0,2fx6,3.700000047683716,4.3855438232421875
atomblob_density_gradmag,0,2fzz,10.520000457763672,7.133138656616211
atomblob_density_gradmag,0,2g00,9.739999771118164,7.009934425354004
atomblob_density_gradmag,0,2gl0,4.820000171661377,4.943896293640137
atomblob_density_gradmag,0,2h13,5.349999904632568,5.878548622131348
atomblob_density_gradmag,0,2ito,6.909999847412109,6.74951171875
atomblob_density_gradmag,0,2itt,8.770000457763672,6.285747051239014
atomblob_density_gradmag,0,2ity,7.269999980926514,6.290996551513672
atomblob_density_gradmag,0,2itz,8.59000015258789,6.7244696617126465
atomblob_density_gradmag,0,2j27,3.5199999809265137,4.696863651275635
atomblob_density_gradmag,0,2j2u,7.329999923706055,6.512393474578857
atomblob_density_gradmag,0,2j34,7.820000171661377,7.214391231536865
atomblob_density_gradmag,0,2j4i,9.0,7.0109052658081055
atomblob_density_gradmag,0,2j62,11.34000015258789,7.566526889801025
atomblob_density_gradmag,0,2j94,6.269999980926514,6.994346618652344
atomblob_density_gradmag,0,2j95,8.399999618530273,7.243861675262451
atomblob_density_gradmag,0,2jds,8.199999809265137,7.919306755065918
atomblob_density_gradmag,0,2jdv,8.199999809265137,9.039690017700195
atomblob_density_gradmag,0,2jh0,8.699999809265137,7.016451835632324
atomblob_density_gradmag,0,2jh5,6.440000057220459,6.277268409729004
atomblob_density_gradmag,0,2jh6,7.769999980926514,6.895263671875
atomblob_density_gradmag,0,2jkh,8.050000190734863,7.0359368324279785
atomblob_density_gradmag,0,2ohl,3.049999952316284,3.4198527336120605
atomblob_density_gradmag,0,2ojg,5.639999866485596,6.12416934967041
atomblob_density_gradmag,0,2oji,7.070000171661377,6.4036054611206055
atomblob_density_gradmag,0,2ojj,8.699999809265137,7.416831970214844
atomblob_density_gradmag,0,2oxn,7.440000057220459,4.832253456115723
atomblob_density_gradmag,0,2p16,10.100000381469727,6.733150005340576
atomblob_density_gradmag,0,2p4j,8.960000038146973,7.65736198425293
atomblob_density_gradmag,0,2p93,8.819999694824219,6.707571029663086
atomblob_density_gradmag,0,2p94,9.170000076293945,6.978577136993408
atomblob_density_gradmag,0,2p95,9.369999885559082,6.427807331085205
atomblob_density_gradmag,0,2pgz,5.739999771118164,6.527118682861328
atomblob_density_gradmag,0,2psx,5.769999980926514,6.400876998901367
atomblob_density_gradmag,0,2qmg,9.149999618530273,8.285284042358398
atomblob_density_gradmag,0,2qrk,4.260000228881836,4.528473854064941
atomblob_density_gradmag,0,2qrl,4.0,3.7134480476379395
atomblob_density_gradmag,0,2r2m,7.329999923706055,6.831571578979492
atomblob_density_gradmag,0,2r2w,4.46999979019165,5.703010559082031
atomblob_density_gradmag,0,2r5b,8.600000381469727,6.167217254638672
atomblob_density_gradmag,0,2r5d,10.149999618530273,6.317888259887695
atomblob_density_gradmag,0,2rcb,6.789999961853027,4.328725337982178
atomblob_density_gradmag,0,2rin,4.0,5.667887210845947
atomblob_density_gradmag,0,2uwd,8.350000381469727,7.778384208679199
atomblob_density_gradmag,0,2uwl,8.399999618530273,6.634754657745361
atomblob_density_gradmag,0,2uwo,8.699999809265137,7.054791450500488
atomblob_density_gradmag,0,2uwp,6.809999942779541,6.7970170974731445
atomblob_density_gradmag,0,2v2c,3.4100000858306885,3.797137975692749
atomblob_density_gradmag,0,2v2h,3.7699999809265137,4.791391372680664
atomblob_density_gradmag,0,2vc9,8.4399995803833,6.130690574645996
atomblob_density_gradmag,0,2vcb,5.260000228881836,6.6599016189575195
atomblob_density_gradmag,0,2vkm,8.739999771118164,9.07086181640625
atomblob_density_gradmag,0,2vvc,8.520000457763672,7.349509239196777
atomblob_density_gradmag,0,2vvn,7.300000190734863,6.8403401374816895
atomblob_density_gradmag,0,2vvs,7.340000152587891,5.799198627471924
atomblob_density_gradmag,0,2w26,9.399999618530273,6.805419921875
atomblob_density_gradmag,0,2w66,4.050000190734863,6.098025321960449
atomblob_density_gradmag,0,2w67,4.960000038146973,6.175107955932617
atomblob_density_gradmag,0,2w8f,6.300000190734863,5.724157333374023
atomblob_density_gradmag,0,2w8g,6.0,5.603695869445801
atomblob_density_gradmag,0,2w9h,6.369999885559082,5.974908828735352
atomblob_density_gradmag,0,2wb5,9.130000114440918,6.4512939453125
atomblob_density_gradmag,0,2wd7,4.96999979019165,4.491332054138184
atomblob_density_gradmag,0,2wn9,8.520000457763672,4.901547908782959
atomblob_density_gradmag,0,2wnc,6.320000171661377,6.030300617218018
atomblob_density_gradmag,0,2wnj,6.480000019073486,5.167654037475586
atomblob_density_gradmag,0,2wnl,6.0,4.091393947601318
atomblob_density_gradmag,0,2wtv,8.739999771118164,7.623246192932129
atomblob_density_gradmag,0,2wtw,8.1899995803833,7.8905792236328125
atomblob_density_gradmag,0,2x00,11.329999923706055,7.332752227783203
atomblob_density_gradmag,0,2xab,9.270000457763672,6.44905424118042
atomblob_density_gradmag,0,2xah,3.549999952316284,6.521691799163818
atomblob_density_gradmag,0,2xaj,3.7699999809265137,6.245138168334961
atomblob_density_gradmag,0,2xaq,5.960000038146973,6.191886901855469
atomblob_density_gradmag,0,2xas,5.889999866485596,6.803688049316406
atomblob_density_gradmag,0,2xde,5.46999979019165,5.721096038818359
atomblob_density_gradmag,0,2xdk,3.5999999046325684,5.16949987411499
atomblob_density_gradmag,0,2xdl,3.0999999046325684,6.1835174560546875
atomblob_density_gradmag,0,2xdx,6.460000038146973,6.2032270431518555
atomblob_density_gradmag,0,2xhr,8.319999694824219,6.500117778778076
atomblob_density_gradmag,0,2xht,5.960000038146973,5.7359490394592285
atomblob_density_gradmag,0,2xhx,6.599999904632568,5.922076225280762
atomblob_density_gradmag,0,2xj1,7.550000190734863,6.906765460968018
atomblob_density_gradmag,0,2xj2,7.179999828338623,7.276821613311768
atomblob_density_gradmag,0,2xjg,7.820000171661377,6.647522926330566
atomblob_density_gradmag,0,2xjj,6.510000228881836,7.228721618652344
atomblob_density_gradmag,0,2xjx,9.149999618530273,6.229478359222412
atomblob_density_gradmag,0,2xm1,5.070000171661377,5.745570182800293
atomblob_density_gradmag,0,2xm2,4.619999885559082,5.6176838874816895
atomblob_density_gradmag,0,2xmy,9.960000038146973,6.806504249572754
atomblob_density_gradmag,0,2xnb,6.829999923706055,7.679832458496094
atomblob_density_gradmag,0,2xpk,11.300000190734863,7.372655868530273
atomblob_density_gradmag,0,2xys,7.420000076293945,6.0847673416137695
atomblob_density_gradmag,0,2xyt,6.289999961853027,6.5629730224609375
atomblob_density_gradmag,0,2xz5,4.010000228881836,4.4310503005981445
atomblob_density_gradmag,0,2y54,4.699999809265137,5.239933967590332
atomblob_density_gradmag,0,2y56,6.510000228881836,6.535595893859863
atomblob_density_gradmag,0,2y57,6.889999866485596,6.882597923278809
atomblob_density_gradmag,0,2y58,5.5,6.364520072937012
atomblob_density_gradmag,0,2y8l,5.820000171661377,5.594805717468262
atomblob_density_gradmag,0,2y8q,5.820000171661377,5.663880348205566
atomblob_density_gradmag,0,2y9q,6.150000095367432,4.519311904907227
atomblob_density_gradmag,0,2ygf,5.090000152587891,6.718791961669922
atomblob_density_gradmag,0,2yi5,7.409999847412109,6.878884315490723
atomblob_density_gradmag,0,2yix,8.479999542236328,8.697711944580078
atomblob_density_gradmag,0,2yk1,8.130000114440918,5.684126853942871
atomblob_density_gradmag,0,2yki,9.460000038146973,8.183140754699707
atomblob_density_gradmag,0,2yme,7.659999847412109,5.217815399169922
atomblob_density_gradmag,0,2z6w,7.869999885559082,5.0281171798706055
atomblob_density_gradmag,0,2zaz,6.400000095367432,6.248013019561768
atomblob_density_gradmag,0,2zb0,6.619999885559082,6.366734504699707
atomblob_density_gradmag,0,2zb1,6.320000171661377,6.775228500366211
atomblob_density_gradmag,0,2zc9,6.739999771118164,7.165869235992432
atomblob_density_gradmag,0,2zda,8.399999618530273,6.991414546966553
atomblob_density_gradmag,0,2zdk,6.369999885559082,6.2482075691223145
atomblob_density_gradmag,0,2zdl,6.400000095367432,6.067909240722656
atomblob_density_gradmag,0,2zdm,6.409999847412109,6.537356376647949
atomblob_density_gradmag,0,2zdn,6.25,6.571602821350098
atomblob_density_gradmag,0,2zfp,5.170000076293945,6.263068199157715
atomblob_density_gradmag,0,2zfs,6.539999961853027,6.291033744812012
atomblob_density_gradmag,0,2zft,6.519999980926514,6.500852584838867
atomblob_density_gradmag,0,2zgx,6.739999771118164,6.239784240722656
atomblob_density_gradmag,0,2zhd,6.539999961853027,6.2725090980529785
atomblob_density_gradmag,0,2zju,5.809999942779541,5.32253885269165
atomblob_density_gradmag,0,2zjv,5.139999866485596,5.389960289001465
atomblob_density_gradmag,0,2zmd,7.010000228881836,5.8643269538879395
atomblob_density_gradmag,0,2zq1,6.619999885559082,6.359786033630371
atomblob_density_gradmag,0,2zq2,6.559999942779541,6.5170578956604
atomblob_density_gradmag,0,3a2c,6.900000095367432,6.1294121742248535
atomblob_density_gradmag,0,3ag9,8.050000190734863,5.176458358764648
atomblob_density_gradmag,0,3agl,7.800000190734863,6.027553081512451
atomblob_density_gradmag,0,3agm,9.09000015258789,5.269425392150879
atomblob_density_gradmag,0,3ama,6.53000020980835,6.787514686584473
atomblob_density_gradmag,0,3amb,6.179999828338623,7.3809123039245605
atomblob_density_gradmag,0,3anq,6.739999771118164,6.12150239944458
atomblob_density_gradmag,0,3axz,3.430000066757202,6.486340522766113
atomblob_density_gradmag,0,3ay0,3.0399999618530273,5.472815036773682
atomblob_density_gradmag,0,3b24,4.380000114440918,5.396384239196777
atomblob_density_gradmag,0,3b25,6.070000171661377,6.136810302734375
atomblob_density_gradmag,0,3b26,6.639999866485596,6.829562664031982
atomblob_density_gradmag,0,3b27,5.159999847412109,6.6443095207214355
atomblob_density_gradmag,0,3b28,8.470000267028809,7.599041938781738
atomblob_density_gradmag,0,3bex,5.570000171661377,5.827502250671387
atomblob_density_gradmag,0,3bf1,2.5199999809265137,5.127417087554932
atomblob_density_gradmag,0,3bft,6.489999771118164,5.970041275024414
atomblob_density_gradmag,0,3bfu,6.269999980926514,6.065948963165283
atomblob_density_gradmag,0,3bgq,7.960000038146973,7.165989875793457
atomblob_density_gradmag,0,3bgz,6.260000228881836,6.6468634605407715
atomblob_density_gradmag,0,3bmn,4.460000038146973,4.206187725067139
atomblob_density_gradmag,0,3bmo,5.269999980926514,5.675650119781494
atomblob_density_gradmag,0,3bmq,5.489999771118164,5.565942764282227
atomblob_density_gradmag,0,3bv9,5.360000133514404,7.226773262023926
atomblob_density_gradmag,0,3bwj,6.5,6.852185249328613
atomblob_density_gradmag,0,3c39,3.9600000381469727,4.231630325317383
atomblob_density_gradmag,0,3c49,7.150000095367432,7.08131742477417
atomblob_density_gradmag,0,3c4h,5.699999809265137,5.882525444030762
atomblob_density_gradmag,0,3c79,7.199999809265137,5.186944961547852
atomblob_density_gradmag,0,3c84,7.849999904632568,7.063020706176758
atomblob_density_gradmag,0,3ce0,6.150000095367432,5.138179779052734
atomblob_density_gradmag,0,3cen,8.260000228881836,6.9283294677734375
atomblob_density_gradmag,0,3cfn,5.0,5.906704902648926
atomblob_density_gradmag,0,3ckp,6.349999904632568,7.330760478973389
atomblob_density_gradmag,0,3ckr,5.300000190734863,7.0540947914123535
atomblob_density_gradmag,0,3ckz,8.720000267028809,5.828307628631592
atomblob_density_gradmag,0,3cl0,7.070000171661377,5.224664211273193
atomblob_density_gradmag,0,3cl2,7.590000152587891,5.687612533569336
atomblob_density_gradmag,0,3cow,6.900000095367432,7.458660125732422
atomblob_density_gradmag,0,3coy,6.019999980926514,7.331335067749023
atomblob_density_gradmag,0,3coz,5.570000171661377,6.865512847900391
atomblob_density_gradmag,0,3cs7,10.680000305175781,7.263787269592285
atomblob_density_gradmag,0,3d7z,7.920000076293945,7.347809314727783
atomblob_density_gradmag,0,3d83,8.359999656677246,6.784611701965332
atomblob_density_gradmag,0,3d94,6.800000190734863,9.304235458374023
atomblob_density_gradmag,0,3d9v,8.220000267028809,7.333725929260254
atomblob_density_gradmag,0,3da9,5.510000228881836,5.889675140380859
atomblob_density_gradmag,0,3dnd,4.800000190734863,5.810605049133301
atomblob_density_gradmag,0,3dne,5.21999979019165,5.819485664367676
atomblob_density_gradmag,0,3dux,7.0,6.767651081085205
atomblob_density_gradmag,0,3e64,7.110000133514404,6.946333885192871
atomblob_density_gradmag,0,3e92,8.0,7.244712829589844
atomblob_density_gradmag,0,3e93,8.850000381469727,7.390021800994873
atomblob_density_gradmag,0,3ebo,4.71999979019165,4.914590835571289
atomblob_density_gradmag,0,3ebp,5.909999847412109,5.850678443908691
atomblob_density_gradmag,0,3egk,4.659999847412109,5.834179401397705
atomblob_density_gradmag,0,3eig,7.679999828338623,7.139915943145752
atomblob_density_gradmag,0,3eko,6.699999809265137,5.354740619659424
atomblob_density_gradmag,0,3ekr,7.519999980926514,5.98776912689209
atomblob_density_gradmag,0,3emg,8.050000190734863,7.363855361938477
atomblob_density_gradmag,0,3f0r,6.889999866485596,5.239324569702148
atomblob_density_gradmag,0,3f68,5.059999942779541,6.044997215270996
atomblob_density_gradmag,0,3faa,8.149999618530273,7.337604522705078
atomblob_density_gradmag,0,3fat,7.639999866485596,5.751378059387207
atomblob_density_gradmag,0,3ffg,9.079999923706055,7.2319416999816895
atomblob_density_gradmag,0,3fhb,5.699999809265137,4.434924125671387
atomblob_density_gradmag,0,3fmz,8.079999923706055,7.77966833114624
atomblob_density_gradmag,0,3fqe,8.300000190734863,6.631344795227051
atomblob_density_gradmag,0,3g2v,6.519999980926514,5.609549522399902
atomblob_density_gradmag,0,3g90,6.360000133514404,6.164608001708984
atomblob_density_gradmag,0,3g9n,5.739999771118164,6.441768169403076
atomblob_density_gradmag,0,3gfw,7.570000171661377,7.055794715881348
atomblob_density_gradmag,0,3gjw,8.300000190734863,6.670511245727539
atomblob_density_gradmag,0,3gn7,8.300000190734863,5.616387367248535
atomblob_density_gradmag,0,3gs6,6.590000152587891,4.977852821350098
atomblob_density_gradmag,0,3gsm,6.480000019073486,4.799396514892578
atomblob_density_gradmag,0,3gvu,8.0,7.99208927154541
atomblob_density_gradmag,0,3gy2,5.739999771118164,4.702455520629883
atomblob_density_gradmag,0,3gy3,5.630000114440918,5.921346664428711
atomblob_density_gradmag,0,3gy4,5.099999904632568,4.365374565124512
atomblob_density_gradmag,0,3hl7,7.639999866485596,6.905861854553223
atomblob_density_gradmag,0,3hmo,7.519999980926514,7.237207412719727
atomblob_density_gradmag,0,3hmp,5.489999771118164,5.55728816986084
atomblob_density_gradmag,0,3hrf,4.989999771118164,4.557228088378906
atomblob_density_gradmag,0,3huc,5.989999771118164,5.212982177734375
atomblob_density_gradmag,0,3i25,8.510000228881836,8.206584930419922
atomblob_density_gradmag,0,3i4b,8.149999618530273,7.859807014465332
atomblob_density_gradmag,0,3i5z,8.699999809265137,8.515338897705078
atomblob_density_gradmag,0,3i60,8.699999809265137,7.868149757385254
atomblob_density_gradmag,0,3imc,2.9600000381469727,4.68633508682251
atomblob_density_gradmag,0,3ime,3.0,3.869152545928955
atomblob_density_gradmag,0,3img,2.9600000381469727,4.74446439743042
atomblob_density_gradmag,0,3io7,7.769999980926514,6.98903751373291
atomblob_density_gradmag,0,3iob,3.4200000762939453,6.5947184562683105
atomblob_density_gradmag,0,3ioc,3.680000066757202,6.648904800415039
atomblob_density_gradmag,0,3iod,4.099999904632568,6.894750595092773
atomblob_density_gradmag,0,3ioe,3.2699999809265137,6.656195163726807
atomblob_density_gradmag,0,3iok,7.960000038146973,7.2092437744140625
atomblob_density_gradmag,0,3iph,7.599999904632568,7.5846052169799805
atomblob_density_gradmag,0,3iub,4.539999961853027,6.91953706741333
atomblob_density_gradmag,0,3iue,5.820000171661377,7.388871192932129
atomblob_density_gradmag,0,3ivc,4.119999885559082,6.463038444519043
atomblob_density_gradmag,0,3ivg,4.300000190734863,5.858433723449707
atomblob_density_gradmag,0,3ivx,5.739999771118164,7.099891662597656
atomblob_density_gradmag,0,3jq7,5.920000076293945,4.640693187713623
atomblob_density_gradmag,0,3jq8,4.460000038146973,4.110311985015869
atomblob_density_gradmag,0,3jq9,6.400000095367432,5.7522454261779785
atomblob_density_gradmag,0,3jqa,4.460000038146973,4.815520286560059
atomblob_density_gradmag,0,3jqb,6.019999980926514,5.234631538391113
atomblob_density_gradmag,0,3jqf,4.460000038146973,4.252906799316406
atomblob_density_gradmag,0,3jqg,4.739999771118164,5.64908504486084
atomblob_density_gradmag,0,3jvr,5.71999979019165,5.052001476287842
atomblob_density_gradmag,0,3jvs,6.539999961853027,5.080521583557129
atomblob_density_gradmag,0,3jxw,9.0,7.479806423187256
atomblob_density_gradmag,0,3jy0,8.300000190734863,6.900333881378174
atomblob_density_gradmag,0,3jy9,9.0,7.2181715965271
atomblob_density_gradmag,0,3jya,6.889999866485596,6.56047248840332
atomblob_density_gradmag,0,3k41,0.8199999928474426,3.6960625648498535
atomblob_density_gradmag,0,3k5v,6.300000190734863,7.248891353607178
atomblob_density_gradmag,0,3k97,8.0,7.575881004333496
atomblob_density_gradmag,0,3k98,9.0,6.767548084259033
atomblob_density_gradmag,0,3k99,7.21999979019165,6.775573253631592
atomblob_density_gradmag,0,3kcf,7.460000038146973,7.303770542144775
atomblob_density_gradmag,0,3kck,9.100000381469727,7.457197189331055
atomblob_density_gradmag,0,3kgu,5.920000076293945,4.936741352081299
atomblob_density_gradmag,0,3khv,1.850000023841858,3.9074785709381104
atomblob_density_gradmag,0,3kjd,8.539999961853027,6.157948970794678
atomblob_density_gradmag,0,3kqb,9.300000190734863,7.777341842651367
atomblob_density_gradmag,0,3kqc,8.65999984741211,7.738676071166992
atomblob_density_gradmag,0,3kqd,9.399999618530273,7.6772565841674805
atomblob_density_gradmag,0,3kqe,8.09000015258789,7.603925704956055
atomblob_density_gradmag,0,3kr8,8.100000381469727,8.17453384399414
atomblob_density_gradmag,0,3l1s,8.699999809265137,7.611398696899414
atomblob_density_gradmag,0,3l3l,7.480000019073486,5.525089263916016
atomblob_density_gradmag,0,3l3m,8.220000267028809,5.88595724105835
atomblob_density_gradmag,0,3lbl,7.440000057220459,6.562858581542969
atomblob_density_gradmag,0,3ldq,5.360000133514404,5.030860900878906
atomblob_density_gradmag,0,3le8,6.070000171661377,6.44187068939209
atomblob_density_gradmag,0,3lhj,9.510000228881836,7.366148948669434
atomblob_density_gradmag,0,3liw,7.599999904632568,6.246102333068848
atomblob_density_gradmag,0,3ljj,6.519999980926514,5.8579912185668945
atomblob_density_gradmag,0,3ljo,6.619999885559082,5.777993202209473
atomblob_density_gradmag,0,3m35,7.21999979019165,6.509807109832764
atomblob_density_gradmag,0,3m36,9.819999694824219,7.4004011154174805
atomblob_density_gradmag,0,3m37,9.039999961853027,7.391885757446289
atomblob_density_gradmag,0,3miy,7.679999828338623,6.358147621154785
atomblob_density_gradmag,0,3mj1,7.820000171661377,6.456238746643066
atomblob_density_gradmag,0,3ms9,5.21999979019165,5.1702070236206055
atomblob_density_gradmag,0,3mss,4.659999847412109,4.244964122772217
atomblob_density_gradmag,0,3myg,10.699999809265137,7.164708614349365
atomblob_density_gradmag,0,3n0h,6.210000038146973,6.217440605163574
atomblob_density_gradmag,0,3n1c,5.21999979019165,4.387984752655029
atomblob_density_gradmag,0,3nex,6.0,6.841963768005371
atomblob_density_gradmag,0,3nga,8.0,6.857156753540039
atomblob_density_gradmag,0,3nk8,3.0,5.7509918212890625
atomblob_density_gradmag,0,3nkk,4.699999809265137,6.171270370483398
atomblob_density_gradmag,0,3nmq,9.699999809265137,7.480870246887207
atomblob_density_gradmag,0,3nsn,7.190000057220459,6.063164710998535
atomblob_density_gradmag,0,3nyn,6.0,6.1194586753845215
atomblob_density_gradmag,0,3o2m,4.800000190734863,6.330533027648926
atomblob_density_gradmag,0,3oaf,8.800000190734863,6.143909454345703
atomblob_density_gradmag,0,3oap,6.260000228881836,6.144339084625244
atomblob_density_gradmag,0,3ozj,5.110000133514404,5.528840065002441
atomblob_density_gradmag,0,3ozp,6.619999885559082,6.151330947875977
atomblob_density_gradmag,0,3p17,4.480000019073486,6.700394630432129
atomblob_density_gradmag,0,3pd2,5.46999979019165,6.722622394561768
atomblob_density_gradmag,0,3pd3,4.440000057220459,7.353605270385742
atomblob_density_gradmag,0,3pd4,4.480000019073486,6.788739204406738
atomblob_density_gradmag,0,3pe1,9.649999618530273,7.044851779937744
atomblob_density_gradmag,0,3po1,4.019999980926514,5.941890239715576
atomblob_density_gradmag,0,3pqz,4.460000038146973,6.762997627258301
atomblob_density_gradmag,0,3pxq,4.429999828338623,7.124078750610352
atomblob_density_gradmag,0,3pyy,6.860000133514404,6.427126884460449
atomblob_density_gradmag,0,3qdd,8.770000457763672,7.80339241027832
atomblob_density_gradmag,0,3qem,7.21999979019165,6.864518165588379
atomblob_density_gradmag,0,3qfy,6.119999885559082,5.344725131988525
atomblob_density_gradmag,0,3qfz,3.240000009536743,5.465003967285156
atomblob_density_gradmag,0,3qgw,5.889999866485596,6.335844039916992
atomblob_density_gradmag,0,3qgy,7.800000190734863,6.4885640144348145
atomblob_density_gradmag,0,3qto,4.130000114440918,6.994739532470703
atomblob_density_gradmag,0,3qtv,4.650000095367432,6.835371017456055
atomblob_density_gradmag,0,3que,8.819999694824219,7.865862846374512
atomblob_density_gradmag,0,3qwc,4.260000228881836,6.5373382568359375
atomblob_density_gradmag,0,3qx5,4.199999809265137,7.533822059631348
atomblob_density_gradmag,0,3r4m,5.920000076293945,5.576539039611816
atomblob_density_gradmag,0,3r4n,6.889999866485596,6.35418176651001
atomblob_density_gradmag,0,3r4o,8.149999618530273,8.050127983093262
atomblob_density_gradmag,0,3r4p,7.960000038146973,7.526775360107422
atomblob_density_gradmag,0,3r5m,4.340000152587891,6.245197296142578
atomblob_density_gradmag,0,3rlp,7.079999923706055,5.673561096191406
atomblob_density_gradmag,0,3rlq,7.400000095367432,7.295546531677246
atomblob_density_gradmag,0,3rlr,7.519999980926514,7.427961349487305
atomblob_density_gradmag,0,3roc,8.1899995803833,6.591294765472412
atomblob_density_gradmag,0,3rsx,4.409999847412109,5.302420139312744
atomblob_density_gradmag,0,3rth,5.210000038146973,5.8570356369018555
atomblob_density_gradmag,0,3rtm,4.420000076293945,5.510761260986328
atomblob_density_gradmag,0,3rwp,9.220000267028809,7.819540500640869
atomblob_density_gradmag,0,3rwq,7.460000038146973,7.129575729370117
atomblob_density_gradmag,0,3s3v,6.230000019073486,6.5179548263549805
atomblob_density_gradmag,0,3s6t,7.349999904632568,5.468257427215576
atomblob_density_gradmag,0,3s74,8.399999618530273,4.726237773895264
atomblob_density_gradmag,0,3sha,5.590000152587891,6.919764041900635
atomblob_density_gradmag,0,3shc,5.71999979019165,5.982702255249023
atomblob_density_gradmag,0,3si3,4.159999847412109,6.654394149780273
atomblob_density_gradmag,0,3si4,3.880000114440918,6.773347854614258
atomblob_density_gradmag,0,3sur,4.150000095367432,6.560750484466553
atomblob_density_gradmag,0,3sus,4.150000095367432,5.997653007507324
atomblob_density_gradmag,0,3sut,7.849999904632568,6.062606334686279
atomblob_density_gradmag,0,3suu,8.520000457763672,6.102989673614502
atomblob_density_gradmag,0,3suv,4.550000190734863,5.687966346740723
atomblob_density_gradmag,0,3suw,4.699999809265137,5.582651138305664
atomblob_density_gradmag,0,3sv2,4.190000057220459,6.624707221984863
atomblob_density_gradmag,0,3tdh,4.260000228881836,4.905318260192871
atomblob_density_gradmag,0,3te5,4.909999847412109,5.661229133605957
atomblob_density_gradmag,0,3tu1,6.599999904632568,6.769796371459961
atomblob_density_gradmag,0,3tu7,8.09000015258789,7.162563800811768
atomblob_density_gradmag,0,3tzm,7.769999980926514,7.486069679260254
atomblob_density_gradmag,0,3u8j,8.510000228881836,6.663578987121582
atomblob_density_gradmag,0,3u8k,8.65999984741211,6.362155914306641
atomblob_density_gradmag,0,3u8l,8.050000190734863,5.913997650146484
atomblob_density_gradmag,0,3u9n,7.0,7.555662631988525
atomblob_density_gradmag,0,3udh,2.8499999046325684,4.45886754989624
atomblob_density_gradmag,0,3ug2,8.25,5.868663787841797
atomblob_density_gradmag,0,3unz,7.800000190734863,6.537020206451416
atomblob_density_gradmag,0,3uo4,6.519999980926514,6.779826641082764
atomblob_density_gradmag,0,3uo5,7.409999847412109,6.19285774230957
atomblob_density_gradmag,0,3uo6,7.820000171661377,6.799962043762207
atomblob_density_gradmag,0,3uod,7.309999942779541,7.074576377868652
atomblob_density_gradmag,0,3uoj,7.289999961853027,6.672614574432373
atomblob_density_gradmag,0,3up2,7.400000095367432,7.014216899871826
atomblob_density_gradmag,0,3uvk,6.800000190734863,5.967694282531738
atomblob_density_gradmag,0,3uvw,5.170000076293945,5.670914649963379
atomblob_density_gradmag,0,3uvx,4.340000152587891,5.913471221923828
atomblob_density_gradmag,0,3v3b,7.260000228881836,6.388944625854492
atomblob_density_gradmag,0,3vha,7.400000095367432,7.249974250793457
atomblob_density_gradmag,0,3vhc,8.890000343322754,7.546581745147705
atomblob_density_gradmag,0,3vhd,9.279999732971191,7.523624420166016
atomblob_density_gradmag,0,3vtr,5.570000171661377,5.568387985229492
atomblob_density_gradmag,0,3wb4,4.440000057220459,4.455902099609375
atomblob_density_gradmag,0,3wb5,4.570000171661377,4.0306925773620605
atomblob_density_gradmag,0,3wha,9.319999694824219,7.414145469665527
atomblob_density_gradmag,0,3wth,6.289999961853027,5.796511650085449
atomblob_density_gradmag,0,3wti,5.900000095367432,5.167388916015625
atomblob_density_gradmag,0,3wtj,6.53000020980835,6.118241310119629
atomblob_density_gradmag,0,3wtl,7.039999961853027,5.344978332519531
atomblob_density_gradmag,0,3wtm,7.0,5.9293212890625
atomblob_density_gradmag,0,3wtn,7.039999961853027,7.080101013183594
atomblob_density_gradmag,0,3wto,6.920000076293945,6.492397308349609
atomblob_density_gradmag,0,3x1k,3.5899999141693115,6.044296741485596
atomblob_density_gradmag,0,3zdg,7.099999904632568,6.37009334564209
atomblob_density_gradmag,0,3zdh,7.349999904632568,6.799632549285889
atomblob_density_gradmag,0,3zh8,6.46999979019165,7.58229923248291
atomblob_density_gradmag,0,3zmm,9.140000343322754,7.494753360748291
atomblob_density_gradmag,0,3zmu,4.300000190734863,6.242903232574463
atomblob_density_gradmag,0,3zmv,4.260000228881836,6.340425491333008
atomblob_density_gradmag,0,3zos,8.890000343322754,8.562813758850098
atomblob_density_gradmag,0,4a6l,8.0,6.484594345092773
atomblob_density_gradmag,0,4a7j,7.0,5.639780044555664
atomblob_density_gradmag,0,4ab8,3.869999885559082,4.786350250244141
atomblob_density_gradmag,0,4ab9,3.3299999237060547,4.766905784606934
atomblob_density_gradmag,0,4aba,3.819999933242798,6.055656433105469
atomblob_density_gradmag,0,4abb,4.510000228881836,5.613101005554199
atomblob_density_gradmag,0,4abd,4.400000095367432,5.048447608947754
atomblob_density_gradmag,0,4abe,3.4000000953674316,5.232460021972656
atomblob_density_gradmag,0,4abg,3.569999933242798,4.627056121826172
atomblob_density_gradmag,0,4abh,4.150000095367432,4.943647861480713
atomblob_density_gradmag,0,4abj,7.46999979019165,6.316206455230713
atomblob_density_gradmag,0,4acm,6.679999828338623,6.795754909515381
atomblob_density_gradmag,0,4afg,8.300000190734863,5.8699493408203125
atomblob_density_gradmag,0,4aft,6.46999979019165,6.688532829284668
atomblob_density_gradmag,0,4aj1,3.109999895095825,4.211052417755127
atomblob_density_gradmag,0,4aj2,2.380000114440918,3.873713493347168
atomblob_density_gradmag,0,4aj4,3.890000104904175,5.086399078369141
atomblob_density_gradmag,0,4aji,3.549999952316284,6.138315200805664
atomblob_density_gradmag,0,4ajk,3.109999895095825,5.1295695304870605
atomblob_density_gradmag,0,4ajl,3.799999952316284,5.149570465087891
atomblob_density_gradmag,0,4ajn,7.159999847412109,7.572238445281982
atomblob_density_gradmag,0,4ajo,7.03000020980835,7.553550720214844
atomblob_density_gradmag,0,4al4,6.889999866485596,7.662781715393066
atomblob_density_gradmag,0,4alx,7.28000020980835,6.257218837738037
atomblob_density_gradmag,0,4axd,4.429999828338623,6.389529705047607
atomblob_density_gradmag,0,4az2,7.329999923706055,6.970318794250488
atomblob_density_gradmag,0,4az5,5.989999771118164,5.679427623748779
atomblob_density_gradmag,0,4az6,9.100000381469727,5.935941219329834
atomblob_density_gradmag,0,4azb,7.239999771118164,5.83791971206665
atomblob_density_gradmag,0,4aze,8.109999656677246,7.041618824005127
atomblob_density_gradmag,0,4azf,6.349999904632568,6.42176628112793
atomblob_density_gradmag,0,4azg,7.099999904632568,5.696489334106445
atomblob_density_gradmag,0,4azi,7.449999809265137,6.648618698120117
atomblob_density_gradmag,0,4b05,7.579999923706055,6.653144836425781
atomblob_density_gradmag,0,4b2i,3.0,4.139680862426758
atomblob_density_gradmag,0,4b2l,3.240000009536743,4.184942245483398
atomblob_density_gradmag,0,4b32,3.3399999141693115,3.67579984664917
atomblob_density_gradmag,0,4b33,3.369999885559082,3.847465991973877
atomblob_density_gradmag,0,4b34,3.140000104904175,4.464503288269043
atomblob_density_gradmag,0,4b35,2.890000104904175,4.027063369750977
atomblob_density_gradmag,0,4b3c,2.680000066757202,3.770249843597412
atomblob_density_gradmag,0,4b3d,2.680000066757202,3.077725887298584
atomblob_density_gradmag,0,4b5d,7.889999866485596,5.91416072845459
atomblob_density_gradmag,0,4b7p,9.460000038146973,6.4537177085876465
atomblob_density_gradmag,0,4bi6,3.950000047683716,4.791938781738281
atomblob_density_gradmag,0,4bkj,8.720000267028809,7.584969520568848
atomblob_density_gradmag,0,4bny,7.099999904632568,8.000238418579102
atomblob_density_gradmag,0,4bqg,6.21999979019165,6.458497047424316
atomblob_density_gradmag,0,4bqt,5.789999961853027,6.031365871429443
atomblob_density_gradmag,0,4btk,6.619999885559082,6.254632949829102
atomblob_density_gradmag,0,4c9w,6.110000133514404,6.365021228790283
atomblob_density_gradmag,0,4c9x,7.320000171661377,7.11725378036499
atomblob_density_gradmag,0,4ch2,5.989999771118164,5.932146072387695
atomblob_density_gradmag,0,4ch8,5.989999771118164,4.802272319793701
atomblob_density_gradmag,0,4cki,5.960000038146973,5.512195587158203
atomblob_density_gradmag,0,4ckj,4.840000152587891,4.9310479164123535
atomblob_density_gradmag,0,4cwn,5.590000152587891,7.272950172424316
atomblob_density_gradmag,0,4cwo,5.210000038146973,6.729344844818115
atomblob_density_gradmag,0,4cwp,6.769999980926514,7.223911762237549
atomblob_density_gradmag,0,4cwq,7.059999942779541,7.2261176109313965
atomblob_density_gradmag,0,4cwr,8.300000190734863,7.439305305480957
atomblob_density_gradmag,0,4cws,7.920000076293945,7.132118225097656
atomblob_density_gradmag,0,4cwt,6.75,7.463377952575684
atomblob_density_gradmag,0,4d7b,7.679999828338623,5.889222621917725
atomblob_density_gradmag,0,4d8z,6.289999961853027,5.166886329650879
atomblob_density_gradmag,0,4daf,7.119999885559082,4.992159843444824
atomblob_density_gradmag,0,4dai,6.960000038146973,5.187835693359375
atomblob_density_gradmag,0,4db7,6.559999942779541,5.180691719055176
atomblob_density_gradmag,0,4dbm,7.619999885559082,6.174958229064941
atomblob_density_gradmag,0,4ddh,3.299999952316284,5.097670555114746
atomblob_density_gradmag,0,4ddk,2.2899999618530273,4.711615562438965
atomblob_density_gradmag,0,4ddm,2.4600000381469727,4.485082626342773
atomblob_density_gradmag,0,4de5,3.1500000953674316,4.208847999572754
atomblob_density_gradmag,0,4dfu,4.599999904632568,4.759366512298584
atomblob_density_gradmag,0,4dju,5.440000057220459,5.492729187011719
atomblob_density_gradmag,0,4djv,6.71999979019165,6.472853183746338
atomblob_density_gradmag,0,4djw,6.28000020980835,6.012514114379883
atomblob_density_gradmag,0,4djx,7.230000019073486,6.58803653717041
atomblob_density_gradmag,0,4djy,8.270000457763672,6.3418731689453125
atomblob_density_gradmag,0,4dlj,5.920000076293945,7.435223579406738
atomblob_density_gradmag,0,4dn0,5.71999979019165,5.833869457244873
atomblob_density_gradmag,0,4duh,5.179999828338623,7.720517635345459
atomblob_density_gradmag,0,4e0x,7.119999885559082,5.9198431968688965
atomblob_density_gradmag,0,4e5w,7.659999847412109,7.465534210205078
atomblob_density_gradmag,0,4e6d,8.920000076293945,7.677620887756348
atomblob_density_gradmag,0,4e6q,8.359999656677246,7.174480438232422
atomblob_density_gradmag,0,4ef4,5.349999904632568,5.474518775939941
atomblob_density_gradmag,0,4ef6,2.9200000762939453,4.9088454246521
atomblob_density_gradmag,0,4efk,2.490000009536743,5.506341934204102
atomblob_density_gradmag,0,4elb,8.300000190734863,7.014675140380859
atomblob_density_gradmag,0,4ele,7.880000114440918,7.092373847961426
atomblob_density_gradmag,0,4elf,8.029999732971191,7.523130893707275
atomblob_density_gradmag,0,4elg,8.15999984741211,7.268343925476074
atomblob_density_gradmag,0,4elh,8.09000015258789,7.102531433105469
atomblob_density_gradmag,0,4erf,9.399999618530273,6.463079452514648
atomblob_density_gradmag,0,4etz,6.300000190734863,5.276546478271484
atomblob_density_gradmag,0,4eu0,6.400000095367432,5.446108818054199
atomblob_density_gradmag,0,4euv,6.300000190734863,5.478950023651123
atomblob_density_gradmag,0,4f08,6.599999904632568,6.8380126953125
atomblob_density_gradmag,0,4f09,6.699999809265137,6.993185043334961
atomblob_density_gradmag,0,4f5y,5.429999828338623,5.522836208343506
atomblob_density_gradmag,0,4f9g,5.619999885559082,5.3023552894592285
atomblob_density_gradmag,0,4f9w,6.940000057220459,7.185882091522217
atomblob_density_gradmag,0,4f9y,6.739999771118164,6.918628692626953
atomblob_density_gradmag,0,4fcq,7.0,7.16340446472168
atomblob_density_gradmag,0,4fcr,9.399999618530273,7.91900110244751
atomblob_density_gradmag,0,4fev,5.420000076293945,5.65286111831665
atomblob_density_gradmag,0,4few,5.210000038146973,5.79780387878418
atomblob_density_gradmag,0,4fm7,7.239999771118164,7.669341564178467
atomblob_density_gradmag,0,4fm8,5.96999979019165,7.364655494689941
atomblob_density_gradmag,0,4fmq,5.050000190734863,4.517394065856934
atomblob_density_gradmag,0,4frs,8.770000457763672,6.755376815795898
atomblob_density_gradmag,0,4fse,7.400000095367432,6.434098243713379
atomblob_density_gradmag,0,4fsl,7.699999809265137,7.068483829498291
atomblob_density_gradmag,0,4fzj,3.1500000953674316,3.6981773376464844
atomblob_density_gradmag,0,4g5f,3.049999952316284,4.419902801513672
atomblob_density_gradmag,0,4g8m,7.889999866485596,4.646500110626221
atomblob_density_gradmag,0,4g95,7.610000133514404,6.663553237915039
atomblob_density_gradmag,0,4gfm,7.21999979019165,6.6786603927612305
atomblob_density_gradmag,0,4gid,10.770000457763672,8.02617359161377
atomblob_density_gradmag,0,4gih,8.319999694824219,7.118687152862549
atomblob_density_gradmag,0,4gkh,4.670000076293945,5.943570613861084
atomblob_density_gradmag,0,4gki,4.460000038146973,4.769558906555176
atomblob_density_gradmag,0,4gm3,9.0,7.302793502807617
atomblob_density_gradmag,0,4gm8,9.0,8.267661094665527
atomblob_density_gradmag,0,4gmy,7.550000190734863,6.83413028717041
atomblob_density_gradmag,0,4gzp,7.840000152587891,5.702144145965576
atomblob_density_gradmag,0,4gzt,7.769999980926514,5.321662902832031
atomblob_density_gradmag,0,4h1e,8.520000457763672,6.854269027709961
atomblob_density_gradmag,0,4h3f,9.0,7.373142242431641
atomblob_density_gradmag,0,4h3g,8.220000267028809,7.7770185470581055
atomblob_density_gradmag,0,4h3i,8.520000457763672,6.945112228393555
atomblob_density_gradmag,0,4h3j,7.050000190734863,7.163975238800049
atomblob_density_gradmag,0,4h3q,5.099999904632568,5.677042007446289
atomblob_density_gradmag,0,4ha5,7.239999771118164,6.146437644958496
atomblob_density_gradmag,0,4hfp,7.380000114440918,7.435673713684082
atomblob_density_gradmag,0,4hgc,10.0,6.180172920227051
atomblob_density_gradmag,0,4hge,7.920000076293945,7.480739593505859
atomblob_density_gradmag,0,4i5h,8.699999809265137,8.002937316894531
atomblob_density_gradmag,0,4i8x,2.640000104904175,4.545387268066406
atomblob_density_gradmag,0,4i9h,7.170000076293945,6.557704925537109
atomblob_density_gradmag,0,4i9u,3.859999895095825,5.617009162902832
atomblob_density_gradmag,0,4igt,7.889999866485596,6.022583961486816
atomblob_density_gradmag,0,4iq6,7.239999771118164,6.537726402282715
atomblob_density_gradmag,0,4iue,6.550000190734863,6.58786678314209
atomblob_density_gradmag,0,4iva,7.159999847412109,6.898003578186035
atomblob_density_gradmag,0,4j21,7.409999847412109,6.82625675201416
atomblob_density_gradmag,0,4j22,7.739999771118164,6.061203956604004
atomblob_density_gradmag,0,4j3l,7.800000190734863,6.789402961730957
atomblob_density_gradmag,0,4j93,4.699999809265137,4.310202598571777
atomblob_density_gradmag,0,4jfi,4.739999771118164,6.291440963745117
atomblob_density_gradmag,0,4jfj,5.679999828338623,6.59486722946167
atomblob_density_gradmag,0,4jfk,6.440000057220459,6.740871906280518
atomblob_density_gradmag,0,4jfm,5.480000019073486,6.001849174499512
atomblob_density_gradmag,0,4jia,9.220000267028809,6.900781631469727
atomblob_density_gradmag,0,4jsz,2.299999952316284,3.983814239501953
atomblob_density_gradmag,0,4k0y,7.820000171661377,6.9557905197143555
atomblob_density_gradmag,0,4k18,8.960000038146973,7.07011604309082
atomblob_density_gradmag,0,4k1b,11.520000457763672,7.6391825675964355
atomblob_density_gradmag,0,4k4j,6.119999885559082,7.670511245727539
atomblob_density_gradmag,0,4k6i,6.199999809265137,8.180826187133789
atomblob_density_gradmag,0,4kby,6.730000019073486,5.696122646331787
atomblob_density_gradmag,0,4km0,6.039999961853027,6.141097545623779
atomblob_density_gradmag,0,4km2,5.840000152587891,5.642404556274414
atomblob_density_gradmag,0,4kne,5.900000095367432,6.534506797790527
atomblob_density_gradmag,0,4ksy,8.420000076293945,7.126911163330078
atomblob_density_gradmag,0,4kzq,6.099999904632568,6.229442596435547
atomblob_density_gradmag,0,4loh,6.960000038146973,7.5299177169799805
atomblob_density_gradmag,0,4loo,8.149999618530273,7.282161235809326
atomblob_density_gradmag,0,4lop,8.149999618530273,7.270376205444336
atomblob_density_gradmag,0,4loq,8.149999618530273,7.151196479797363
atomblob_density_gradmag,0,4m0y,6.460000038146973,4.818323135375977
atomblob_density_gradmag,0,4m12,6.050000190734863,7.6384148597717285
atomblob_density_gradmag,0,4m13,6.699999809265137,7.8323893547058105
atomblob_density_gradmag,0,4m14,6.699999809265137,5.169066429138184
atomblob_density_gradmag,0,4m8e,7.889999866485596,8.0782470703125
atomblob_density_gradmag,0,4m8h,7.599999904632568,7.565631866455078
atomblob_density_gradmag,0,4mdn,6.21999979019165,7.123452186584473
atomblob_density_gradmag,0,4mdq,5.920000076293945,6.3782196044921875
atomblob_density_gradmag,0,4mq6,6.46999979019165,7.175048828125
atomblob_density_gradmag,0,4mr3,5.940000057220459,4.97490119934082
atomblob_density_gradmag,0,4mr4,5.940000057220459,5.806705474853516
atomblob_density_gradmag,0,4mue,6.699999809265137,7.031645774841309
atomblob_density_gradmag,0,4muf,6.340000152587891,6.852539539337158
atomblob_density_gradmag,0,4mul,6.210000038146973,7.088162422180176
atomblob_density_gradmag,0,4n07,6.460000038146973,6.279759407043457
atomblob_density_gradmag,0,4n4s,6.880000114440918,8.42036247253418
atomblob_density_gradmag,0,4n6y,7.039999961853027,7.9182939529418945
atomblob_density_gradmag,0,4n6z,7.800000190734863,7.25796365737915
atomblob_density_gradmag,0,4n70,12.0,8.454105377197266
atomblob_density_gradmag,0,4nct,7.550000190734863,7.395970821380615
atomblob_density_gradmag,0,4nh7,8.399999618530273,7.942758560180664
atomblob_density_gradmag,0,4nh8,8.520000457763672,7.445103645324707
atomblob_density_gradmag,0,4nj3,6.519999980926514,7.876452445983887
atomblob_density_gradmag,0,4nl1,3.890000104904175,4.872681140899658
atomblob_density_gradmag,0,4nmo,4.829999923706055,5.1033477783203125
atomblob_density_gradmag,0,4nmp,4.039999961853027,5.497307300567627
atomblob_density_gradmag,0,4nmq,4.489999771118164,4.3916916847229
atomblob_density_gradmag,0,4nms,4.940000057220459,5.4892191886901855
atomblob_density_gradmag,0,4nmt,4.849999904632568,5.227017402648926
atomblob_density_gradmag,0,4nuc,6.039999961853027,5.679953098297119
atomblob_density_gradmag,0,4nud,7.070000171661377,5.988929748535156
atomblob_density_gradmag,0,4nue,6.820000171661377,5.746206283569336
atomblob_density_gradmag,0,4nwc,5.760000228881836,5.80011510848999
atomblob_density_gradmag,0,4nxu,5.539999961853027,5.126189231872559
atomblob_density_gradmag,0,4nxv,5.420000076293945,5.158715724945068
atomblob_density_gradmag,0,4nzb,4.170000076293945,4.710707187652588
atomblob_density_gradmag,0,4o04,6.159999847412109,7.066332817077637
atomblob_density_gradmag,0,4o05,7.429999828338623,8.099946022033691
atomblob_density_gradmag,0,4o07,7.380000114440918,8.151028633117676
atomblob_density_gradmag,0,4o09,7.699999809265137,7.669358253479004
atomblob_density_gradmag,0,4o0b,8.300000190734863,7.89605712890625
atomblob_density_gradmag,0,4o3f,5.559999942779541,5.784534454345703
atomblob_density_gradmag,0,4oag,6.300000190734863,5.086740016937256
atomblob_density_gradmag,0,4oaz,5.769999980926514,6.698887825012207
atomblob_density_gradmag,0,4ocq,4.610000133514404,5.719110012054443
atomblob_density_gradmag,0,4ogi,7.429999828338623,6.008629322052002
atomblob_density_gradmag,0,4ogj,6.789999961853027,6.700889587402344
atomblob_density_gradmag,0,4os1,5.599999904632568,6.631275177001953
atomblob_density_gradmag,0,4os2,6.699999809265137,6.53182315826416
atomblob_density_gradmag,0,4os4,4.869999885559082,5.702418327331543
atomblob_density_gradmag,0,4os6,6.440000057220459,6.365902900695801
atomblob_density_gradmag,0,4os7,4.619999885559082,6.016941070556641
atomblob_density_gradmag,0,4poh,8.0,7.716118812561035
atomblob_density_gradmag,0,4poj,8.100000381469727,7.720314025878906
atomblob_density_gradmag,0,4pp3,7.820000171661377,7.840085029602051
atomblob_density_gradmag,0,4pp5,7.739999771118164,7.311151504516602
atomblob_density_gradmag,0,4pp9,7.369999885559082,6.787508964538574
atomblob_density_gradmag,0,4ppa,9.100000381469727,6.513265132904053
atomblob_density_gradmag,0,4ppb,10.0,6.496869087219238
atomblob_density_gradmag,0,4ppc,9.029999732971191,6.648736953735352
atomblob_density_gradmag,0,4pqn,9.149999618530273,6.539132595062256
atomblob_density_gradmag,0,4prj,7.139999866485596,7.06332540512085
atomblob_density_gradmag,0,4q18,6.130000114440918,7.900472640991211
atomblob_density_gradmag,0,4q19,8.050000190734863,7.919783115386963
atomblob_density_gradmag,0,4q1a,9.300000190734863,8.300869941711426
atomblob_density_gradmag,0,4q1b,8.720000267028809,8.001230239868164
atomblob_density_gradmag,0,4q1c,8.699999809265137,8.05892562866211
atomblob_density_gradmag,0,4q1d,7.78000020980835,7.876075744628906
atomblob_density_gradmag,0,4qaa,6.440000057220459,5.570338249206543
atomblob_density_gradmag,0,4qab,9.699999809265137,6.442466735839844
atomblob_density_gradmag,0,4qac,9.399999618530273,7.88630485534668
atomblob_density_gradmag,0,4qb3,5.46999979019165,5.621926784515381
atomblob_density_gradmag,0,4qd6,8.640000343322754,7.126204490661621
atomblob_density_gradmag,0,4qem,7.800000190734863,4.145957946777344
atomblob_density_gradmag,0,4qer,7.539999961853027,4.880986213684082
atomblob_density_gradmag,0,4ql1,7.03000020980835,8.0712308883667
atomblob_density_gradmag,0,4qp1,3.609999895095825,4.995890140533447
atomblob_density_gradmag,0,4qp2,3.0299999713897705,4.087570667266846
atomblob_density_gradmag,0,4qp6,3.4600000381469727,3.972137689590454
atomblob_density_gradmag,0,4qta,6.699999809265137,7.835699081420898
atomblob_density_gradmag,0,4qxo,5.510000228881836,5.880184173583984
atomblob_density_gradmag,0,4qxq,5.699999809265137,6.544857978820801
atomblob_density_gradmag,0,4qxr,6.0,5.725882053375244
atomblob_density_gradmag,0,4qy3,6.820000171661377,5.423130989074707
atomblob_density_gradmag,0,4qyy,7.300000190734863,6.268261909484863
atomblob_density_gradmag,0,4qzs,7.050000190734863,6.987566947937012
atomblob_density_gradmag,0,4r73,7.639999866485596,5.654130935668945
atomblob_density_gradmag,0,4r74,8.100000381469727,5.9958953857421875
atomblob_density_gradmag,0,4r75,7.239999771118164,6.179571151733398
atomblob_density_gradmag,0,4r8y,6.190000057220459,6.8770647048950195
atomblob_density_gradmag,0,4r91,6.369999885559082,6.990546226501465
atomblob_density_gradmag,0,4r92,7.409999847412109,6.783367156982422
atomblob_density_gradmag,0,4r93,7.800000190734863,6.728424549102783
atomblob_density_gradmag,0,4r95,7.849999904632568,7.284539699554443
atomblob_density_gradmag,0,4rak,7.849999904632568,7.140089511871338
atomblob_density_gradmag,0,4rfm,10.050000190734863,7.62144136428833
atomblob_density_gradmag,0,4rj4,7.800000190734863,7.6043267250061035
atomblob_density_gradmag,0,4rj5,7.179999828338623,6.668729305267334
atomblob_density_gradmag,0,4rj7,7.659999847412109,7.132403373718262
atomblob_density_gradmag,0,4rj8,7.769999980926514,7.647760391235352
atomblob_density_gradmag,0,4rkx,5.099999904632568,3.888888359069824
atomblob_density_gradmag,0,4rme,5.920000076293945,6.511970043182373
atomblob_density_gradmag,0,4rn6,5.099999904632568,6.573572158813477
atomblob_density_gradmag,0,4rqk,5.820000171661377,5.391440391540527
atomblob_density_gradmag,0,4rqv,5.050000190734863,5.069238185882568
atomblob_density_gradmag,0,4rr6,6.0,6.7488298416137695
atomblob_density_gradmag,0,4rra,4.869999885559082,6.453835964202881
atomblob_density_gradmag,0,4rrg,2.809999942779541,6.413130760192871
atomblob_density_gradmag,0,4rrq,5.46999979019165,6.559349536895752
atomblob_density_gradmag,0,4rrr,4.440000057220459,7.029391288757324
atomblob_density_gradmag,0,4rrv,7.400000095367432,5.338798999786377
atomblob_density_gradmag,0,4rt0,5.5,5.352391719818115
atomblob_density_gradmag,0,4rt1,6.139999866485596,6.016557693481445
atomblob_density_gradmag,0,4tqn,6.110000133514404,5.768730163574219
atomblob_density_gradmag,0,4tw6,4.210000038146973,7.225991725921631
atomblob_density_gradmag,0,4tw7,7.590000152587891,7.733353614807129
atomblob_density_gradmag,0,4twp,10.0,7.783452033996582
atomblob_density_gradmag,0,4txc,6.619999885559082,7.053433418273926
atomblob_density_gradmag,0,4ty1,9.260000228881836,7.410202980041504
atomblob_density_gradmag,0,4u7o,3.3499999046325684,5.452486038208008
atomblob_density_gradmag,0,4ue1,8.0,7.009870529174805
atomblob_density_gradmag,0,4uj1,6.519999980926514,7.183484077453613
atomblob_density_gradmag,0,4uj9,8.699999809265137,8.512983322143555
atomblob_density_gradmag,0,4ujb,8.0,7.653905868530273
atomblob_density_gradmag,0,4um1,5.769999980926514,5.583743095397949
atomblob_density_gradmag,0,4und,8.960000038146973,6.883253574371338
atomblob_density_gradmag,0,4ux9,5.099999904632568,5.6281232833862305
atomblob_density_gradmag,0,4w9o,7.769999980926514,6.976903915405273
atomblob_density_gradmag,0,4w9p,7.800000190734863,7.095670700073242
atomblob_density_gradmag,0,4w9w,7.480000019073486,6.658080101013184
atomblob_density_gradmag,0,4w9x,7.400000095367432,7.4257612228393555
atomblob_density_gradmag,0,4wa9,8.420000076293945,8.416401863098145
atomblob_density_gradmag,0,4wiv,6.260000228881836,5.870452880859375
atomblob_density_gradmag,0,4x0z,3.1500000953674316,4.710892200469971
atomblob_density_gradmag,0,4x14,2.9200000762939453,5.15687894821167
atomblob_density_gradmag,0,4x1n,6.420000076293945,6.078194618225098
atomblob_density_gradmag,0,4x1p,4.199999809265137,6.004249572753906
atomblob_density_gradmag,0,4x1r,6.400000095367432,5.960484504699707
atomblob_density_gradmag,0,4x1s,6.869999885559082,5.472516059875488
atomblob_density_gradmag,0,4x6h,7.659999847412109,6.248583793640137
atomblob_density_gradmag,0,4xip,6.630000114440918,6.282236576080322
atomblob_density_gradmag,0,4xiq,7.070000171661377,6.861083507537842
atomblob_density_gradmag,0,4xir,6.940000057220459,7.538153648376465
atomblob_density_gradmag,0,4xit,7.269999980926514,7.426237106323242
atomblob_density_gradmag,0,4xj0,9.520000457763672,6.764328479766846
atomblob_density_gradmag,0,4xk9,9.069999694824219,8.81857967376709
atomblob_density_gradmag,0,4xqa,4.989999771118164,3.27370285987854
atomblob_density_gradmag,0,4xqb,3.7899999618530273,3.48606014251709
atomblob_density_gradmag,0,4xx9,5.079999923706055,5.342416763305664
atomblob_density_gradmag,0,4y79,7.960000038146973,6.870596408843994
atomblob_density_gradmag,0,4yb6,5.320000171661377,4.371318817138672
atomblob_density_gradmag,0,4yc8,7.849999904632568,6.30377197265625
atomblob_density_gradmag,0,4yes,8.020000457763672,6.6179280281066895
atomblob_density_gradmag,0,4yk0,3.740000009536743,3.860105037689209
atomblob_density_gradmag,0,4ykk,2.7699999809265137,3.8658761978149414
atomblob_density_gradmag,0,4ytc,7.889999866485596,7.2955121994018555
atomblob_density_gradmag,0,4ytf,8.149999618530273,6.787165641784668
atomblob_density_gradmag,0,4yth,8.699999809265137,7.330604553222656
atomblob_density_gradmag,0,4yvc,5.960000038146973,6.863985061645508
atomblob_density_gradmag,0,4yve,7.0,7.0475873947143555
atomblob_density_gradmag,0,4yxo,7.039999961853027,4.169242858886719
atomblob_density_gradmag,0,4yxu,7.239999771118164,4.789440155029297
atomblob_density_gradmag,0,4z84,5.820000171661377,7.253390312194824
atomblob_density_gradmag,0,4z93,7.349999904632568,6.436263084411621
atomblob_density_gradmag,0,4zfi,6.300000190734863,6.764764785766602
atomblob_density_gradmag,0,4zgk,5.510000228881836,6.489896774291992
atomblob_density_gradmag,0,4zhm,8.050000190734863,6.555165767669678
atomblob_density_gradmag,0,4zki,2.9200000762939453,5.344697952270508
atomblob_density_gradmag,0,4zme,4.300000190734863,4.826442718505859
atomblob_density_gradmag,0,4zmf,3.9600000381469727,5.197782039642334
atomblob_density_gradmag,0,4zsh,7.050000190734863,7.18017578125
atomblob_density_gradmag,0,4ztr,8.300000190734863,8.170750617980957
atomblob_density_gradmag,0,4zzx,6.900000095367432,5.5763115882873535
atomblob_density_gradmag,0,4zzy,5.599999904632568,5.951051712036133
atomblob_density_gradmag,0,5a00,7.519999980926514,5.755100250244141
atomblob_density_gradmag,0,5a0e,6.53000020980835,6.000328540802002
atomblob_density_gradmag,0,5a14,7.300000190734863,8.040783882141113
atomblob_density_gradmag,0,5a4c,8.239999771118164,7.260065078735352
atomblob_density_gradmag,0,5a6a,7.21999979019165,5.233514785766602
atomblob_density_gradmag,0,5a6b,8.100000381469727,4.870308876037598
atomblob_density_gradmag,0,5a6i,7.25,4.541473388671875
atomblob_density_gradmag,0,5a6k,5.949999809265137,5.831278324127197
atomblob_density_gradmag,0,5a7b,3.569999933242798,5.706545829772949
atomblob_density_gradmag,0,5abe,3.049999952316284,6.492353439331055
atomblob_density_gradmag,0,5abf,4.849999904632568,6.456145286560059
atomblob_density_gradmag,0,5abg,8.050000190734863,6.706372261047363
atomblob_density_gradmag,0,5abh,8.770000457763672,6.593195915222168
atomblob_density_gradmag,0,5acy,8.1899995803833,6.629725456237793
atomblob_density_gradmag,0,5ant,6.360000133514404,7.043706893920898
atomblob_density_gradmag,0,5anu,9.399999618530273,7.02358341217041
atomblob_density_gradmag,0,5anv,9.300000190734863,7.345909118652344
atomblob_density_gradmag,0,5anw,8.520000457763672,7.137807846069336
atomblob_density_gradmag,0,5aok,2.700000047683716,5.197545528411865
atomblob_density_gradmag,0,5aom,2.9000000953674316,4.42926025390625
atomblob_density_gradmag,0,5aqf,3.7799999713897705,4.900369644165039
atomblob_density_gradmag,0,5aqg,4.510000228881836,4.945199012756348
atomblob_density_gradmag,0,5aqj,2.680000066757202,3.9312667846679688
atomblob_density_gradmag,0,5aqk,3.6500000953674316,5.2100372314453125
atomblob_density_gradmag,0,5aqn,2.7699999809265137,3.8415398597717285
atomblob_density_gradmag,0,5aqo,2.8499999046325684,3.8567028045654297
atomblob_density_gradmag,0,5aqp,2.680000066757202,3.899784564971924
atomblob_density_gradmag,0,5aqq,3.0999999046325684,4.081665992736816
atomblob_density_gradmag,0,5aqr,3.0,3.933786392211914
atomblob_density_gradmag,0,5aqt,3.509999990463257,4.8749589920043945
atomblob_density_gradmag,0,5aqu,2.9800000190734863,4.994503021240234
atomblob_density_gradmag,0,5aqv,3.430000066757202,5.523763656616211
atomblob_density_gradmag,0,5aut,5.170000076293945,6.094747066497803
atomblob_density_gradmag,0,5ayt,6.769999980926514,6.086766719818115
atomblob_density_gradmag,0,5bml,8.0,6.916678428649902
atomblob_density_gradmag,0,5boj,7.0,5.727382659912109
atomblob_density_gradmag,0,5c4k,4.559999942779541,5.092263221740723
atomblob_density_gradmag,0,5c4l,5.639999866485596,4.836935520172119
atomblob_density_gradmag,0,5c8k,7.699999809265137,7.398676872253418
atomblob_density_gradmag,0,5c8m,7.190000057220459,7.711343765258789
atomblob_density_gradmag,0,5c8n,7.550000190734863,7.920917987823486
atomblob_density_gradmag,0,5cal,7.659999847412109,7.5497822761535645
atomblob_density_gradmag,0,5can,6.909999847412109,7.556113243103027
atomblob_density_gradmag,0,5cao,7.420000076293945,7.904333114624023
atomblob_density_gradmag,0,5cap,7.28000020980835,7.912629127502441
atomblob_density_gradmag,0,5caq,8.569999694824219,7.630784034729004
atomblob_density_gradmag,0,5cas,8.850000381469727,7.938664436340332
atomblob_density_gradmag,0,5cau,8.800000190734863,7.849408149719238
atomblob_density_gradmag,0,5cbr,5.739999771118164,7.063303470611572
atomblob_density_gradmag,0,5csw,8.399999618530273,8.482507705688477
atomblob_density_gradmag,0,5csx,8.220000267028809,8.811210632324219
atomblob_density_gradmag,0,5d24,5.239999771118164,5.856262683868408
atomblob_density_gradmag,0,5d25,6.300000190734863,6.381033897399902
atomblob_density_gradmag,0,5d26,6.090000152587891,6.680897235870361
atomblob_density_gradmag,0,5d3h,5.099999904632568,6.3943705558776855
atomblob_density_gradmag,0,5d3j,5.239999771118164,6.683299541473389
atomblob_density_gradmag,0,5d3l,6.059999942779541,6.245048999786377
atomblob_density_gradmag,0,5d3n,5.039999961853027,6.427231788635254
atomblob_density_gradmag,0,5d3p,5.130000114440918,6.612072467803955
atomblob_density_gradmag,0,5d3s,5.889999866485596,6.168087005615234
atomblob_density_gradmag,0,5d3t,4.920000076293945,5.782534122467041
atomblob_density_gradmag,0,5dex,7.650000095367432,6.203941345214844
atomblob_density_gradmag,0,5dgz,7.849999904632568,7.075131416320801
atomblob_density_gradmag,0,5dhj,6.699999809265137,6.606235980987549
atomblob_density_gradmag,0,5dia,10.460000038146973,8.345922470092773
atomblob_density_gradmag,0,5dit,6.150000095367432,7.160505771636963
atomblob_density_gradmag,0,5diu,7.369999885559082,7.385247707366943
atomblob_density_gradmag,0,5div,6.849999904632568,6.871610641479492
atomblob_density_gradmag,0,5dlx,5.699999809265137,6.968183517456055
atomblob_density_gradmag,0,5dlz,5.739999771118164,5.389078140258789
atomblob_density_gradmag,0,5dqc,7.340000152587891,7.856230735778809
atomblob_density_gradmag,0,5dwr,11.220000267028809,8.06633472442627
atomblob_density_gradmag,0,5edq,8.699999809265137,7.135652542114258
atomblob_density_gradmag,0,5edr,7.460000038146973,6.79490852355957
atomblob_density_gradmag,0,5eg4,7.679999828338623,6.81483268737793
atomblob_density_gradmag,0,5egu,5.849999904632568,7.62697172164917
atomblob_density_gradmag,0,5eis,5.739999771118164,6.135652542114258
atomblob_density_gradmag,0,5ejl,6.619999885559082,6.486082553863525
atomblob_density_gradmag,0,5elv,6.800000190734863,6.060215950012207
atomblob_density_gradmag,0,5em5,6.579999923706055,6.702056884765625
atomblob_density_gradmag,0,5em6,8.399999618530273,7.0975494384765625
atomblob_density_gradmag,0,5em7,7.71999979019165,6.708221912384033
atomblob_density_gradmag,0,5eng,5.849999904632568,6.086326599121094
atomblob_density_gradmag,0,5eom,6.389999866485596,5.06672477722168
atomblob_density_gradmag,0,5ep7,5.400000095367432,4.92179012298584
atomblob_density_gradmag,0,5ew9,11.0,7.490508556365967
atomblob_density_gradmag,0,5ewk,4.849999904632568,5.113861083984375
atomblob_density_gradmag,0,5ewy,4.300000190734863,4.963781356811523
atomblob_density_gradmag,0,5f5z,7.070000171661377,7.34027099609375
atomblob_density_gradmag,0,5f60,7.369999885559082,7.763941764831543
atomblob_density_gradmag,0,5f61,7.460000038146973,7.891576766967773
atomblob_density_gradmag,0,5f62,8.170000076293945,7.714288711547852
atomblob_density_gradmag,0,5f63,7.920000076293945,7.71913480758667
atomblob_density_gradmag,0,5fcz,4.199999809265137,6.201776504516602
atomblob_density_gradmag,0,5fhn,5.900000095367432,7.283766746520996
atomblob_density_gradmag,0,5fky,8.329999923706055,6.576712608337402
atomblob_density_gradmag,0,5fl0,6.460000038146973,7.369416236877441
atomblob_density_gradmag,0,5fl1,8.489999771118164,7.185400009155273
atomblob_density_gradmag,0,5fnc,4.110000133514404,6.0666961669921875
atomblob_density_gradmag,0,5fnd,3.490000009536743,5.082619667053223
atomblob_density_gradmag,0,5fnf,3.1500000953674316,5.273232460021973
atomblob_density_gradmag,0,5fot,3.1700000762939453,5.226149559020996
atomblob_density_gradmag,0,5fsl,4.619999885559082,5.486108303070068
atomblob_density_gradmag,0,5fsm,4.400000095367432,5.274803638458252
atomblob_density_gradmag,0,5fsn,5.769999980926514,4.957563400268555
atomblob_density_gradmag,0,5fso,6.090000152587891,4.320127487182617
atomblob_density_gradmag,0,5h85,4.699999809265137,5.323544025421143
atomblob_density_gradmag,0,5hcx,8.390000343322754,8.0690336227417
atomblob_density_gradmag,0,5hcy,8.920000076293945,8.653310775756836
atomblob_density_gradmag,0,5hd0,8.399999618530273,7.15410041809082
atomblob_density_gradmag,0,5hdu,9.0,7.213219165802002
atomblob_density_gradmag,0,5hdv,7.820000171661377,6.669848442077637
atomblob_density_gradmag,0,5hdx,7.320000171661377,6.579655170440674
atomblob_density_gradmag,0,5hdz,7.349999904632568,6.750265121459961
atomblob_density_gradmag,0,5he4,7.699999809265137,6.95904016494751
atomblob_density_gradmag,0,5he5,6.46999979019165,6.890464782714844
atomblob_density_gradmag,0,5he7,8.300000190734863,6.666769981384277
atomblob_density_gradmag,0,5hes,7.539999961853027,8.554058074951172
atomblob_density_gradmag,0,5htb,6.769999980926514,6.169135093688965
atomblob_density_gradmag,0,5htc,6.820000171661377,6.310976982116699
atomblob_density_gradmag,0,5htl,6.300000190734863,5.803940773010254
atomblob_density_gradmag,0,5htz,8.619999885559082,6.988563060760498
atomblob_density_gradmag,0,5hu0,6.230000019073486,6.532412528991699
atomblob_density_gradmag,0,5hu1,8.65999984741211,6.756349563598633
atomblob_density_gradmag,0,5hu9,7.619999885559082,9.148019790649414
atomblob_density_gradmag,0,5hvu,7.889999866485596,6.939818382263184
atomblob_density_gradmag,0,5i3v,7.800000190734863,6.34559440612793
atomblob_density_gradmag,0,5i3w,9.220000267028809,6.744661331176758
atomblob_density_gradmag,0,5i3x,8.100000381469727,7.559764385223389
atomblob_density_gradmag,0,5i3y,9.399999618530273,7.673330783843994
atomblob_density_gradmag,0,5i7y,7.28000020980835,5.977999687194824
atomblob_density_gradmag,0,5i80,7.210000038146973,5.5918097496032715
atomblob_density_gradmag,0,5i88,6.599999904632568,6.2822113037109375
atomblob_density_gradmag,0,5i9y,8.550000190734863,7.597620964050293
atomblob_density_gradmag,0,5ia1,6.28000020980835,6.775765419006348
atomblob_density_gradmag,0,5ie1,6.849999904632568,5.697425365447998
atomblob_density_gradmag,0,5igk,7.380000114440918,6.79716682434082
atomblob_density_gradmag,0,5igl,7.369999885559082,5.944487571716309
atomblob_density_gradmag,0,5iis,9.0,7.819014072418213
atomblob_density_gradmag,0,5ipj,8.890000343322754,7.409605979919434
atomblob_density_gradmag,0,5izf,9.739999771118164,6.21779727935791
atomblob_density_gradmag,0,5izj,11.520000457763672,5.725059509277344
atomblob_density_gradmag,0,5j0d,6.869999885559082,6.556060314178467
atomblob_density_gradmag,0,5j20,9.140000343322754,7.6225690841674805
atomblob_density_gradmag,0,5j27,6.739999771118164,7.512680530548096
atomblob_density_gradmag,0,5j5r,6.889999866485596,5.98005485534668
atomblob_density_gradmag,0,5j64,6.849999904632568,6.999090671539307
atomblob_density_gradmag,0,5j6l,7.889999866485596,7.627348899841309
atomblob_density_gradmag,0,5j6m,8.569999694824219,7.261561393737793
atomblob_density_gradmag,0,5j6n,7.769999980926514,7.7755818367004395
atomblob_density_gradmag,0,5j82,6.0,7.350494384765625
atomblob_density_gradmag,0,5j86,8.260000228881836,7.7906293869018555
atomblob_density_gradmag,0,5j9x,7.769999980926514,7.614370346069336
atomblob_density_gradmag,0,5jq5,5.630000114440918,7.231629371643066
atomblob_density_gradmag,0,5jq8,5.699999809265137,6.9434123039245605
atomblob_density_gradmag,0,5jy3,7.920000076293945,8.62242317199707
atomblob_density_gradmag,0,5k4z,6.150000095367432,6.009024620056152
atomblob_density_gradmag,0,5khd,5.599999904632568,6.281406402587891
atomblob_density_gradmag,0,5kks,8.699999809265137,7.314461708068848
atomblob_density_gradmag,0,5kkt,9.0,7.525564670562744
atomblob_density_gradmag,0,5kq5,8.050000190734863,7.406989097595215
atomblob_density_gradmag,0,5l3a,4.889999866485596,5.641117095947266
atomblob_density_gradmag,0,5l4i,6.590000152587891,6.146327972412109
atomblob_density_gradmag,0,5ljj,7.210000038146973,7.276264190673828
atomblob_density_gradmag,0,5lny,7.380000114440918,7.78118896484375
atomblob_density_gradmag,0,5lpj,5.0,6.146524429321289
atomblob_density_gradmag,0,5lpk,5.510000228881836,6.143013000488281
atomblob_density_gradmag,0,5lpl,4.920000076293945,5.893770217895508
atomblob_density_gradmag,0,5lpm,5.559999942779541,5.772117614746094
atomblob_density_gradmag,0,5luu,5.059999942779541,5.265594482421875
atomblob_density_gradmag,0,5lvl,5.900000095367432,5.531455039978027
atomblob_density_gradmag,0,5lvn,4.699999809265137,4.92526912689209
atomblob_density_gradmag,0,5lxb,9.770000457763672,5.365543842315674
atomblob_density_gradmag,0,5mf6,4.360000133514404,4.378644943237305
atomblob_density_gradmag,0,5mi5,6.769999980926514,5.701150417327881
atomblob_density_gradmag,0,5mi7,7.110000133514404,5.781346321105957
atomblob_density_gradmag,0,5mme,5.849999904632568,5.943916320800781
atomblob_density_gradmag,0,5mmg,6.010000228881836,6.835961818695068
atomblob_density_gradmag,0,5mn1,2.4800000190734863,3.921380043029785
atomblob_density_gradmag,0,5mnb,2.4800000190734863,4.212709426879883
atomblob_density_gradmag,0,5mnc,1.309999942779541,3.933732509613037
atomblob_density_gradmag,0,5mnn,3.8399999141693115,4.353464126586914
atomblob_density_gradmag,0,5mno,3.8399999141693115,4.704131126403809
atomblob_density_gradmag,0,5mpk,8.520000457763672,6.031085014343262
atomblob_density_gradmag,0,5mpn,7.070000171661377,5.348006248474121
atomblob_density_gradmag,0,5mpz,4.070000171661377,4.168384552001953
atomblob_density_gradmag,0,5mql,5.849999904632568,7.321970462799072
atomblob_density_gradmag,0,5mqt,5.699999809265137,7.083868026733398
atomblob_density_gradmag,0,5mrb,6.329999923706055,7.784176826477051
atomblob_density_gradmag,0,5n7v,8.770000457763672,7.18012809753418
atomblob_density_gradmag,0,5n93,8.65999984741211,7.2839508056640625
atomblob_density_gradmag,0,5n9s,8.619999885559082,7.056755542755127
atomblob_density_gradmag,0,5na0,9.770000457763672,7.483277320861816
atomblob_density_gradmag,0,5nad,8.960000038146973,7.937334060668945
atomblob_density_gradmag,0,5neb,7.769999980926514,5.692129135131836
atomblob_density_gradmag,0,5nf5,6.820000171661377,4.475864410400391
atomblob_density_gradmag,0,5ng9,6.71999979019165,5.777958869934082
atomblob_density_gradmag,0,5nih,6.869999885559082,5.189467430114746
atomblob_density_gradmag,0,5nlk,7.460000038146973,6.443243980407715
atomblob_density_gradmag,0,5nne,4.710000038146973,5.060644149780273
atomblob_density_gradmag,0,5ntt,5.75,6.910902500152588
atomblob_density_gradmag,0,5nu3,6.639999866485596,6.22023868560791
atomblob_density_gradmag,0,5nu5,6.329999923706055,5.646580219268799
atomblob_density_gradmag,0,5ny6,7.869999885559082,4.974667072296143
atomblob_density_gradmag,0,5nyh,7.730000019073486,8.458086013793945
atomblob_density_gradmag,0,5nze,6.389999866485596,5.678467750549316
atomblob_density_gradmag,0,5nzf,4.03000020980835,5.75052547454834
atomblob_density_gradmag,0,5nzn,3.6600000858306885,5.757754325866699
atomblob_density_gradmag,0,5o4f,6.679999828338623,5.552377223968506
atomblob_density_gradmag,0,5o87,6.610000133514404,6.006297588348389
atomblob_density_gradmag,0,5o91,6.460000038146973,7.413714408874512
atomblob_density_gradmag,0,5oaj,6.559999942779541,4.198903560638428
atomblob_density_gradmag,0,5obg,7.130000114440918,5.773682117462158
atomblob_density_gradmag,0,5oci,8.050000190734863,7.5329999923706055
atomblob_density_gradmag,0,5odx,6.710000038146973,8.41842269897461
atomblob_density_gradmag,0,5ofu,4.199999809265137,5.725813865661621
atomblob_density_gradmag,0,5oot,7.550000190734863,6.3248677253723145
atomblob_density_gradmag,0,5op2,6.619999885559082,6.914486885070801
atomblob_density_gradmag,0,5op4,6.710000038146973,6.232180595397949
atomblob_density_gradmag,0,5op5,6.670000076293945,6.117824554443359
atomblob_density_gradmag,0,5opb,7.619999885559082,6.807183265686035
atomblob_density_gradmag,0,5opr,5.590000152587891,5.668991565704346
atomblob_density_gradmag,0,5ops,5.059999942779541,4.933806419372559
atomblob_density_gradmag,0,5opu,7.28000020980835,6.103798866271973
atomblob_density_gradmag,0,5opv,7.289999961853027,6.75316858291626
atomblob_density_gradmag,0,5oq5,7.699999809265137,6.255289077758789
atomblob_density_gradmag,0,5oq6,7.559999942779541,6.401153564453125
atomblob_density_gradmag,0,5oq7,6.489999771118164,6.602870464324951
atomblob_density_gradmag,0,5oq8,5.849999904632568,6.887557029724121
atomblob_density_gradmag,0,5orr,3.7699999809265137,5.031485080718994
atomblob_density_gradmag,0,5ort,3.049999952316284,4.772622108459473
atomblob_density_gradmag,0,5orv,2.890000104904175,4.931268692016602
atomblob_density_gradmag,0,5orw,3.0999999046325684,4.983548164367676
atomblob_density_gradmag,0,5ory,3.450000047683716,4.43363094329834
atomblob_density_gradmag,0,5orz,3.359999895095825,4.901559829711914
atomblob_density_gradmag,0,5os0,2.549999952316284,4.825486660003662
atomblob_density_gradmag,0,5os1,3.309999942779541,4.627813339233398
atomblob_density_gradmag,0,5os2,2.740000009536743,4.331215858459473
atomblob_density_gradmag,0,5os3,2.430000066757202,3.5153555870056152
atomblob_density_gradmag,0,5os4,2.7799999713897705,4.930510520935059
atomblob_density_gradmag,0,5os5,3.390000104904175,4.402036666870117
atomblob_density_gradmag,0,5osd,3.2100000381469727,3.4460530281066895
atomblob_density_gradmag,0,5ose,3.1700000762939453,3.6831703186035156
atomblob_density_gradmag,0,5sz2,8.699999809265137,4.7423858642578125
atomblob_density_gradmag,0,5tb6,5.820000171661377,5.329838752746582
atomblob_density_gradmag,0,5tpx,6.550000190734863,6.281237602233887
atomblob_density_gradmag,0,5tzd,5.739999771118164,5.635459899902344
atomblob_density_gradmag,0,5tzg,5.800000190734863,5.759247779846191
atomblob_density_gradmag,0,5u28,7.170000076293945,6.292071342468262
atomblob_density_gradmag,0,5u49,6.139999866485596,5.743890762329102
atomblob_density_gradmag,0,5ugb,6.789999961853027,7.029217720031738
atomblob_density_gradmag,0,5ula,7.110000133514404,6.029406547546387
atomblob_density_gradmag,0,5uoo,8.850000381469727,6.393048286437988
atomblob_density_gradmag,0,5usy,7.510000228881836,6.805947780609131
atomblob_density_gradmag,0,5usz,6.96999979019165,7.107336044311523
atomblob_density_gradmag,0,5ut0,5.880000114440918,6.375415802001953
atomblob_density_gradmag,0,5ut4,4.380000114440918,7.697597980499268
atomblob_density_gradmag,0,5ut6,4.239999771118164,6.31876277923584
atomblob_density_gradmag,0,5uzj,6.78000020980835,6.889301300048828
atomblob_density_gradmag,0,5uzk,6.739999771118164,8.130048751831055
atomblob_density_gradmag,0,5v0n,7.170000076293945,8.087082862854004
atomblob_density_gradmag,0,5v5y,7.869999885559082,7.887577533721924
atomblob_density_gradmag,0,5v82,10.149999618530273,7.997108459472656
atomblob_density_gradmag,0,5vb5,6.460000038146973,8.129286766052246
atomblob_density_gradmag,0,5vb6,6.369999885559082,8.238269805908203
atomblob_density_gradmag,0,5vb7,6.71999979019165,8.760766983032227
atomblob_density_gradmag,0,5vc3,7.110000133514404,8.002726554870605
atomblob_density_gradmag,0,5vc4,7.360000133514404,8.173397064208984
atomblob_density_gradmag,0,5vc5,7.960000038146973,8.0426607131958
atomblob_density_gradmag,0,5vc6,7.869999885559082,8.115178108215332
atomblob_density_gradmag,0,5vcv,6.820000171661377,7.27183723449707
atomblob_density_gradmag,0,5vcw,5.960000038146973,7.210605621337891
atomblob_density_gradmag,0,5vcx,5.550000190734863,7.744637966156006
atomblob_density_gradmag,0,5vcy,6.570000171661377,7.65653133392334
atomblob_density_gradmag,0,5vcz,6.349999904632568,7.747221946716309
atomblob_density_gradmag,0,5vd0,6.489999771118164,8.55003547668457
atomblob_density_gradmag,0,5vd1,6.0,7.570407867431641
atomblob_density_gradmag,0,5vd2,7.099999904632568,7.055545806884766
atomblob_density_gradmag,0,5vd3,5.550000190734863,7.7208428382873535
atomblob_density_gradmag,0,5vdk,7.570000171661377,8.269145011901855
atomblob_density_gradmag,0,5vih,7.489999771118164,6.808222770690918
atomblob_density_gradmag,0,5vii,7.289999961853027,7.425118446350098
atomblob_density_gradmag,0,5vyy,6.210000038146973,7.2512688636779785
atomblob_density_gradmag,0,5w5v,6.099999904632568,5.630511283874512
atomblob_density_gradmag,0,5wa5,6.71999979019165,5.783322334289551
atomblob_density_gradmag,0,5wev,6.820000171661377,6.334228038787842
atomblob_density_gradmag,0,5wij,6.309999942779541,6.614664077758789
atomblob_density_gradmag,0,5win,7.03000020980835,6.847179412841797
atomblob_density_gradmag,0,5wmg,8.210000038146973,6.793977737426758
atomblob_density_gradmag,0,5wrs,5.519999980926514,5.3384199142456055
atomblob_density_gradmag,0,5wxf,4.480000019073486,5.803776741027832
atomblob_density_gradmag,0,5wxo,3.680000066757202,5.1750335693359375
atomblob_density_gradmag,0,5wxp,3.3499999046325684,5.654216766357422
atomblob_density_gradmag,0,5xsr,7.690000057220459,6.4018778800964355
atomblob_density_gradmag,0,5xsu,6.739999771118164,5.092719078063965
atomblob_density_gradmag,0,5y7z,7.809999942779541,6.583682060241699
atomblob_density_gradmag,0,5y80,8.789999961853027,6.344067573547363
atomblob_density_gradmag,0,5ylu,8.619999885559082,6.745736122131348
atomblob_density_gradmag,0,5yqx,6.960000038146973,5.972623825073242
atomblob_density_gradmag,0,5za7,5.869999885559082,6.1659321784973145
atomblob_density_gradmag,0,5za8,6.289999961853027,6.031350612640381
atomblob_density_gradmag,0,5zae,6.809999942779541,5.956478118896484
atomblob_density_gradmag,0,5zaf,6.78000020980835,5.721469879150391
atomblob_density_gradmag,0,5zag,6.96999979019165,6.1807861328125
atomblob_density_gradmag,0,5zah,7.28000020980835,5.922309875488281
atomblob_density_gradmag,0,5zaj,7.380000114440918,5.763755798339844
atomblob_density_gradmag,0,5zc5,7.059999942779541,6.306861877441406
atomblob_density_gradmag,0,6ajv,5.039999961853027,4.681978225708008
atomblob_density_gradmag,0,6apt,6.050000190734863,5.387094497680664
atomblob_density_gradmag,0,6aqo,6.110000133514404,5.341149806976318
atomblob_density_gradmag,0,6b8y,9.65999984741211,9.162755966186523
atomblob_density_gradmag,0,6bny,6.400000095367432,6.11130952835083
atomblob_density_gradmag,0,6bod,4.260000228881836,5.791545867919922
atomblob_density_gradmag,0,6c2r,9.100000381469727,7.02955961227417
atomblob_density_gradmag,0,6dhc,7.960000038146973,7.248651504516602
atomblob_density_gradmag,0,6dkb,9.149999618530273,7.63656759262085
atomblob_density_gradmag,0,6dkg,8.59000015258789,7.0777387619018555
atomblob_density_gradmag,0,6dki,8.640000343322754,7.839728355407715
atomblob_density_gradmag,0,6dl2,7.480000019073486,6.415825843811035
atomblob_density_gradmag,0,6dne,7.480000019073486,5.709571838378906
atomblob_density_gradmag,0,6dxl,5.800000190734863,5.264866828918457
atomblob_density_gradmag,0,6e4u,7.869999885559082,6.03840446472168
atomblob_density_gradmag,0,6e4w,6.699999809265137,6.103107929229736
atomblob_density_gradmag,0,6e7r,6.829999923706055,6.927886009216309
atomblob_density_gradmag,0,6e7t,6.889999866485596,7.832452774047852
atomblob_density_gradmag,0,6e7u,6.920000076293945,7.81035852432251
atomblob_density_gradmag,0,6ei5,7.420000076293945,7.244747161865234
atomblob_density_gradmag,0,6eif,6.980000019073486,6.588804244995117
atomblob_density_gradmag,0,6eij,5.769999980926514,6.98563289642334
atomblob_density_gradmag,0,6eil,5.550000190734863,6.36552619934082
atomblob_density_gradmag,0,6eip,5.699999809265137,7.271004676818848
atomblob_density_gradmag,0,6eiq,6.420000076293945,6.945371627807617
atomblob_density_gradmag,0,6eis,6.599999904632568,7.298368453979492
atomblob_density_gradmag,0,6ej4,6.800000190734863,6.1175432205200195
atomblob_density_gradmag,0,6el5,6.880000114440918,7.368340492248535
atomblob_density_gradmag,0,6eln,6.050000190734863,6.845399856567383
atomblob_density_gradmag,0,6elo,6.289999961853027,7.126213073730469
atomblob_density_gradmag,0,6elp,6.630000114440918,7.755186080932617
atomblob_density_gradmag,0,6eq2,5.889999866485596,4.284757614135742
atomblob_density_gradmag,0,6eq3,6.150000095367432,6.49583625793457
atomblob_density_gradmag,0,6eq5,4.739999771118164,4.817859649658203
atomblob_density_gradmag,0,6eq7,7.0,5.551576614379883
atomblob_density_gradmag,0,6ey8,5.809999942779541,8.233673095703125
atomblob_density_gradmag,0,6ey9,5.909999847412109,7.909258842468262
atomblob_density_gradmag,0,6eya,7.480000019073486,7.101808547973633
atomblob_density_gradmag,0,6eyb,5.369999885559082,7.299225330352783
atomblob_density_gradmag,0,6f1n,6.260000228881836,6.625827789306641
atomblob_density_gradmag,0,6f20,4.309999942779541,4.753074645996094
atomblob_density_gradmag,0,6fcj,7.150000095367432,6.307745456695557
atomblob_density_gradmag,0,6fcl,4.639999866485596,4.997041702270508
atomblob_density_gradmag,0,6fsy,6.610000133514404,5.790877342224121
atomblob_density_gradmag,0,6g0q,4.610000133514404,6.024491786956787
atomblob_density_gradmag,0,6g36,7.789999961853027,6.778844833374023
atomblob_density_gradmag,0,6g37,7.369999885559082,6.407745838165283
atomblob_density_gradmag,0,6g38,6.619999885559082,6.348492622375488
atomblob_density_gradmag,0,6ggb,5.389999866485596,6.281710147857666
atomblob_density_gradmag,0,6ggf,5.389999866485596,5.8673248291015625
atomblob_density_gradmag,0,6gnp,4.550000190734863,3.2941341400146484
atomblob_density_gradmag,0,6gnr,5.440000057220459,5.194694519042969
atomblob_density_gradmag,0,6gnw,4.989999771118164,5.004733085632324
atomblob_density_gradmag,0,6gr7,5.5,5.4386796951293945
atomblob_density_gradmag,0,6grp,5.480000019073486,4.993581771850586
atomblob_density_gradmag,0,6hd6,5.699999809265137,6.7254509925842285
atomblob_density_gradmag,0,6hgr,3.4600000381469727,4.653963565826416
atomblob_density_gradmag,0,6hgs,3.7699999809265137,4.936297416687012
atomblob_density_gradmag,0,6hhr,7.010000228881836,7.185410976409912
atomblob_density_gradmag,0,6hoy,4.480000019073486,4.803491592407227
atomblob_density_gradmag,0,6k3l,7.21999979019165,6.28632926940918
atomblob_density_gradmag,0,6mh1,5.920000076293945,7.340906620025635
atomblob_density_gradmag,0,6mwe,9.199999809265137,7.573694229125977
atomblob_density_gradmag,0,6mxe,4.260000228881836,7.569187164306641
atomblob_density_gradmag,0,6n8x,5.699999809265137,7.788660049438477
atomblob_density_gradmag,0,6nfy,7.800000190734863,6.6422929763793945
atomblob_density_gradmag,0,6nmb,2.700000047683716,4.651824951171875
atomblob_density_gradmag,0,6no9,10.520000457763672,7.8740339279174805
atomblob_density_gradmag,0,6np2,6.800000190734863,5.47648811340332
atomblob_density_gradmag,0,6np3,6.46999979019165,5.653494834899902
atomblob_density_gradmag,0,6np4,4.440000057220459,5.31606388092041
atomblob_density_gradmag,0,6np5,4.570000171661377,5.325977325439453
atomblob_density_gradmag,0,6o5u,4.380000114440918,5.2100324630737305
atomblob_density_gradmag,0,6o94,8.739999771118164,8.738142013549805
atomblob_density_gradmag,0,6o95,8.289999961853027,8.031088829040527
atomblob_density_gradmag,0,6olx,5.380000114440918,7.6052045822143555
atomblob_density_gradmag,0,6pl1,7.650000095367432,7.468236923217773
atomblob_density_gradmag,0,6qas,7.739999771118164,7.210349082946777
atomblob_density_gradmag,0,6qau,7.480000019073486,8.4129638671875
atomblob_density_gradmag,0,6r8l,6.170000076293945,7.5782670974731445
atomblob_density_gradmag,0,6r8o,8.220000267028809,7.444628715515137
atomblob_density_gradmag,0,6r8w,5.920000076293945,6.708077430725098
atomblob_density_gradmag,0,6r9u,2.119999885559082,4.56275749206543
atomblob_density_gradmag,0,6r9x,2.9600000381469727,4.788094520568848
atomblob_density_gradmag,0,6rot,6.320000171661377,7.944614410400391
atomblob_density_gradmag,0,6s56,5.099999904632568,5.329134464263916
atomblob_density_gradmag,0,6s57,5.099999904632568,5.485245704650879
