pdb_id,true_pK,pred_pK
1a4w,5.920000076293945,5.830450216929118
1aj6,5.920000076293945,7.483693917592366
1akq,9.100000381469727,7.211568991343181
1akr,9.09000015258789,6.617528120676677
1akt,8.489999771118164,6.565548261006673
1aku,6.130000114440918,6.75078550974528
1akw,8.59000015258789,6.480165322621663
1aw1,1.0499999523162842,5.202476819356282
1bcu,3.2799999713897705,4.695124785105388
1c5o,3.490000009536743,6.955343564351399
1c5s,6.0,5.601277192433675
1c5t,4.099999904632568,5.737795193990071
1c7e,6.300000190734863,6.879293282826741
1c7f,9.520000457763672,6.414924621582031
1ezq,9.050000190734863,6.7652238210042315
1f0s,7.739999771118164,5.713530381520589
1f0t,6.0,6.506935119628906
1f0u,7.159999847412109,6.469596862792969
1fkn,8.800000190734863,5.77107048034668
1flm,9.369999885559082,6.49078385035197
1g2l,7.239999771118164,5.907053788503011
1g2m,7.400000095367432,6.5130330721537275
1g30,6.849999904632568,6.511356830596924
1g32,6.110000133514404,6.018065770467122
1g36,7.170000076293945,5.646008332570394
1ghv,4.349999904632568,4.791343688964844
1ghw,4.199999809265137,6.454402605692546
1ghz,4.800000190734863,4.4167586962382
1gi1,5.46999979019165,7.187438488006592
1gi6,6.21999979019165,4.740704695383708
1gi7,4.510000228881836,5.4055406252543134
1gi8,5.050000190734863,5.484362761179606
1gi9,5.21999979019165,4.631717046101888
1gj4,4.070000171661377,5.394198576609294
1gj5,4.960000038146973,6.08239205678304
1gj6,7.0,6.124562422434489
1gj7,7.889999866485596,5.706560134887695
1gj8,6.960000038146973,4.5812093416849775
1gja,5.420000076293945,5.378799915313721
1gjb,6.349999904632568,6.384172757466634
1gjc,6.349999904632568,5.691326141357422
1hp5,6.550000190734863,7.620128790537517
1i7z,6.400000095367432,7.260297775268555
1jak,5.570000171661377,6.391456286112468
1jwt,7.849999904632568,7.314281781514485
1k1i,6.579999923706055,5.8131357828776045
1k1j,7.550000190734863,6.395551999409993
1k1l,6.900000095367432,6.4575544993082685
1k1m,7.400000095367432,6.149581591288249
1k1n,6.820000171661377,5.525478045145671
1k1o,6.170000076293945,5.83090607325236
1kv5,4.21999979019165,5.712889989217122
1kzn,8.920000076293945,8.226268450419107
1lqe,5.820000171661377,6.411131381988525
1lyx,4.539999961853027,6.385908444722493
1lzo,4.539999961853027,6.0871256192525225
1m4h,9.520000457763672,7.823156515757243
1m9n,6.920000076293945,5.761167844136556
1ml1,4.28000020980835,7.031274159749349
1njf,6.210000038146973,7.653604348500569
1np0,3.569999933242798,6.310781637827556
1nvq,8.25,7.439481417338054
1nvr,8.109999656677246,6.516656080881755
1o2g,6.119999885559082,6.204709370930989
1o2h,7.170000076293945,6.1604665120442705
1o2j,6.920000076293945,5.7933352788289385
1o2k,6.920000076293945,5.782455921173096
1o2n,6.090000152587891,5.44299856821696
1o2o,6.360000133514404,5.761415322621663
1o2p,4.849999904632568,6.263400554656982
1o2q,7.679999828338623,6.487449328104655
1o2r,5.210000038146973,6.3103179931640625
1o2s,5.46999979019165,6.126254399617513
1o2t,7.849999904632568,5.700000286102295
1o2z,6.110000133514404,5.8856094678243
1o30,6.769999980926514,5.181384722391765
1o32,5.739999771118164,5.687529722849528
1o33,5.739999771118164,5.81881046295166
1o34,5.739999771118164,5.800157864888509
1o35,5.0,5.298389752705892
1o36,5.960000038146973,5.559998035430908
1o38,6.820000171661377,4.832059224446614
1o39,7.130000114440918,5.417481740315755
1o3b,7.130000114440918,5.518913904825847
1o3c,7.130000114440918,5.589681307474772
1o3d,7.130000114440918,5.596072673797607
1o3e,7.960000038146973,5.8807094891866045
1o3f,7.960000038146973,5.818586031595866
1o3p,6.659999847412109,5.227391401926677
1o5a,6.420000076293945,6.432968298594157
1o5c,5.21999979019165,4.064392884572347
1o5e,5.739999771118164,6.210142612457275
1o5f,6.070000171661377,5.964028676350911
1o5g,4.960000038146973,6.065791765848796
1odi,4.210000038146973,6.775381406148274
1odj,4.099999904632568,6.833532651265462
1ow4,5.679999828338623,6.809284687042236
1owe,6.199999809265137,4.824358145395915
1owh,7.400000095367432,4.498362223307292
1owi,7.550000190734863,5.021884441375732
1owj,7.320000171661377,5.148853619893392
1owk,7.630000114440918,5.34239387512207
1oyq,6.960000038146973,4.95223331451416
1oyt,7.239999771118164,5.388792673746745
1oz0,7.699999809265137,6.440334955851237
1p1n,6.800000190734863,7.399787267049153
1p1o,5.760000228881836,7.173251469930013
1p1q,4.889999866485596,6.816273371378581
1p4r,8.100000381469727,7.457721551259358
1p57,4.400000095367432,6.294552485148112
1pf8,7.510000228881836,6.694085439046224
1pkx,6.920000076293945,5.387595335642497
1pl0,8.220000267028809,8.202017466227213
1pr1,5.300000190734863,6.183862527211507
1pr5,3.9200000762939453,5.986430962880452
1pxm,7.21999979019165,6.620874722798665
1pxn,7.150000095367432,7.390605926513672
1pxp,6.659999847412109,7.343611717224121
1q4l,7.400000095367432,6.532326857248942
1q72,6.849999904632568,6.358431816101074
1q8t,4.760000228881836,6.157698631286621
1q8u,5.960000038146973,5.474498112996419
1q8w,5.239999771118164,5.974239190419515
1qbo,7.739999771118164,6.524200439453125
1qyg,6.849999904632568,7.404013633728027
1sb1,6.889999866485596,5.836298147837321
1sqo,7.460000038146973,5.9507832527160645
1sqt,6.199999809265137,6.107990582784017
1syh,6.409999847412109,6.896548271179199
1syi,5.440000057220459,6.365057627360026
1syo,9.0,5.525976022084554
1sz0,9.0,5.090216159820557
1thz,5.150000095367432,5.039182027180989
1tvo,6.849999904632568,6.679356733957927
1tx7,4.599999904632568,5.745956103006999
1u6q,5.880000114440918,5.001250743865967
1ua4,4.21999979019165,6.831946849822998
1utn,3.490000009536743,7.063154379526774
1uto,2.2699999809265137,4.810491879781087
1v2k,6.190000057220459,6.991434892018636
1v2n,5.900000095367432,6.20959488550822
1v2o,4.730000019073486,5.477725982666016
1v2p,4.730000019073486,6.375688076019287
1v2q,4.130000114440918,5.325739860534668
1v2r,3.549999952316284,5.4153815905253095
1v2t,4.710000038146973,5.8607204755147295
1v2w,4.010000228881836,5.651416937510173
1vjd,3.5399999618530273,6.031789620717366
1wvj,6.730000019073486,6.994012355804443
1xa5,6.5,7.619714577992757
1xbb,5.300000190734863,5.070903778076172
1xhy,6.179999828338623,7.2861307462056475
1xk9,6.849999904632568,4.422019640604655
1xkk,8.520000457763672,6.963290214538574
1xws,8.0,6.749133745829265
1xxh,6.110000133514404,4.790903886159261
1xxi,5.519999980926514,5.906703472137451
1y3v,5.639999866485596,5.514510313669841
1y3w,5.769999980926514,5.915548642476399
1y3x,5.139999866485596,5.748052438100179
1ydr,5.519999980926514,6.475636800130208
1yds,5.920000076293945,6.875833193461101
1yp9,5.110000133514404,6.074448903401692
1ype,8.100000381469727,6.264454364776611
1ypg,8.0,6.02928098042806
1ypj,7.019999980926514,6.266143798828125
1z6e,9.720000267028809,5.81020991007487
2al5,8.399999618530273,7.1878814697265625
2b1g,6.639999866485596,5.232601006825765
2b1i,6.820000171661377,5.9776255289713545
2bal,6.309999942779541,6.771360556284587
2br1,5.139999866485596,6.709239800771077
2brb,4.860000133514404,6.2226894696553545
2brm,5.889999866485596,7.040905793507894
2byp,9.0600004196167,7.917924404144287
2byr,8.550000190734863,6.902984142303467
2bys,9.520000457763672,7.458798408508301
2bza,2.799999952316284,5.6646904945373535
2c3i,7.599999904632568,6.131482760111491
2c3j,6.179999828338623,5.931647777557373
2c3k,7.590000152587891,5.871116002400716
2c3l,5.070000171661377,6.930112838745117
2c6o,8.220000267028809,7.594889481862386
2cbj,8.270000457763672,6.637816588083903
2cji,8.220000267028809,7.482446988423665
2clx,4.880000114440918,5.5520561536153155
2cvd,6.099999904632568,6.607890605926514
2d0k,5.019999980926514,5.642090797424316
2e2p,4.739999771118164,5.3222808837890625
2epn,7.21999979019165,6.492922147115071
2esm,6.28000020980835,7.196272055308024
2etk,6.820000171661377,6.748102029164632
2etr,6.820000171661377,6.31520430246989
2fb8,9.800000190734863,7.033470471700032
2fdp,7.590000152587891,7.448584079742432
2fpz,3.9600000381469727,7.172119935353597
2fvd,8.520000457763672,6.118638674418132
2fx6,3.700000047683716,5.993749459584554
2fzz,10.520000457763672,5.760433832804362
2g00,9.739999771118164,6.870891412099202
2gl0,4.820000171661377,5.959354718526204
2h13,5.349999904632568,6.328299840291341
2ito,6.909999847412109,6.329014301300049
2itt,8.770000457763672,5.8851579030354815
2ity,7.269999980926514,5.923746585845947
2itz,8.59000015258789,5.411823908487956
2j27,3.5199999809265137,6.267201741536458
2j2u,7.329999923706055,6.7279815673828125
2j34,7.820000171661377,6.972405751546224
2j4i,9.0,6.695807139078776
2j62,11.34000015258789,7.25622574488322
2j94,6.269999980926514,6.708459695180257
2j95,8.399999618530273,7.1780571937561035
2jds,8.199999809265137,7.16435432434082
2jdv,8.199999809265137,8.596319834391275
2jh0,8.699999809265137,6.364678859710693
2jh5,6.440000057220459,5.962549209594727
2jh6,7.769999980926514,6.2137908935546875
2jkh,8.050000190734863,5.733190059661865
2ohl,3.049999952316284,5.1945695877075195
2ojg,5.639999866485596,5.756632169087728
2oji,7.070000171661377,5.509288628896077
2ojj,8.699999809265137,6.561942418416341
2oxn,7.440000057220459,4.637819131215413
2p16,10.100000381469727,6.167042255401611
2p4j,8.960000038146973,7.021627267201741
2p93,8.819999694824219,6.389236132303874
2p94,9.170000076293945,6.469145933787028
2p95,9.369999885559082,7.034650643666585
2pgz,5.739999771118164,6.407324314117432
2psx,5.769999980926514,6.167295614878337
2qmg,9.149999618530273,6.814186890920003
2qrk,4.260000228881836,5.983731746673584
2qrl,4.0,5.071548938751221
2r2m,7.329999923706055,6.150950908660889
2r2w,4.46999979019165,6.735003312428792
2r5b,8.600000381469727,6.823168913523356
2r5d,10.149999618530273,8.12350082397461
2rcb,6.789999961853027,7.576090017954509
2rin,4.0,5.403359731038411
2uwd,8.350000381469727,7.260496616363525
2uwl,8.399999618530273,6.415355682373047
2uwo,8.699999809265137,6.7861043612162275
2uwp,6.809999942779541,6.536865870157878
2v2c,3.4100000858306885,7.099929650624593
2v2h,3.7699999809265137,6.868399620056152
2vc9,8.4399995803833,7.284266471862793
2vcb,5.260000228881836,6.297980308532715
2vkm,8.739999771118164,7.240518252054851
2vvc,8.520000457763672,6.030728816986084
2vvn,7.300000190734863,5.731483618418376
2vvs,7.340000152587891,5.626383940378825
2w26,9.399999618530273,6.730556805928548
2w66,4.050000190734863,5.940995057423909
2w67,4.960000038146973,5.804346879323323
2w8f,6.300000190734863,6.015296618143718
2w8g,6.0,5.470263957977295
2w9h,6.369999885559082,5.236165841420491
2wb5,9.130000114440918,7.050935586293538
2wd7,4.96999979019165,6.232398668924968
2wn9,8.520000457763672,5.332291126251221
2wnc,6.320000171661377,6.3596110343933105
2wnj,6.480000019073486,5.399677912394206
2wnl,6.0,5.415429910024007
2wtv,8.739999771118164,6.854520161946614
2wtw,8.1899995803833,6.905607223510742
2x00,11.329999923706055,7.414293924967448
2xab,9.270000457763672,6.501519203186035
2xah,3.549999952316284,7.690301259358724
2xaj,3.7699999809265137,7.626813093821208
2xaq,5.960000038146973,6.71497917175293
2xas,5.889999866485596,6.842390855153401
2xde,5.46999979019165,4.845562934875488
2xdk,3.5999999046325684,6.037762959798177
2xdl,3.0999999046325684,6.154800891876221
2xdx,6.460000038146973,6.652378400166829
2xhr,8.319999694824219,6.138616720835368
2xht,5.960000038146973,6.135189374287923
2xhx,6.599999904632568,6.827838102976481
2xj1,7.550000190734863,7.01415220896403
2xj2,7.179999828338623,6.7626644770304365
2xjg,7.820000171661377,7.519500891367595
2xjj,6.510000228881836,5.8188761075337725
2xjx,9.149999618530273,4.767092863718669
2xm1,5.070000171661377,6.076030731201172
2xm2,4.619999885559082,6.14330259958903
2xmy,9.960000038146973,6.336126645406087
2xnb,6.829999923706055,7.590704600016276
2xpk,11.300000190734863,6.7793763478597
2xys,7.420000076293945,6.550339221954346
2xyt,6.289999961853027,5.408331076304118
2xz5,4.010000228881836,6.892721017201741
2y54,4.699999809265137,6.471415360768636
2y56,6.510000228881836,7.011572043100993
2y57,6.889999866485596,7.751568635304769
2y58,5.5,6.777871767679851
2y8l,5.820000171661377,6.0394744873046875
2y8q,5.820000171661377,5.6624382336934405
2y9q,6.150000095367432,6.11740239461263
2ygf,5.090000152587891,6.316753546396892
2yi5,7.409999847412109,6.495431900024414
2yix,8.479999542236328,7.225960572560628
2yk1,8.130000114440918,6.600404421488444
2yki,9.460000038146973,5.486260573069255
2yme,7.659999847412109,5.183063348134358
2z6w,7.869999885559082,6.072907447814941
2zaz,6.400000095367432,5.314027468363444
2zb0,6.619999885559082,5.054340521494548
2zb1,6.320000171661377,6.100002447764079
2zc9,6.739999771118164,6.493237654368083
2zda,8.399999618530273,6.217794418334961
2zdk,6.369999885559082,6.219906012217204
2zdl,6.400000095367432,6.3655320803324384
2zdm,6.409999847412109,6.107291380564372
2zdn,6.25,7.095742225646973
2zfp,5.170000076293945,6.357710679372151
2zfs,6.539999961853027,5.645650386810303
2zft,6.519999980926514,6.449241002400716
2zgx,6.739999771118164,6.2709641456604
2zhd,6.539999961853027,6.176172574361165
2zju,5.809999942779541,6.59261433283488
2zjv,5.139999866485596,6.531722704569499
2zmd,7.010000228881836,6.655076185862224
2zq1,6.619999885559082,7.065069357554118
2zq2,6.559999942779541,5.792350610097249
3a2c,6.900000095367432,5.770793596903483
3ag9,8.050000190734863,4.74527645111084
3agl,7.800000190734863,5.986910343170166
3agm,9.09000015258789,5.553383032480876
3ama,6.53000020980835,7.6892595291137695
3amb,6.179999828338623,7.618582407633464
3anq,6.739999771118164,6.281750520070394
3axz,3.430000066757202,6.788910865783691
3ay0,3.0399999618530273,6.342452526092529
3b24,4.380000114440918,5.553382873535156
3b25,6.070000171661377,6.025602499643962
3b26,6.639999866485596,6.791390101114909
3b27,5.159999847412109,4.888047695159912
3b28,8.470000267028809,7.991851170857747
3bex,5.570000171661377,7.0926713943481445
3bf1,2.5199999809265137,4.888519922892253
3bft,6.489999771118164,6.367747624715169
3bfu,6.269999980926514,6.485989252726237
3bgq,7.960000038146973,7.566169420878093
3bgz,6.260000228881836,7.133167584737142
3bmn,4.460000038146973,6.872329552968343
3bmo,5.269999980926514,6.487194220225017
3bmq,5.489999771118164,5.332444667816162
3bv9,5.360000133514404,8.364896138509115
3bwj,6.5,5.4237213134765625
3c39,3.9600000381469727,7.000720977783203
3c49,7.150000095367432,5.872746467590332
3c4h,5.699999809265137,5.814509391784668
3c79,7.199999809265137,6.596349875132243
3c84,7.849999904632568,7.397710005442302
3ce0,6.150000095367432,5.514721552530925
3cen,8.260000228881836,5.490636348724365
3cfn,5.0,4.926212151845296
3ckp,6.349999904632568,7.079739411671956
3ckr,5.300000190734863,7.169693311055501
3ckz,8.720000267028809,5.981041590372722
3cl0,7.070000171661377,5.605038324991862
3cl2,7.590000152587891,6.776142915089925
3cow,6.900000095367432,5.738465468088786
3coy,6.019999980926514,5.9720994631449384
3coz,5.570000171661377,4.8616706530253095
3cs7,10.680000305175781,6.1876325607299805
3d7z,7.920000076293945,5.896342913309733
3d83,8.359999656677246,6.582372506459554
3d94,6.800000190734863,6.692277749379476
3d9v,8.220000267028809,6.480510393778483
3da9,5.510000228881836,5.188982645670573
3dnd,4.800000190734863,5.7851236661275225
3dne,5.21999979019165,6.133255481719971
3dux,7.0,6.369763533274333
3e64,7.110000133514404,5.552963574727376
3e92,8.0,5.486711661020915
3e93,8.850000381469727,5.967978000640869
3ebo,4.71999979019165,5.979105154673259
3ebp,5.909999847412109,6.009525299072266
3egk,4.659999847412109,6.199342727661133
3eig,7.679999828338623,7.103113492329915
3eko,6.699999809265137,6.316443125406901
3ekr,7.519999980926514,6.187795321146647
3emg,8.050000190734863,6.554663181304932
3f0r,6.889999866485596,5.8062639236450195
3f68,5.059999942779541,5.232019265492757
3faa,8.149999618530273,7.064378579457601
3fat,7.639999866485596,7.200644493103027
3ffg,9.079999923706055,6.5585713386535645
3fhb,5.699999809265137,6.209082921346028
3fmz,8.079999923706055,7.497747421264648
3fqe,8.300000190734863,6.7003428141276045
3g2v,6.519999980926514,6.538240273793538
3g90,6.360000133514404,7.096467018127441
3g9n,5.739999771118164,7.017993450164795
3gfw,7.570000171661377,6.583139896392822
3gjw,8.300000190734863,6.95742925008138
3gn7,8.300000190734863,6.030038356781006
3gs6,6.590000152587891,5.7932658195495605
3gsm,6.480000019073486,5.867732048034668
3gvu,8.0,7.656332333882649
3gy2,5.739999771118164,5.040043671925862
3gy3,5.630000114440918,6.223178704579671
3gy4,5.099999904632568,5.013601462046306
3hl7,7.639999866485596,6.094918727874756
3hmo,7.519999980926514,6.392526785532634
3hmp,5.489999771118164,6.550000349680583
3hrf,4.989999771118164,5.930427233378093
3huc,5.989999771118164,5.627482096354167
3i25,8.510000228881836,7.425991217295329
3i4b,8.149999618530273,6.921141942342122
3i5z,8.699999809265137,6.793102741241455
3i60,8.699999809265137,6.154056231180827
3imc,2.9600000381469727,6.357898235321045
3ime,3.0,5.164185047149658
3img,2.9600000381469727,6.356308619181315
3io7,7.769999980926514,6.429320017496745
3iob,3.4200000762939453,5.034502983093262
3ioc,3.680000066757202,5.561563491821289
3iod,4.099999904632568,4.727394898732503
3ioe,3.2699999809265137,4.536583582560222
3iok,7.960000038146973,6.423791885375977
3iph,7.599999904632568,6.082959016164144
3iub,4.539999961853027,6.0815253257751465
3iue,5.820000171661377,6.4123992919921875
3ivc,4.119999885559082,4.981916904449463
3ivg,4.300000190734863,4.343961874643962
3ivx,5.739999771118164,4.050398747126262
3jq7,5.920000076293945,5.522607644399007
3jq8,4.460000038146973,5.826558272043864
3jq9,6.400000095367432,6.752538204193115
3jqa,4.460000038146973,7.026492913564046
3jqb,6.019999980926514,5.613853295644124
3jqf,4.460000038146973,7.475713570912679
3jqg,4.739999771118164,6.161017100016276
3jvr,5.71999979019165,6.645129203796387
3jvs,6.539999961853027,6.521809260050456
3jxw,9.0,6.442400614420573
3jy0,8.300000190734863,6.442369143168132
3jy9,9.0,6.4288249015808105
3jya,6.889999866485596,6.8537265459696455
3k41,0.8199999928474426,6.0495255788167315
3k5v,6.300000190734863,6.780076662699382
3k97,8.0,6.800803343454997
3k98,9.0,6.869066079457601
3k99,7.21999979019165,7.022950808207194
3kcf,7.460000038146973,7.562728404998779
3kck,9.100000381469727,5.686679681142171
3kgu,5.920000076293945,4.613022486368815
3khv,1.850000023841858,6.255253156026204
3kjd,8.539999961853027,6.397475719451904
3kqb,9.300000190734863,6.691323757171631
3kqc,8.65999984741211,6.504724661509196
3kqd,9.399999618530273,6.36631441116333
3kqe,8.09000015258789,6.169284343719482
3kr8,8.100000381469727,6.679096539815267
3l1s,8.699999809265137,6.991822083791097
3l3l,7.480000019073486,6.1762040456136065
3l3m,8.220000267028809,6.334309260050456
3lbl,7.440000057220459,6.032958348592122
3ldq,5.360000133514404,5.647146383921306
3le8,6.070000171661377,4.6805416742960615
3lhj,9.510000228881836,6.5468980471293134
3liw,7.599999904632568,5.978367646535237
3ljj,6.519999980926514,6.196232000986735
3ljo,6.619999885559082,6.0394393603007
3m35,7.21999979019165,6.6920701662699384
3m36,9.819999694824219,5.821945667266846
3m37,9.039999961853027,5.792134602864583
3miy,7.679999828338623,6.173094749450684
3mj1,7.820000171661377,7.143138726552327
3ms9,5.21999979019165,5.5895280838012695
3mss,4.659999847412109,5.843092600504558
3myg,10.699999809265137,6.921544710795085
3n0h,6.210000038146973,7.6271138191223145
3n1c,5.21999979019165,6.6912773450215655
3nex,6.0,5.957557201385498
3nga,8.0,5.6011128425598145
3nk8,3.0,5.186517397562663
3nkk,4.699999809265137,7.026341597239177
3nmq,9.699999809265137,6.158955891927083
3nsn,7.190000057220459,6.30010970433553
3nyn,6.0,5.738986651102702
3o2m,4.800000190734863,6.8334113756815595
3oaf,8.800000190734863,6.0272261301676435
3oap,6.260000228881836,7.523911317189534
3ozj,5.110000133514404,7.379087607065837
3ozp,6.619999885559082,6.970945040384929
3p17,4.480000019073486,6.322755018870036
3pd2,5.46999979019165,6.196942488352458
3pd3,4.440000057220459,7.679788748423259
3pd4,4.480000019073486,7.588114261627197
3pe1,9.649999618530273,6.736833413441976
3po1,4.019999980926514,5.949638207753499
3pqz,4.460000038146973,7.188455104827881
3pxq,4.429999828338623,6.009790261586507
3pyy,6.860000133514404,6.234552224477132
3qdd,8.770000457763672,7.135054429372151
3qem,7.21999979019165,6.143806139628093
3qfy,6.119999885559082,6.112300872802734
3qfz,3.240000009536743,6.151330312093099
3qgw,5.889999866485596,5.756915251413981
3qgy,7.800000190734863,5.780969142913818
3qto,4.130000114440918,6.975697199503581
3qtv,4.650000095367432,6.7237480481465655
3que,8.819999694824219,7.113358815511067
3qwc,4.260000228881836,6.037113348642985
3qx5,4.199999809265137,8.064778010050455
3r4m,5.920000076293945,5.507729212443034
3r4n,6.889999866485596,6.491851011912028
3r4o,8.149999618530273,7.2121656735738116
3r4p,7.960000038146973,5.838617006937663
3r5m,4.340000152587891,6.128956000010173
3rlp,7.079999923706055,5.85051425298055
3rlq,7.400000095367432,6.842010974884033
3rlr,7.519999980926514,6.997824827829997
3roc,8.1899995803833,7.029136657714844
3rsx,4.409999847412109,5.785271326700847
3rth,5.210000038146973,5.381193319956462
3rtm,4.420000076293945,5.818590482076009
3rwp,9.220000267028809,6.883071740468343
3rwq,7.460000038146973,6.376256783803304
3s3v,6.230000019073486,6.69556999206543
3s6t,7.349999904632568,6.1177263259887695
3s74,8.399999618530273,6.013030370076497
3sha,5.590000152587891,7.141018072764079
3shc,5.71999979019165,5.755997021993001
3si3,4.159999847412109,7.200952370961507
3si4,3.880000114440918,6.76737642288208
3sur,4.150000095367432,6.488004207611084
3sus,4.150000095367432,6.645619074503581
3sut,7.849999904632568,4.301153500874837
3suu,8.520000457763672,5.354219436645508
3suv,4.550000190734863,6.703566710154216
3suw,4.699999809265137,6.0737606684366865
3sv2,4.190000057220459,6.2808613777160645
3tdh,4.260000228881836,5.734033584594727
3te5,4.909999847412109,5.839444001515706
3tu1,6.599999904632568,5.751912275950114
3tu7,8.09000015258789,6.7186784744262695
3tzm,7.769999980926514,6.187534650166829
3u8j,8.510000228881836,6.745935281117757
3u8k,8.65999984741211,6.201859792073567
3u8l,8.050000190734863,6.240249315897624
3u9n,7.0,6.97371784845988
3udh,2.8499999046325684,6.064713001251221
3ug2,8.25,4.6910834312438965
3unz,7.800000190734863,7.848165512084961
3uo4,6.519999980926514,7.33211628595988
3uo5,7.409999847412109,7.045138041178386
3uo6,7.820000171661377,7.865033149719238
3uod,7.309999942779541,7.128376007080078
3uoj,7.289999961853027,7.917490482330322
3up2,7.400000095367432,7.6473391850789385
3uvk,6.800000190734863,6.337936719258626
3uvw,5.170000076293945,7.147234121958415
3uvx,4.340000152587891,6.060517152150472
3v3b,7.260000228881836,6.617311318715413
3vha,7.400000095367432,6.166063944498698
3vhc,8.890000343322754,6.039618968963623
3vhd,9.279999732971191,5.611346244812012
3vtr,5.570000171661377,5.627546787261963
3wb4,4.440000057220459,5.518570264180501
3wb5,4.570000171661377,4.634235699971517
3wha,9.319999694824219,5.81985076268514
3wth,6.289999961853027,7.000540574391683
3wti,5.900000095367432,6.2005971272786455
3wtj,6.53000020980835,6.98665205637614
3wtl,7.039999961853027,6.553424994150798
3wtm,7.0,6.948770046234131
3wtn,7.039999961853027,7.196597099304199
3wto,6.920000076293945,7.717336654663086
3x1k,3.5899999141693115,5.863535245259603
3zdg,7.099999904632568,7.394522507985433
3zdh,7.349999904632568,7.901071866353353
3zh8,6.46999979019165,7.418532530466716
3zmm,9.140000343322754,8.110700766245523
3zmu,4.300000190734863,4.952882289886475
3zmv,4.260000228881836,6.058345317840576
3zos,8.890000343322754,7.534917990366618
4a6l,8.0,5.371690591176351
4a7j,7.0,5.283078193664551
4ab8,3.869999885559082,5.750197569529216
4ab9,3.3299999237060547,4.202251195907593
4aba,3.819999933242798,4.11347238222758
4abb,4.510000228881836,4.280691941579183
4abd,4.400000095367432,5.027304013570149
4abe,3.4000000953674316,6.371842543284099
4abg,3.569999933242798,5.245965639750163
4abh,4.150000095367432,3.9193906784057617
4abj,7.46999979019165,7.171353816986084
4acm,6.679999828338623,6.3096855481465655
4afg,8.300000190734863,6.657510439554851
4aft,6.46999979019165,6.97270393371582
4aj1,3.109999895095825,4.9443840980529785
4aj2,2.380000114440918,5.77958869934082
4aj4,3.890000104904175,4.863134066263835
4aji,3.549999952316284,6.091772556304932
4ajk,3.109999895095825,5.735171635945638
4ajl,3.799999952316284,6.020212014516194
4ajn,7.159999847412109,6.6266757647196455
4ajo,7.03000020980835,6.421600500742595
4al4,6.889999866485596,6.825008551279704
4alx,7.28000020980835,7.20808219909668
4axd,4.429999828338623,7.779451370239258
4az2,7.329999923706055,6.239867369333903
4az5,5.989999771118164,6.624514579772949
4az6,9.100000381469727,6.042021592458089
4azb,7.239999771118164,6.136549154917399
4aze,8.109999656677246,7.079007148742676
4azf,6.349999904632568,6.7226457595825195
4azg,7.099999904632568,6.034444332122803
4azi,7.449999809265137,6.553483963012695
4b05,7.579999923706055,5.485550721486409
4b2i,3.0,5.237271149953206
4b2l,3.240000009536743,4.890089193979899
4b32,3.3399999141693115,5.276641368865967
4b33,3.369999885559082,5.823165734608968
4b34,3.140000104904175,5.426951090494792
4b35,2.890000104904175,5.883485635121663
4b3c,2.680000066757202,4.861849308013916
4b3d,2.680000066757202,4.872539520263672
4b5d,7.889999866485596,5.747770309448242
4b7p,9.460000038146973,5.296752134958903
4bi6,3.950000047683716,7.988852024078369
4bkj,8.720000267028809,8.146736939748129
4bny,7.099999904632568,7.149911880493164
4bqg,6.21999979019165,5.590315341949463
4bqt,5.789999961853027,6.762113571166992
4btk,6.619999885559082,6.835054238637288
4c9w,6.110000133514404,5.392420609792073
4c9x,7.320000171661377,5.71954345703125
4ch2,5.989999771118164,5.72116216023763
4ch8,5.989999771118164,5.014876365661621
4cki,5.960000038146973,5.553937911987305
4ckj,4.840000152587891,5.427735805511475
4cwn,5.590000152587891,6.37929646174113
4cwo,5.210000038146973,6.3434068361918134
4cwp,6.769999980926514,6.440404733022054
4cwq,7.059999942779541,7.2920552889506025
4cwr,8.300000190734863,6.924830913543701
4cws,7.920000076293945,6.318320433298747
4cwt,6.75,7.043231805165608
4d7b,7.679999828338623,5.4359127680460615
4d8z,6.289999961853027,5.265290260314941
4daf,7.119999885559082,5.011070251464844
4dai,6.960000038146973,4.971907774607341
4db7,6.559999942779541,5.090516885121663
4dbm,7.619999885559082,5.079115072886149
4ddh,3.299999952316284,5.780391216278076
4ddk,2.2899999618530273,5.818728923797607
4ddm,2.4600000381469727,5.31541124979655
4de5,3.1500000953674316,5.1603695551554365
4dfu,4.599999904632568,5.108476161956787
4dju,5.440000057220459,5.708042462666829
4djv,6.71999979019165,5.884842872619629
4djw,6.28000020980835,5.285903771718343
4djx,7.230000019073486,5.869680245717366
4djy,8.270000457763672,6.304263591766357
4dlj,5.920000076293945,7.149705568949382
4dn0,5.71999979019165,4.842249234517415
4duh,5.179999828338623,6.818355878194173
4e0x,7.119999885559082,6.919643878936768
4e5w,7.659999847412109,5.237757205963135
4e6d,8.920000076293945,6.5577131907145185
4e6q,8.359999656677246,6.343125979105632
4ef4,5.349999904632568,5.726781686147054
4ef6,2.9200000762939453,5.9837900797526045
4efk,2.490000009536743,5.1638312339782715
4elb,8.300000190734863,5.6069560050964355
4ele,7.880000114440918,5.984249909718831
4elf,8.029999732971191,6.223804155985515
4elg,8.15999984741211,6.013696193695068
4elh,8.09000015258789,5.738992532094319
4erf,9.399999618530273,5.88386599222819
4etz,6.300000190734863,5.693759759267171
4eu0,6.400000095367432,6.693860689798991
4euv,6.300000190734863,7.0318223635355634
4f08,6.599999904632568,6.515442848205566
4f09,6.699999809265137,6.472178300221761
4f5y,5.429999828338623,6.018075784047444
4f9g,5.619999885559082,5.494399865468343
4f9w,6.940000057220459,6.539353529612224
4f9y,6.739999771118164,6.483625094095866
4fcq,7.0,5.2465464274088545
4fcr,9.399999618530273,7.205544948577881
4fev,5.420000076293945,6.187058766682942
4few,5.210000038146973,5.795694669087728
4fm7,7.239999771118164,5.946796417236328
4fm8,5.96999979019165,6.055891354878743
4fmq,5.050000190734863,5.911698341369629
4frs,8.770000457763672,6.312953631083171
4fse,7.400000095367432,6.7184882164001465
4fsl,7.699999809265137,6.448661804199219
4fzj,3.1500000953674316,4.279480457305908
4g5f,3.049999952316284,5.021560986836751
4g8m,7.889999866485596,7.293811003367106
4g95,7.610000133514404,5.399753093719482
4gfm,7.21999979019165,6.482413291931152
4gid,10.770000457763672,7.106284936269124
4gih,8.319999694824219,6.926480611165364
4gkh,4.670000076293945,5.515533606211345
4gki,4.460000038146973,4.5860239664713545
4gm3,9.0,6.961462497711182
4gm8,9.0,7.155440807342529
4gmy,7.550000190734863,5.213058312733968
4gzp,7.840000152587891,5.9040554364522295
4gzt,7.769999980926514,5.637570858001709
4h1e,8.520000457763672,6.087465604146321
4h3f,9.0,6.3012949625651045
4h3g,8.220000267028809,6.288167317708333
4h3i,8.520000457763672,6.4166262944539385
4h3j,7.050000190734863,6.083404699961345
4h3q,5.099999904632568,5.005738099416097
4ha5,7.239999771118164,5.97164265314738
4hfp,7.380000114440918,6.274055163065593
4hgc,10.0,6.446865876515706
4hge,7.920000076293945,6.813432375590007
4i5h,8.699999809265137,7.485361735026042
4i8x,2.640000104904175,5.078585147857666
4i9h,7.170000076293945,6.318864027659099
4i9u,3.859999895095825,6.2263515790303545
4igt,7.889999866485596,6.264967759450276
4iq6,7.239999771118164,5.920948346455892
4iue,6.550000190734863,7.185146808624268
4iva,7.159999847412109,6.125260988871257
4j21,7.409999847412109,7.9365871747334795
4j22,7.739999771118164,6.660098870595296
4j3l,7.800000190734863,6.062888304392497
4j93,4.699999809265137,5.390993118286133
4jfi,4.739999771118164,4.820650100708008
4jfj,5.679999828338623,4.787668228149414
4jfk,6.440000057220459,5.611723264058431
4jfm,5.480000019073486,5.352352778116862
4jia,9.220000267028809,6.1069464683532715
4jsz,2.299999952316284,5.632540861765544
4k0y,7.820000171661377,6.7013014157613116
4k18,8.960000038146973,6.7139787673950195
4k1b,11.520000457763672,6.053908030192058
4k4j,6.119999885559082,6.971158981323242
4k6i,6.199999809265137,7.601474603017171
4kby,6.730000019073486,5.334597269694011
4km0,6.039999961853027,6.374947547912598
4km2,5.840000152587891,6.673934618631999
4kne,5.900000095367432,7.303527355194092
4ksy,8.420000076293945,7.35899003346761
4kzq,6.099999904632568,6.505956649780273
4loh,6.960000038146973,6.704334100087483
4loo,8.149999618530273,6.745776494344075
4lop,8.149999618530273,6.728425184885661
4loq,8.149999618530273,6.494284788767497
4m0y,6.460000038146973,5.452924728393555
4m12,6.050000190734863,7.366432189941406
4m13,6.699999809265137,6.969734191894531
4m14,6.699999809265137,4.964163939158122
4m8e,7.889999866485596,8.006731510162354
4m8h,7.599999904632568,6.963936010996501
4mdn,6.21999979019165,6.277856985727946
4mdq,5.920000076293945,7.11581563949585
4mq6,6.46999979019165,5.206480820973714
4mr3,5.940000057220459,6.082616964975993
4mr4,5.940000057220459,5.576799233754476
4mue,6.699999809265137,5.849081516265869
4muf,6.340000152587891,5.188668251037598
4mul,6.210000038146973,4.739395936330159
4n07,6.460000038146973,7.073485533396403
4n4s,6.880000114440918,6.649572372436523
4n6y,7.039999961853027,7.111460208892822
4n6z,7.800000190734863,7.692680994669597
4n70,12.0,7.978201707204183
4nct,7.550000190734863,7.393904844919841
4nh7,8.399999618530273,6.557052771250407
4nh8,8.520000457763672,5.951823711395264
4nj3,6.519999980926514,6.14942200978597
4nl1,3.890000104904175,4.915144443511963
4nmo,4.829999923706055,5.383004824320476
4nmp,4.039999961853027,5.56723165512085
4nmq,4.489999771118164,4.5268317858378095
4nms,4.940000057220459,6.0082221031188965
4nmt,4.849999904632568,5.932766437530518
4nuc,6.039999961853027,5.845792452494304
4nud,7.070000171661377,5.193368593851726
4nue,6.820000171661377,6.046122074127197
4nwc,5.760000228881836,5.972080230712891
4nxu,5.539999961853027,6.406434694925944
4nxv,5.420000076293945,5.656615416208903
4nzb,4.170000076293945,5.917107899983724
4o04,6.159999847412109,6.208818594614665
4o05,7.429999828338623,7.141566435496013
4o07,7.380000114440918,6.678629239400228
4o09,7.699999809265137,6.623403549194336
4o0b,8.300000190734863,7.096199989318848
4o3f,5.559999942779541,6.278199036916097
4oag,6.300000190734863,5.664743423461914
4oaz,5.769999980926514,6.9467267990112305
4ocq,4.610000133514404,7.074132760365804
4ogi,7.429999828338623,6.898123582204183
4ogj,6.789999961853027,8.04391876856486
4os1,5.599999904632568,6.642680327097575
4os2,6.699999809265137,7.1216721534729
4os4,4.869999885559082,5.816102504730225
4os6,6.440000057220459,7.044571081797282
4os7,4.619999885559082,6.0988701184590655
4poh,8.0,7.468576749165853
4poj,8.100000381469727,7.469983418782552
4pp3,7.820000171661377,7.210583527882894
4pp5,7.739999771118164,7.287339687347412
4pp9,7.369999885559082,7.475958347320557
4ppa,9.100000381469727,7.549491723378499
4ppb,10.0,7.844503879547119
4ppc,9.029999732971191,7.121718088785808
4pqn,9.149999618530273,7.26592477162679
4prj,7.139999866485596,6.931849956512451
4q18,6.130000114440918,7.461787700653076
4q19,8.050000190734863,6.634708404541016
4q1a,9.300000190734863,7.940851052602132
4q1b,8.720000267028809,7.74480136235555
4q1c,8.699999809265137,7.007311662038167
4q1d,7.78000020980835,6.729648590087891
4qaa,6.440000057220459,6.385248978932698
4qab,9.699999809265137,8.11872386932373
4qac,9.399999618530273,7.893078962961833
4qb3,5.46999979019165,5.597687880198161
4qd6,8.640000343322754,6.668209234873454
4qem,7.800000190734863,5.401957194010417
4qer,7.539999961853027,4.448628584543864
4ql1,7.03000020980835,5.962398529052734
4qp1,3.609999895095825,5.317963441212972
4qp2,3.0299999713897705,5.4579315185546875
4qp6,3.4600000381469727,4.918078263600667
4qta,6.699999809265137,7.0496870676676435
4qxo,5.510000228881836,7.380709966023763
4qxq,5.699999809265137,6.291723569234212
4qxr,6.0,5.824995040893555
4qy3,6.820000171661377,5.168782711029053
4qyy,7.300000190734863,5.388894240061442
4qzs,7.050000190734863,7.807165622711182
4r73,7.639999866485596,6.411378701527913
4r74,8.100000381469727,6.652477741241455
4r75,7.239999771118164,7.369137605031331
4r8y,6.190000057220459,6.2412363688151045
4r91,6.369999885559082,5.97148338953654
4r92,7.409999847412109,5.761001427968343
4r93,7.800000190734863,5.551595369974772
4r95,7.849999904632568,6.151230971018474
4rak,7.849999904632568,8.183570067087809
4rfm,10.050000190734863,7.082371711730957
4rj4,7.800000190734863,6.785422484079997
4rj5,7.179999828338623,6.6783725420633955
4rj7,7.659999847412109,6.759909152984619
4rj8,7.769999980926514,6.5896102587382
4rkx,5.099999904632568,5.0714874267578125
4rme,5.920000076293945,7.664047400156657
4rn6,5.099999904632568,6.776623249053955
4rqk,5.820000171661377,6.02368958791097
4rqv,5.050000190734863,5.385793368021647
4rr6,6.0,6.827553908030192
4rra,4.869999885559082,6.436205705006917
4rrg,2.809999942779541,6.779809474945068
4rrq,5.46999979019165,6.475773652394612
4rrr,4.440000057220459,7.644553184509277
4rrv,7.400000095367432,5.396313031514485
4rt0,5.5,7.979726155598958
4rt1,6.139999866485596,7.231948375701904
4tqn,6.110000133514404,6.378603617350261
4tw6,4.210000038146973,8.6099484761556
4tw7,7.590000152587891,9.256441434224447
4twp,10.0,6.787385940551758
4txc,6.619999885559082,6.080919901529948
4ty1,9.260000228881836,7.40499480565389
4u7o,3.3499999046325684,6.903499444325765
4ue1,8.0,7.662150224049886
4uj1,6.519999980926514,5.9002227783203125
4uj9,8.699999809265137,7.215658346811931
4ujb,8.0,6.939610958099365
4um1,5.769999980926514,6.153442859649658
4und,8.960000038146973,5.785401503245036
4ux9,5.099999904632568,4.765041669209798
4w9o,7.769999980926514,7.288753827412923
4w9p,7.800000190734863,7.173582712809245
4w9w,7.480000019073486,7.299546559651692
4w9x,7.400000095367432,6.831665674845378
4wa9,8.420000076293945,7.80321741104126
4wiv,6.260000228881836,6.700053056081136
4x0z,3.1500000953674316,5.158781369527181
4x14,2.9200000762939453,5.215924580891927
4x1n,6.420000076293945,6.449665864308675
4x1p,4.199999809265137,5.561292012532552
4x1r,6.400000095367432,6.028117020924886
4x1s,6.869999885559082,5.758986632029216
4x6h,7.659999847412109,5.6360087394714355
4xip,6.630000114440918,5.623298327128093
4xiq,7.070000171661377,6.352039178212483
4xir,6.940000057220459,6.1857978502909345
4xit,7.269999980926514,7.099310398101807
4xj0,9.520000457763672,6.957980473836263
4xk9,9.069999694824219,7.653322219848633
4xqa,4.989999771118164,5.324619134267171
4xqb,3.7899999618530273,6.63701057434082
4xx9,5.079999923706055,6.252582867940267
4y79,7.960000038146973,6.234420617421468
4yb6,5.320000171661377,5.429208278656006
4yc8,7.849999904632568,7.028908093770345
4yes,8.020000457763672,6.084681669871013
4yk0,3.740000009536743,5.756246884663899
4ykk,2.7699999809265137,7.118272622426351
4ytc,7.889999866485596,6.70119047164917
4ytf,8.149999618530273,6.530798276265462
4yth,8.699999809265137,6.907092094421387
4yvc,5.960000038146973,6.521339734395345
4yve,7.0,5.742285410563151
4yxo,7.039999961853027,4.999607086181641
4yxu,7.239999771118164,6.212225914001465
4z84,5.820000171661377,6.134293715159099
4z93,7.349999904632568,6.200214385986328
4zfi,6.300000190734863,5.475532054901123
4zgk,5.510000228881836,5.567715644836426
4zhm,8.050000190734863,6.684274037679036
4zki,2.9200000762939453,7.3508016268412275
4zme,4.300000190734863,5.860835552215576
4zmf,3.9600000381469727,6.145843346913655
4zsh,7.050000190734863,7.476154327392578
4ztr,8.300000190734863,6.2752024332682295
4zzx,6.900000095367432,6.85693343480428
4zzy,5.599999904632568,5.959959030151367
5a00,7.519999980926514,6.307104110717773
5a0e,6.53000020980835,7.205044110616048
5a14,7.300000190734863,8.015924135843912
5a4c,8.239999771118164,6.6511054039001465
5a6a,7.21999979019165,6.750076770782471
5a6b,8.100000381469727,5.404362678527832
5a6i,7.25,5.260049502054851
5a6k,5.949999809265137,5.572959264119466
5a7b,3.569999933242798,5.701742808024089
5abe,3.049999952316284,6.2859416007995605
5abf,4.849999904632568,6.273915767669678
5abg,8.050000190734863,6.591434001922607
5abh,8.770000457763672,6.856957912445068
5acy,8.1899995803833,7.543850262959798
5ant,6.360000133514404,7.158405303955078
5anu,9.399999618530273,7.066762129465739
5anv,9.300000190734863,7.246604283650716
5anw,8.520000457763672,6.273061275482178
5aok,2.700000047683716,7.117733001708984
5aom,2.9000000953674316,6.823171138763428
5aqf,3.7799999713897705,6.678745269775391
5aqg,4.510000228881836,6.123441696166992
5aqj,2.680000066757202,5.445805390675862
5aqk,3.6500000953674316,6.082921822865804
5aqn,2.7699999809265137,4.870173613230388
5aqo,2.8499999046325684,5.076445579528809
5aqp,2.680000066757202,4.639415264129639
5aqq,3.0999999046325684,5.001799424489339
5aqr,3.0,6.092147668202718
5aqt,3.509999990463257,6.0704952875773115
5aqu,2.9800000190734863,5.685121854146321
5aqv,3.430000066757202,6.25776465733846
5aut,5.170000076293945,6.9121324221293134
5ayt,6.769999980926514,5.2146914800008135
5bml,8.0,6.294622898101807
5boj,7.0,5.167457580566406
5c4k,4.559999942779541,5.227271715799968
5c4l,5.639999866485596,5.354369640350342
5c8k,7.699999809265137,6.822137037913005
5c8m,7.190000057220459,6.897701422373454
5c8n,7.550000190734863,6.421010812123616
5cal,7.659999847412109,6.605949242909749
5can,6.909999847412109,6.444669723510742
5cao,7.420000076293945,6.470982551574707
5cap,7.28000020980835,7.280746618906657
5caq,8.569999694824219,7.011689821879069
5cas,8.850000381469727,6.810734272003174
5cau,8.800000190734863,6.986988385518392
5cbr,5.739999771118164,6.814421653747559
5csw,8.399999618530273,7.661786715189616
5csx,8.220000267028809,7.66667381922404
5d24,5.239999771118164,7.516481081644694
5d25,6.300000190734863,5.80334488550822
5d26,6.090000152587891,5.901101748148601
5d3h,5.099999904632568,5.871500174204509
5d3j,5.239999771118164,5.933260917663574
5d3l,6.059999942779541,5.464292049407959
5d3n,5.039999961853027,6.072419802347819
5d3p,5.130000114440918,5.6360219319661455
5d3s,5.889999866485596,5.183393160502116
5d3t,4.920000076293945,6.410510857899983
5dex,7.650000095367432,5.422027111053467
5dgz,7.849999904632568,7.023670832316081
5dhj,6.699999809265137,6.1868666013081866
5dia,10.460000038146973,6.291075865427653
5dit,6.150000095367432,7.390326499938965
5diu,7.369999885559082,7.857203483581543
5div,6.849999904632568,7.054608186086019
5dlx,5.699999809265137,5.9610209465026855
5dlz,5.739999771118164,5.297472794850667
5dqc,7.340000152587891,7.435072263081868
5dwr,11.220000267028809,7.414848645528157
5edq,8.699999809265137,6.697871049245198
5edr,7.460000038146973,6.605280876159668
5eg4,7.679999828338623,6.381874402364095
5egu,5.849999904632568,7.39275058110555
5eis,5.739999771118164,6.557725111643474
5ejl,6.619999885559082,7.188765366872151
5elv,6.800000190734863,7.461503028869629
5em5,6.579999923706055,6.674540042877197
5em6,8.399999618530273,6.850612322489421
5em7,7.71999979019165,6.383961200714111
5eng,5.849999904632568,6.2061088879903155
5eom,6.389999866485596,5.409139951070149
5ep7,5.400000095367432,6.899944146474202
5ew9,11.0,6.8273078600565595
5ewk,4.849999904632568,5.6627434094746905
5ewy,4.300000190734863,5.596414089202881
5f5z,7.070000171661377,6.274404366811116
5f60,7.369999885559082,6.666083812713623
5f61,7.460000038146973,8.007022857666016
5f62,8.170000076293945,6.754468282063802
5f63,7.920000076293945,6.072729587554932
5fcz,4.199999809265137,7.703470230102539
5fhn,5.900000095367432,6.763202508290608
5fky,8.329999923706055,6.154640197753906
5fl0,6.460000038146973,7.208508650461833
5fl1,8.489999771118164,7.545348485310872
5fnc,4.110000133514404,5.539338747660319
5fnd,3.490000009536743,5.195461432139079
5fnf,3.1500000953674316,6.238948980967204
5fot,3.1700000762939453,6.244630813598633
5fsl,4.619999885559082,6.634902477264404
5fsm,4.400000095367432,6.541223526000977
5fsn,5.769999980926514,6.018520673116048
5fso,6.090000152587891,7.680217583974202
5h85,4.699999809265137,6.1447703043619795
5hcx,8.390000343322754,6.548881530761719
5hcy,8.920000076293945,7.841645399729411
5hd0,8.399999618530273,6.369012832641602
5hdu,9.0,6.753400007883708
5hdv,7.820000171661377,6.549644788106282
5hdx,7.320000171661377,5.9946621259053545
5hdz,7.349999904632568,6.308818022410075
5he4,7.699999809265137,6.303008397420247
5he5,6.46999979019165,6.274902979532878
5he7,8.300000190734863,6.608409245808919
5hes,7.539999961853027,6.7737711270650225
5htb,6.769999980926514,5.617802619934082
5htc,6.820000171661377,7.029365062713623
5htl,6.300000190734863,6.444161732991536
5htz,8.619999885559082,6.696403503417969
5hu0,6.230000019073486,6.2854545911153155
5hu1,8.65999984741211,6.307077725728353
5hu9,7.619999885559082,8.549659411112467
5hvu,7.889999866485596,5.373370329538981
5i3v,7.800000190734863,7.419730027516683
5i3w,9.220000267028809,5.912183920542399
5i3x,8.100000381469727,6.844150066375732
5i3y,9.399999618530273,6.490371863047282
5i7y,7.28000020980835,6.099782784779866
5i80,7.210000038146973,6.684746106465657
5i88,6.599999904632568,7.630322297414144
5i9y,8.550000190734863,6.284012953440349
5ia1,6.28000020980835,6.567534923553467
5ie1,6.849999904632568,5.920435110727946
5igk,7.380000114440918,6.870974699656169
5igl,7.369999885559082,6.118013858795166
5iis,9.0,6.682971477508545
5ipj,8.890000343322754,5.928220748901367
5izf,9.739999771118164,5.300471782684326
5izj,11.520000457763672,5.514206568400065
5j0d,6.869999885559082,6.179098765055339
5j20,9.140000343322754,6.677321910858154
5j27,6.739999771118164,6.738900979359944
5j5r,6.889999866485596,5.225001176198323
5j64,6.849999904632568,6.725614547729492
5j6l,7.889999866485596,6.645806630452474
5j6m,8.569999694824219,6.680189927419026
5j6n,7.769999980926514,6.180620034535726
5j82,6.0,6.123698393503825
5j86,8.260000228881836,7.294915199279785
5j9x,7.769999980926514,6.418860753377278
5jq5,5.630000114440918,6.11885420481364
5jq8,5.699999809265137,6.11766783396403
5jy3,7.920000076293945,6.823194185892741
5k4z,6.150000095367432,5.528146743774414
5khd,5.599999904632568,7.832078615824382
5kks,8.699999809265137,6.343695004781087
5kkt,9.0,5.7283698717753095
5kq5,8.050000190734863,7.556115468343099
5l3a,4.889999866485596,5.9948662122090655
5l4i,6.590000152587891,5.053038279215495
5ljj,7.210000038146973,7.643214066823323
5lny,7.380000114440918,6.8535637855529785
5lpj,5.0,6.53953234354655
5lpk,5.510000228881836,6.185726165771484
5lpl,4.920000076293945,5.986673514048259
5lpm,5.559999942779541,6.49645471572876
5luu,5.059999942779541,5.0253059069315595
5lvl,5.900000095367432,6.693809986114502
5lvn,4.699999809265137,5.34412415822347
5lxb,9.770000457763672,5.296522458394368
5mf6,4.360000133514404,5.066085974375407
5mi5,6.769999980926514,5.586453278859456
5mi7,7.110000133514404,6.768694559733073
5mme,5.849999904632568,7.305808862050374
5mmg,6.010000228881836,7.282345136006673
5mn1,2.4800000190734863,6.045242786407471
5mnb,2.4800000190734863,6.293625513712565
5mnc,1.309999942779541,5.86118205388387
5mnn,3.8399999141693115,5.710437933603923
5mno,3.8399999141693115,6.308067321777344
5mpk,8.520000457763672,6.415981769561768
5mpn,7.070000171661377,8.27864138285319
5mpz,4.070000171661377,5.895229657491048
5mql,5.849999904632568,6.059210777282715
5mqt,5.699999809265137,6.147274176279704
5mrb,6.329999923706055,6.011476039886475
5n7v,8.770000457763672,7.203299681345622
5n93,8.65999984741211,7.069008032480876
5n9s,8.619999885559082,6.305503527323405
5na0,9.770000457763672,6.4633253415425616
5nad,8.960000038146973,7.097318331400554
5neb,7.769999980926514,6.7763142585754395
5nf5,6.820000171661377,6.044408321380615
5ng9,6.71999979019165,7.25140380859375
5nih,6.869999885559082,6.188821951548259
5nlk,7.460000038146973,5.946160952250163
5nne,4.710000038146973,5.402537981669108
5ntt,5.75,5.557834307352702
5nu3,6.639999866485596,6.732856909434001
5nu5,6.329999923706055,6.585446039835612
5ny6,7.869999885559082,4.375311215718587
5nyh,7.730000019073486,7.751413186391194
5nze,6.389999866485596,5.84962256749471
5nzf,4.03000020980835,5.379123369852702
5nzn,3.6600000858306885,5.046462059020996
5o4f,6.679999828338623,6.682485898335774
5o87,6.610000133514404,7.080441315968831
5o91,6.460000038146973,6.096153736114502
5oaj,6.559999942779541,6.211225191752116
5obg,7.130000114440918,6.13528045018514
5oci,8.050000190734863,6.241046746571858
5odx,6.710000038146973,7.499177932739258
5ofu,4.199999809265137,6.467288653055827
5oot,7.550000190734863,6.484017690022786
5op2,6.619999885559082,5.848947048187256
5op4,6.710000038146973,6.387034257253011
5op5,6.670000076293945,5.965170065561931
5opb,7.619999885559082,6.524183432261149
5opr,5.590000152587891,6.029831568400065
5ops,5.059999942779541,5.543371041615804
5opu,7.28000020980835,5.429632504781087
5opv,7.289999961853027,7.34978707631429
5oq5,7.699999809265137,6.925285816192627
5oq6,7.559999942779541,6.593706766764323
5oq7,6.489999771118164,5.954505920410156
5oq8,5.849999904632568,6.044312795003255
5orr,3.7699999809265137,5.482851664225261
5ort,3.049999952316284,5.506760120391846
5orv,2.890000104904175,5.584255695343018
5orw,3.0999999046325684,5.176409403483073
5ory,3.450000047683716,5.361430803934733
5orz,3.359999895095825,5.009305477142334
5os0,2.549999952316284,5.172807852427165
5os1,3.309999942779541,5.306595961252849
5os2,2.740000009536743,5.141054630279541
5os3,2.430000066757202,5.52981440226237
5os4,2.7799999713897705,6.26978063583374
5os5,3.390000104904175,5.622292518615723
5osd,3.2100000381469727,4.9028011957804365
5ose,3.1700000762939453,4.6154829661051435
5sz2,8.699999809265137,5.693868796030681
5tb6,5.820000171661377,6.239837646484375
5tpx,6.550000190734863,7.56178347269694
5tzd,5.739999771118164,7.44845978418986
5tzg,5.800000190734863,6.977113087972005
5u28,7.170000076293945,5.992386976877849
5u49,6.139999866485596,6.041667461395264
5ugb,6.789999961853027,5.956532001495361
5ula,7.110000133514404,6.65448538462321
5uoo,8.850000381469727,6.515492121378581
5usy,7.510000228881836,6.360751469930013
5usz,6.96999979019165,6.7056318918863935
5ut0,5.880000114440918,6.577831268310547
5ut4,4.380000114440918,6.638713995615642
5ut6,4.239999771118164,6.555596669514974
5uzj,6.78000020980835,6.184406916300456
5uzk,6.739999771118164,5.515217145284017
5v0n,7.170000076293945,7.474137306213379
5v5y,7.869999885559082,7.212765057881673
5v82,10.149999618530273,6.602890809377034
5vb5,6.460000038146973,5.695303599039714
5vb6,6.369999885559082,6.460948785146077
5vb7,6.71999979019165,6.865661144256592
5vc3,7.110000133514404,7.657305558522542
5vc4,7.360000133514404,6.92306661605835
5vc5,7.960000038146973,7.228079795837402
5vc6,7.869999885559082,7.367757161458333
5vcv,6.820000171661377,6.584890206654866
5vcw,5.960000038146973,6.697689692179362
5vcx,5.550000190734863,6.857922236124675
5vcy,6.570000171661377,6.492261091868083
5vcz,6.349999904632568,7.069908459981282
5vd0,6.489999771118164,8.77286465962728
5vd1,6.0,8.519258817036947
5vd2,7.099999904632568,6.772878328959147
5vd3,5.550000190734863,6.538837591807048
5vdk,7.570000171661377,7.810786883036296
5vih,7.489999771118164,5.608066240946452
5vii,7.289999961853027,5.604001045227051
5vyy,6.210000038146973,6.091912428538005
5w5v,6.099999904632568,5.614904244740804
5wa5,6.71999979019165,7.036661942799886
5wev,6.820000171661377,5.236997286478679
5wij,6.309999942779541,7.284742832183838
5win,7.03000020980835,6.283822377522786
5wmg,8.210000038146973,6.850384871164958
5wrs,5.519999980926514,5.408387978871663
5wxf,4.480000019073486,5.3600029945373535
5wxo,3.680000066757202,5.191845258076985
5wxp,3.3499999046325684,5.481794516245524
5xsr,7.690000057220459,6.5190965334574384
5xsu,6.739999771118164,5.3387688000996905
5y7z,7.809999942779541,6.562413215637207
5y80,8.789999961853027,6.713138580322266
5ylu,8.619999885559082,6.453083038330078
5yqx,6.960000038146973,6.834557851155599
5za7,5.869999885559082,6.183013916015625
5za8,6.289999961853027,6.050105253855388
5zae,6.809999942779541,5.945974667867024
5zaf,6.78000020980835,6.039550304412842
5zag,6.96999979019165,5.975651264190674
5zah,7.28000020980835,5.414248625437419
5zaj,7.380000114440918,5.197914123535156
5zc5,7.059999942779541,6.29517920811971
6ajv,5.039999961853027,5.88532288869222
6apt,6.050000190734863,4.730335712432861
6aqo,6.110000133514404,5.316200892130534
6b8y,9.65999984741211,5.896958192189534
6bny,6.400000095367432,5.85545285542806
6bod,4.260000228881836,4.671338399251302
6c2r,9.100000381469727,7.0136292775472
6dhc,7.960000038146973,7.161603609720866
6dkb,9.149999618530273,7.959581216176351
6dkg,8.59000015258789,6.313281377156575
6dki,8.640000343322754,6.78874397277832
6dl2,7.480000019073486,6.224770704905192
6dne,7.480000019073486,6.936699549357097
6dxl,5.800000190734863,5.557636419932048
6e4u,7.869999885559082,6.752978006998698
6e4w,6.699999809265137,6.750722249348958
6e7r,6.829999923706055,5.344101428985596
6e7t,6.889999866485596,6.214447975158691
6e7u,6.920000076293945,5.973004341125488
6ei5,7.420000076293945,5.815129439036052
6eif,6.980000019073486,6.007902304331462
6eij,5.769999980926514,5.696304162343343
6eil,5.550000190734863,5.2027567227681475
6eip,5.699999809265137,6.210985501607259
6eiq,6.420000076293945,6.346555709838867
6eis,6.599999904632568,6.926097869873047
6ej4,6.800000190734863,6.338330904642741
6el5,6.880000114440918,6.395279725392659
6eln,6.050000190734863,6.3538492520650225
6elo,6.289999961853027,5.383505344390869
6elp,6.630000114440918,6.234081427256267
6eq2,5.889999866485596,7.177104791005452
6eq3,6.150000095367432,5.9993964831034345
6eq5,4.739999771118164,6.772268454233806
6eq7,7.0,7.019638697306315
6ey8,5.809999942779541,6.588896751403809
6ey9,5.909999847412109,6.331424872080485
6eya,7.480000019073486,6.805988947550456
6eyb,5.369999885559082,6.3162948290507
6f1n,6.260000228881836,5.623091697692871
6f20,4.309999942779541,6.29645299911499
6fcj,7.150000095367432,5.66167418162028
6fcl,4.639999866485596,5.418622016906738
6fsy,6.610000133514404,6.177589416503906
6g0q,4.610000133514404,5.575382073720296
6g36,7.789999961853027,7.88654899597168
6g37,7.369999885559082,7.115316390991211
6g38,6.619999885559082,6.799577395121257
6ggb,5.389999866485596,7.346174399058024
6ggf,5.389999866485596,6.292418638865153
6gnp,4.550000190734863,5.01704200108846
6gnr,5.440000057220459,5.289187749226888
6gnw,4.989999771118164,4.9337334632873535
6gr7,5.5,5.0684746106465655
6grp,5.480000019073486,5.404399553934733
6hd6,5.699999809265137,6.439730644226074
6hgr,3.4600000381469727,4.941279888153076
6hgs,3.7699999809265137,5.580488999684651
6hhr,7.010000228881836,6.033377170562744
6hoy,4.480000019073486,6.012873490651448
6k3l,7.21999979019165,6.422585169474284
6mh1,5.920000076293945,6.547740459442139
6mwe,9.199999809265137,7.484089533487956
6mxe,4.260000228881836,7.1103620529174805
6n8x,5.699999809265137,8.648860613505045
6nfy,7.800000190734863,6.5064155260721845
6nmb,2.700000047683716,7.122413794199626
6no9,10.520000457763672,6.894509792327881
6np2,6.800000190734863,5.827278296152751
6np3,6.46999979019165,5.878293514251709
6np4,4.440000057220459,5.771932919820149
6np5,4.570000171661377,5.7511467933654785
6o5u,4.380000114440918,5.9140143394470215
6o94,8.739999771118164,8.030429045359293
6o95,8.289999961853027,7.057467778523763
6olx,5.380000114440918,8.587230682373047
6pl1,7.650000095367432,6.294414520263672
6qas,7.739999771118164,7.27606217066447
6qau,7.480000019073486,7.353437582651774
6r8l,6.170000076293945,7.695297718048096
6r8o,8.220000267028809,6.724366982777913
6r8w,5.920000076293945,6.099165757497151
6r9u,2.119999885559082,5.346730550130208
6r9x,2.9600000381469727,4.938651243845622
6rot,6.320000171661377,6.953928788503011
6s56,5.099999904632568,5.773477713267009
6s57,5.099999904632568,5.62699540456136
