pid,kind,y_true,y_pred
1a4w,Ki,5.9200,7.2559
1aj6,Kd,5.9200,6.1844
1akq,Kd,9.1000,6.7947
1akr,Kd,9.0900,6.7725
1akt,Kd,8.4900,6.9362
1aku,Kd,6.1300,6.7446
1akw,Kd,8.5900,6.7597
1aw1,Ki,1.0500,3.6254
1bcu,Kd,3.2800,5.3676
1c5o,Ki,3.4900,4.6336
1c5s,Ki,6.0000,4.8357
1c5t,Ki,4.1000,4.8148
1c7e,Kd,6.3000,6.9299
1c7f,Kd,9.5200,6.8696
1ezq,Ki,9.0500,7.5176
1f0s,Ki,7.7400,6.6891
1f0t,Ki,6.0000,5.9701
1f0u,Ki,7.1600,6.4207
1fkn,Ki,8.8000,6.4731
1flm,Kd,9.3700,6.7309
1g2l,Ki,7.2400,8.2623
1g2m,Ki,7.4000,8.3366
1g30,Ki,6.8500,8.7610
1g32,Ki,6.1100,8.7093
1g36,Ki,7.1700,7.5583
1ghv,Ki,4.3500,6.3422
1ghw,Ki,4.2000,6.4689
1ghz,Ki,4.8000,5.9688
1gi1,Ki,5.4700,6.1635
1gi6,Ki,6.2200,6.1534
1gi7,Ki,4.5100,6.1220
1gi8,Ki,5.0500,6.3653
1gi9,Ki,5.2200,6.4140
1gj4,Ki,4.0700,7.5138
1gj5,Ki,4.9600,7.3581
1gj6,Ki,7.0000,7.1668
1gj7,Ki,7.8900,7.3474
1gj8,Ki,6.9600,7.3636
1gja,Ki,5.4200,6.2935
1gjb,Ki,6.3500,6.9033
1gjc,Ki,6.3500,7.0918
1hp5,Ki,6.5500,6.4126
1i7z,Kd,6.4000,6.5633
1jak,Ki,5.5700,6.4916
1jwt,Ki,7.8500,7.2660
1k1i,Kd,6.5800,6.5473
1k1j,Kd,7.5500,6.6570
1k1l,Kd,6.9000,6.7262
1k1m,Kd,7.4000,6.6966
1k1n,Kd,6.8200,6.3717
1k1o,Ki,6.1700,6.2738
1kv5,Ki,4.2200,3.9770
1kzn,Kd,8.9200,7.1251
1lqe,Ki,5.8200,6.8521
1lyx,Ki,4.5400,3.5884
1lzo,Ki,4.5400,3.0747
1m4h,Ki,9.5200,7.4459
1m9n,Ki,6.9200,6.3850
1ml1,Ki,4.2800,3.6623
1njf,Kd,6.2100,6.9597
1np0,Ki,3.5700,5.6432
1nvq,Ki,8.2500,8.6175
1nvr,Ki,8.1100,8.6701
1o2g,Ki,6.1200,7.2223
1o2h,Ki,7.1700,6.9731
1o2j,Ki,6.9200,6.9081
1o2k,Ki,6.9200,6.9499
1o2n,Ki,6.0900,7.5175
1o2o,Ki,6.3600,7.1945
1o2p,Ki,4.8500,7.4124
1o2q,Ki,7.6800,7.4041
1o2r,Ki,5.2100,7.6908
1o2s,Ki,5.4700,6.2193
1o2t,Ki,7.8500,6.9324
1o2z,Ki,6.1100,7.1850
1o30,Ki,6.7700,7.2279
1o32,Ki,5.7400,5.5998
1o33,Ki,5.7400,6.1543
1o34,Ki,5.7400,6.0913
1o35,Ki,5.0000,6.2968
1o36,Ki,5.9600,7.0463
1o38,Ki,6.8200,7.1627
1o39,Ki,7.1300,6.8848
1o3b,Ki,7.1300,6.8071
1o3c,Ki,7.1300,6.8223
1o3d,Ki,7.1300,6.8844
1o3e,Ki,7.9600,6.8697
1o3f,Ki,7.9600,6.6735
1o3p,Ki,6.6600,7.1409
1o5a,Ki,6.4200,7.1375
1o5c,Ki,5.2200,7.6234
1o5e,Ki,5.7400,7.3389
1o5f,Ki,6.0700,7.0537
1o5g,Ki,4.9600,7.7102
1odi,Kd,4.2100,6.8847
1odj,Kd,4.1000,6.8718
1ow4,Kd,5.6800,6.2377
1owe,Ki,6.2000,6.2186
1owh,Ki,7.4000,6.3363
1owi,Ki,7.5500,6.8384
1owj,Ki,7.3200,6.9094
1owk,Ki,7.6300,6.8516
1oyq,Ki,6.9600,7.3906
1oyt,Ki,7.2400,7.8395
1oz0,Kd,7.7000,7.8856
1p1n,Kd,6.8000,5.3340
1p1o,Kd,5.7600,5.9517
1p1q,Kd,4.8900,6.0470
1p4r,Ki,8.1000,6.5566
1p57,Ki,4.4000,6.1478
1pf8,Ki,7.5100,6.2465
1pkx,Ki,6.9200,5.8426
1pl0,Ki,8.2200,6.2862
1pr1,Ki,5.3000,6.9000
1pr5,Ki,3.9200,6.8738
1pxm,Ki,7.2200,7.3690
1pxn,Ki,7.1500,7.3226
1pxp,Ki,6.6600,7.3311
1q4l,Kd,7.4000,5.8351
1q72,Kd,6.8500,5.3169
1q8t,Kd,4.7600,6.1458
1q8u,Kd,5.9600,6.7881
1q8w,Kd,5.2400,6.5700
1qbo,Ki,7.7400,7.3665
1qyg,Kd,6.8500,5.6282
1sb1,Ki,6.8900,7.9887
1sqo,Ki,7.4600,6.4033
1sqt,Ki,6.2000,6.6529
1syh,Ki,6.4100,6.5296
1syi,Ki,5.4400,6.9028
1syo,Kd,9.0000,4.1105
1sz0,Kd,9.0000,3.9228
1thz,Ki,5.1500,6.0664
1tvo,Ki,6.8500,7.4245
1tx7,Ki,4.6000,5.0256
1u6q,Ki,5.8800,6.5928
1ua4,Ki,4.2200,6.3016
1utn,Kd,3.4900,3.6671
1uto,Kd,2.2700,3.8446
1v2k,Ki,6.1900,7.0525
1v2n,Ki,5.9000,6.6460
1v2o,Ki,4.7300,5.4615
1v2p,Ki,4.7300,5.9061
1v2q,Ki,4.1300,5.4702
1v2r,Ki,3.5500,5.5987
1v2t,Ki,4.7100,5.4820
1v2w,Ki,4.0100,5.3796
1vjd,Kd,3.5400,5.5719
1wvj,Ki,6.7300,6.4813
1xa5,Kd,6.5000,9.3281
1xbb,Ki,5.3000,8.0299
1xhy,Ki,6.1800,5.1315
1xk9,Ki,6.8500,5.7070
1xkk,Ki,8.5200,10.2760
1xws,Kd,8.0000,6.8697
1xxh,Kd,6.1100,6.7770
1xxi,Kd,5.5200,6.0101
1y3v,Ki,5.6400,7.1116
1y3w,Ki,5.7700,7.0072
1y3x,Ki,5.1400,6.9120
1ydr,Ki,5.5200,6.8852
1yds,Ki,5.9200,6.9963
1yp9,Ki,5.1100,7.2794
1ype,Ki,8.1000,8.5422
1ypg,Ki,8.0000,8.4577
1ypj,Ki,7.0200,8.3923
1z6e,Ki,9.7200,9.1429
2al5,Ki,8.4000,5.9730
2b1g,Ki,6.6400,5.0207
2b1i,Ki,6.8200,6.1327
2bal,Kd,6.3100,6.5812
2br1,Ki,5.1400,7.4806
2brb,Ki,4.8600,7.1997
2brm,Ki,5.8900,7.1568
2byp,Kd,9.0600,6.3581
2byr,Kd,8.5500,7.2662
2bys,Kd,9.5200,6.4750
2bza,Ki,2.8000,4.0865
2c3i,Kd,7.6000,6.7089
2c3j,Ki,6.1800,5.7682
2c3k,Ki,7.5900,8.5139
2c3l,Ki,5.0700,6.7488
2c6o,Ki,8.2200,8.0056
2cbj,Ki,8.2700,6.0893
2cji,Ki,8.2200,7.1595
2clx,Ki,4.8800,6.4060
2cvd,Kd,6.1000,6.4734
2d0k,Kd,5.0200,6.2877
2e2p,Ki,4.7400,4.8471
2epn,Ki,7.2200,5.8212
2esm,Ki,6.2800,7.7122
2etk,Ki,6.8200,7.3919
2etr,Ki,6.8200,6.7824
2fb8,Kd,9.8000,7.3985
2fdp,Ki,7.5900,7.6553
2fpz,Ki,3.9600,4.6256
2fvd,Ki,8.5200,7.9116
2fx6,Ki,3.7000,4.8638
2fzz,Ki,10.5200,9.1922
2g00,Ki,9.7400,8.6807
2gl0,Kd,4.8200,5.3330
2h13,Kd,5.3500,4.8196
2ito,Kd,6.9100,7.3915
2itt,Kd,8.7700,7.6549
2ity,Kd,7.2700,7.2914
2itz,Kd,8.5900,7.5779
2j27,Ki,3.5200,3.9152
2j2u,Ki,7.3300,7.6155
2j34,Ki,7.8200,6.8510
2j4i,Ki,9.0000,7.9876
2j62,Ki,11.3400,7.8580
2j94,Ki,6.2700,7.1259
2j95,Ki,8.4000,7.1348
2jds,Ki,8.2000,8.3479
2jdv,Ki,8.2000,9.5052
2jh0,Ki,8.7000,7.1899
2jh5,Ki,6.4400,6.9682
2jh6,Ki,7.7700,6.9477
2jkh,Ki,8.0500,7.5459
2ohl,Kd,3.0500,4.5638
2ojg,Ki,5.6400,6.4820
2oji,Ki,7.0700,7.1214
2ojj,Ki,8.7000,7.6612
2oxn,Ki,7.4400,5.7296
2p16,Ki,10.1000,8.1067
2p4j,Ki,8.9600,7.8495
2p93,Ki,8.8200,6.6792
2p94,Ki,9.1700,8.1321
2p95,Ki,9.3700,7.2678
2pgz,Kd,5.7400,5.6335
2psx,Ki,5.7700,5.5938
2qmg,Ki,9.1500,8.1027
2qrk,Ki,4.2600,4.5691
2qrl,Ki,4.0000,3.7450
2r2m,Ki,7.3300,7.5432
2r2w,Ki,4.4700,6.1183
2r5b,Kd,8.6000,6.3029
2r5d,Kd,10.1500,6.4931
2rcb,Kd,6.7900,5.0127
2rin,Kd,4.0000,7.8682
2uwd,Kd,8.3500,7.0909
2uwl,Ki,8.4000,6.5562
2uwo,Ki,8.7000,6.8667
2uwp,Ki,6.8100,6.6315
2v2c,Ki,3.4100,3.7189
2v2h,Ki,3.7700,3.7490
2vc9,Kd,8.4400,5.7702
2vcb,Kd,5.2600,6.6670
2vkm,Ki,8.7400,8.3964
2vvc,Ki,8.5200,7.5845
2vvn,Kd,7.3000,6.3697
2vvs,Ki,7.3400,6.0111
2w26,Ki,9.4000,7.0309
2w66,Ki,4.0500,5.9040
2w67,Ki,4.9600,5.5276
2w8f,Ki,6.3000,6.5610
2w8g,Ki,6.0000,7.7002
2w9h,Kd,6.3700,6.6405
2wb5,Ki,9.1300,7.1671
2wd7,Ki,4.9700,4.2596
2wn9,Kd,8.5200,5.8725
2wnc,Kd,6.3200,6.0333
2wnj,Kd,6.4800,6.1189
2wnl,Kd,6.0000,4.0212
2wtv,Ki,8.7400,7.8628
2wtw,Kd,8.1900,7.8324
2x00,Kd,11.3300,6.8158
2xab,Kd,9.2700,6.7801
2xah,Ki,3.5500,11.8687
2xaj,Ki,3.7700,11.5604
2xaq,Ki,5.9600,11.7864
2xas,Ki,5.8900,12.9665
2xde,Kd,5.4700,5.6318
2xdk,Kd,3.6000,4.7786
2xdl,Kd,3.1000,5.2913
2xdx,Kd,6.4600,6.0953
2xhr,Kd,8.3200,7.3749
2xht,Kd,5.9600,6.1703
2xhx,Kd,6.6000,6.3191
2xj1,Kd,7.5500,6.5698
2xj2,Kd,7.1800,6.5241
2xjg,Kd,7.8200,6.9295
2xjj,Kd,6.5100,6.6687
2xjx,Kd,9.1500,6.9184
2xm1,Kd,5.0700,5.5801
2xm2,Ki,4.6200,5.6461
2xmy,Ki,9.9600,7.5995
2xnb,Ki,6.8300,7.9745
2xpk,Ki,11.3000,7.7415
2xys,Ki,7.4200,7.2590
2xyt,Ki,6.2900,8.5064
2xz5,Ki,4.0100,4.3811
2y54,Kd,4.7000,4.6707
2y56,Kd,6.5100,5.3607
2y57,Kd,6.8900,6.7212
2y58,Kd,5.5000,6.1307
2y8l,Kd,5.8200,6.0660
2y8q,Kd,5.8200,5.7862
2y9q,Kd,6.1500,6.2221
2ygf,Kd,5.0900,6.4719
2yi5,Kd,7.4100,6.3134
2yix,Kd,8.4800,7.6031
2yk1,Kd,8.1300,6.0309
2yki,Kd,9.4600,9.3470
2yme,Kd,7.6600,6.0084
2z6w,Kd,7.8700,7.1959
2zaz,Ki,6.4000,6.7340
2zb0,Ki,6.6200,7.9359
2zb1,Kd,6.3200,6.5479
2zc9,Ki,6.7400,7.3861
2zda,Ki,8.4000,7.3963
2zdk,Kd,6.3700,6.0434
2zdl,Kd,6.4000,5.6900
2zdm,Kd,6.4100,5.9538
2zdn,Kd,6.2500,5.8577
2zfp,Ki,5.1700,6.7833
2zfs,Kd,6.5400,5.8977
2zft,Kd,6.5200,5.5796
2zgx,Ki,6.7400,6.8574
2zhd,Kd,6.5400,6.3435
2zju,Kd,5.8100,5.3982
2zjv,Kd,5.1400,4.9326
2zmd,Kd,7.0100,5.4746
2zq1,Kd,6.6200,5.7649
2zq2,Kd,6.5600,6.0064
3a2c,Ki,6.9000,6.8130
3ag9,Ki,8.0500,7.5253
3agl,Ki,7.8000,8.7421
3agm,Ki,9.0900,9.0294
3ama,Ki,6.5300,7.4806
3amb,Ki,6.1800,7.9684
3anq,Ki,6.7400,6.2653
3axz,Kd,3.4300,5.7244
3ay0,Kd,3.0400,5.5881
3b24,Kd,4.3800,4.9816
3b25,Kd,6.0700,7.0149
3b26,Kd,6.6400,6.7901
3b27,Kd,5.1600,5.9498
3b28,Kd,8.4700,7.2367
3bex,Kd,5.5700,4.4773
3bf1,Kd,2.5200,4.9227
3bft,Ki,6.4900,5.2656
3bfu,Ki,6.2700,5.4344
3bgq,Ki,7.9600,7.7121
3bgz,Ki,6.2600,6.9734
3bmn,Ki,4.4600,4.1302
3bmo,Ki,5.2700,5.5183
3bmq,Ki,5.4900,5.2613
3bv9,Ki,5.3600,6.9530
3bwj,Kd,6.5000,7.6800
3c39,Kd,3.9600,4.4269
3c49,Kd,7.1500,6.4865
3c4h,Kd,5.7000,5.2351
3c79,Kd,7.2000,5.3221
3c84,Kd,7.8500,5.7616
3ce0,Kd,6.1500,5.7918
3cen,Ki,8.2600,7.9657
3cfn,Kd,5.0000,5.4210
3ckp,Ki,6.3500,7.0130
3ckr,Ki,5.3000,7.6194
3ckz,Ki,8.7200,7.3521
3cl0,Ki,7.0700,6.1894
3cl2,Ki,7.5900,6.4691
3cow,Kd,6.9000,7.5410
3coy,Kd,6.0200,7.3688
3coz,Kd,5.5700,6.8400
3cs7,Ki,10.6800,8.7894
3d7z,Ki,7.9200,7.2195
3d83,Ki,8.3600,8.8718
3d94,Ki,6.8000,10.3348
3d9v,Ki,8.2200,7.8133
3da9,Kd,5.5100,5.8653
3dnd,Ki,4.8000,5.6188
3dne,Ki,5.2200,6.9070
3dux,Ki,7.0000,7.6743
3e64,Kd,7.1100,7.1537
3e92,Ki,8.0000,7.9265
3e93,Ki,8.8500,9.8624
3ebo,Ki,4.7200,4.9113
3ebp,Ki,5.9100,5.5817
3egk,Ki,4.6600,7.1748
3eig,Ki,7.6800,7.5154
3eko,Ki,6.7000,5.3232
3ekr,Ki,7.5200,6.0697
3emg,Ki,8.0500,7.8659
3f0r,Ki,6.8900,5.3172
3f68,Ki,5.0600,7.8919
3faa,Ki,8.1500,8.5250
3fat,Kd,7.6400,5.7052
3ffg,Ki,9.0800,9.1005
3fhb,Kd,5.7000,3.9480
3fmz,Ki,8.0800,8.1810
3fqe,Ki,8.3000,7.7609
3g2v,Kd,6.5200,5.0794
3g90,Ki,6.3600,6.6652
3g9n,Ki,5.7400,7.6652
3gfw,Kd,7.5700,7.7582
3gjw,Ki,8.3000,5.9907
3gn7,Ki,8.3000,5.9921
3gs6,Ki,6.5900,5.5714
3gsm,Ki,6.4800,5.1569
3gvu,Kd,8.0000,9.3041
3gy2,Kd,5.7400,5.6405
3gy3,Kd,5.6300,6.0647
3gy4,Kd,5.1000,4.1990
3hl7,Ki,7.6400,7.2397
3hmo,Kd,7.5200,7.1212
3hmp,Kd,5.4900,5.4061
3hrf,Kd,4.9900,5.2390
3huc,Kd,5.9900,6.3532
3i25,Ki,8.5100,9.8504
3i4b,Ki,8.1500,8.3886
3i5z,Ki,8.7000,7.8436
3i60,Ki,8.7000,7.9830
3imc,Kd,2.9600,4.8165
3ime,Kd,3.0000,4.9203
3img,Kd,2.9600,4.7309
3io7,Ki,7.7700,7.9684
3iob,Kd,3.4200,6.3542
3ioc,Kd,3.6800,6.9142
3iod,Kd,4.1000,7.7314
3ioe,Kd,3.2700,7.0139
3iok,Ki,7.9600,8.2814
3iph,Ki,7.6000,7.2407
3iub,Kd,4.5400,6.5424
3iue,Kd,5.8200,7.0743
3ivc,Kd,4.1200,7.1075
3ivg,Kd,4.3000,6.6961
3ivx,Kd,5.7400,7.3496
3jq7,Ki,5.9200,6.0833
3jq8,Ki,4.4600,4.5956
3jq9,Ki,6.4000,5.8469
3jqa,Ki,4.4600,4.0134
3jqb,Ki,6.0200,5.6195
3jqf,Ki,4.4600,3.6942
3jqg,Ki,4.7400,5.6993
3jvr,Ki,5.7200,5.0610
3jvs,Kd,6.5400,5.4330
3jxw,Ki,9.0000,7.2264
3jy0,Ki,8.3000,7.1853
3jy9,Ki,9.0000,7.8494
3jya,Ki,6.8900,6.1611
3k41,Kd,0.8200,4.7652
3k5v,Kd,6.3000,6.7924
3k97,Ki,8.0000,6.4104
3k98,Kd,9.0000,6.3872
3k99,Ki,7.2200,5.5390
3kcf,Ki,7.4600,8.8084
3kgu,Kd,5.9200,4.7475
3khv,Ki,1.8500,4.5626
3kjd,Kd,8.5400,5.4504
3kqb,Ki,9.3000,9.3373
3kqc,Ki,8.6600,9.4468
3kqd,Ki,9.4000,9.6160
3kqe,Ki,8.0900,9.3891
3kr8,Kd,8.1000,6.5964
3l1s,Ki,8.7000,7.3719
3l3l,Ki,7.4800,5.3421
3l3m,Ki,8.2200,6.9090
3lbl,Ki,7.4400,7.2633
3ldq,Ki,5.3600,6.1226
3le8,Kd,6.0700,6.4924
3lhj,Kd,9.5100,7.7413
3liw,Ki,7.6000,8.3219
3ljj,Kd,6.5200,5.5691
3ljo,Kd,6.6200,5.9261
3m35,Ki,7.2200,7.0809
3m36,Ki,9.8200,8.1163
3m37,Ki,9.0400,8.1827
3miy,Kd,7.6800,6.7227
3mj1,Kd,7.8200,7.2625
3ms9,Kd,5.2200,5.2507
3mss,Kd,4.6600,5.5748
3myg,Kd,10.7000,6.5469
3n0h,Ki,6.2100,7.1373
3n1c,Kd,5.2200,5.1153
3nex,Kd,6.0000,6.3595
3nga,Kd,8.0000,7.5812
3nk8,Kd,3.0000,4.4931
3nkk,Kd,4.7000,4.7910
3nmq,Ki,9.7000,8.6250
3nsn,Ki,7.1900,5.9014
3nyn,Kd,6.0000,5.2216
3o2m,Kd,4.8000,6.0805
3oaf,Ki,8.8000,6.8628
3oap,Kd,6.2600,6.6187
3ozj,Kd,5.1100,5.9017
3ozp,Ki,6.6200,6.3228
3p17,Ki,4.4800,6.4939
3pd2,Kd,5.4700,5.9255
3pd3,Kd,4.4400,6.3531
3pd4,Kd,4.4800,5.8274
3pe1,Ki,9.6500,8.0922
3po1,Kd,4.0200,6.0031
3pqz,Kd,4.4600,7.3970
3pxq,Kd,4.4300,6.4854
3pyy,Kd,6.8600,6.4616
3qdd,Ki,8.7700,8.1161
3qem,Kd,7.2200,6.2958
3qfy,Ki,6.1200,5.4384
3qfz,Ki,3.2400,5.0184
3qgw,Ki,5.8900,6.6427
3qgy,Ki,7.8000,7.6930
3qto,Ki,4.1300,6.9530
3qtv,Ki,4.6500,7.1649
3que,Kd,8.8200,7.1654
3qwc,Ki,4.2600,6.8093
3qx5,Ki,4.2000,7.7378
3r4m,Ki,5.9200,5.4743
3r4n,Ki,6.8900,6.4580
3r4o,Ki,8.1500,7.4240
3r4p,Ki,7.9600,7.6359
3r5m,Kd,4.3400,6.2676
3rlp,Kd,7.0800,6.3761
3rlq,Ki,7.4000,7.2708
3rlr,Ki,7.5200,7.8392
3roc,Ki,8.1900,7.4656
3rsx,Kd,4.4100,5.0684
3rth,Kd,5.2100,6.0580
3rtm,Kd,4.4200,5.5927
3rwp,Ki,9.2200,8.2051
3rwq,Ki,7.4600,7.5371
3s3v,Ki,6.2300,6.9772
3s6t,Ki,7.3500,5.3686
3s74,Kd,8.4000,3.9064
3sha,Ki,5.5900,6.6432
3shc,Ki,5.7200,7.3048
3si3,Ki,4.1600,6.4425
3si4,Ki,3.8800,6.7440
3sur,Ki,4.1500,6.3951
3sus,Ki,4.1500,6.5406
3sut,Ki,7.8500,6.7419
3suu,Ki,8.5200,6.8183
3suv,Ki,4.5500,6.2726
3suw,Ki,4.7000,6.2639
3sv2,Ki,4.1900,6.6769
3tdh,Kd,4.2600,5.1851
3te5,Kd,4.9100,5.7892
3tu1,Ki,6.6000,7.1834
3tu7,Ki,8.0900,7.6209
3tzm,Ki,7.7700,8.6226
3u8j,Ki,8.5100,6.1387
3u8k,Ki,8.6600,6.3998
3u8l,Ki,8.0500,6.6155
3u9n,Kd,7.0000,7.0473
3udh,Kd,2.8500,4.2469
3ug2,Kd,8.2500,7.0514
3unz,Kd,7.8000,6.4752
3uo4,Kd,6.5200,6.3619
3uo5,Kd,7.4100,5.6678
3uo6,Kd,7.8200,5.7903
3uod,Kd,7.3100,5.9445
3uoj,Kd,7.2900,6.4203
3up2,Kd,7.4000,6.0665
3uvk,Kd,6.8000,6.3405
3uvw,Kd,5.1700,5.4618
3uvx,Kd,4.3400,5.1894
3v3b,Kd,7.2600,7.4841
3vha,Kd,7.4000,6.6581
3vhc,Kd,8.8900,6.8093
3vhd,Kd,9.2800,6.4358
3vtr,Ki,5.5700,5.4151
3wb4,Kd,4.4400,4.8213
3wb5,Kd,4.5700,4.9969
3wha,Kd,9.3200,6.9444
3wth,Kd,6.2900,5.1923
3wti,Kd,5.9000,4.6568
3wtj,Kd,6.5300,5.5222
3wtl,Kd,7.0400,5.3329
3wtm,Kd,7.0000,5.3685
3wtn,Kd,7.0400,5.3539
3wto,Kd,6.9200,5.5805
3x1k,Kd,3.5900,5.6153
3zdg,Ki,7.1000,5.5570
3zdh,Ki,7.3500,6.1236
3zh8,Kd,6.4700,7.5249
3zmm,Ki,9.1400,8.0073
3zmu,Ki,4.3000,6.5393
3zmv,Ki,4.2600,6.7385
3zos,Kd,8.8900,9.1554
4a6l,Ki,8.0000,7.2835
4a7j,Kd,7.0000,5.5820
4ab8,Kd,3.8700,4.6336
4ab9,Kd,3.3300,4.2037
4aba,Kd,3.8200,3.9518
4abb,Kd,4.5100,4.0569
4abd,Kd,4.4000,4.2209
4abe,Kd,3.4000,4.2220
4abg,Kd,3.5700,4.6736
4abh,Kd,4.1500,4.4402
4abj,Ki,7.4700,7.0705
4acm,Ki,6.6800,7.4751
4afg,Ki,8.3000,6.9126
4aft,Kd,6.4700,6.1284
4aj1,Kd,3.1100,4.2658
4aj2,Kd,2.3800,4.4580
4aj4,Kd,3.8900,4.7678
4aji,Kd,3.5500,5.2665
4ajk,Kd,3.1100,4.4965
4ajl,Kd,3.8000,4.7734
4ajn,Kd,7.1600,6.7807
4ajo,Kd,7.0300,6.9495
4al4,Kd,6.8900,7.2269
4alx,Ki,7.2800,6.9854
4axd,Kd,4.4300,6.2614
4az2,Ki,7.3300,7.2122
4az5,Kd,5.9900,6.0482
4az6,Ki,9.1000,6.4908
4azb,Kd,7.2400,6.5594
4aze,Kd,8.1100,6.8099
4azf,Kd,6.3500,5.8680
4azg,Kd,7.1000,5.7450
4azi,Kd,7.4500,6.0526
4b05,Ki,7.5800,8.0632
4b2i,Kd,3.0000,3.7260
4b2l,Kd,3.2400,4.4974
4b32,Kd,3.3400,3.9494
4b33,Kd,3.3700,3.8374
4b34,Kd,3.1400,3.9596
4b35,Kd,2.8900,3.6860
4b3c,Kd,2.6800,3.4779
4b3d,Kd,2.6800,3.6782
4b5d,Ki,7.8900,6.1561
4b7p,Kd,9.4600,7.0467
4bi6,Kd,3.9500,3.9581
4bkj,Kd,8.7200,8.8822
4bny,Ki,7.1000,6.6898
4bqg,Kd,6.2200,6.7257
4bqt,Kd,5.7900,5.5052
4btk,Kd,6.6200,6.5158
4c9w,Kd,6.1100,7.4914
4c9x,Kd,7.3200,8.2981
4ch2,Kd,5.9900,7.0238
4ch8,Kd,5.9900,4.9408
4cki,Kd,5.9600,5.3832
4ckj,Kd,4.8400,5.3438
4cwn,Ki,5.5900,8.0036
4cwo,Ki,5.2100,7.4501
4cwp,Ki,6.7700,7.7922
4cwq,Ki,7.0600,7.9813
4cwr,Ki,8.3000,7.8762
4cws,Ki,7.9200,8.0556
4cwt,Ki,6.7500,8.2008
4d7b,Kd,7.6800,5.3395
4d8z,Kd,6.2900,6.0289
4daf,Kd,7.1200,6.3666
4dai,Kd,6.9600,5.8251
4db7,Kd,6.5600,6.2237
4dbm,Kd,7.6200,6.9041
4ddh,Kd,3.3000,5.0115
4ddk,Kd,2.2900,4.3149
4ddm,Kd,2.4600,4.6875
4de5,Kd,3.1500,4.9186
4dfu,Ki,4.6000,6.1096
4dju,Ki,5.4400,5.5746
4djv,Ki,6.7200,6.6361
4djw,Ki,6.2800,6.3148
4djx,Ki,7.2300,5.9938
4djy,Ki,8.2700,6.2169
4dlj,Kd,5.9200,6.8013
4dn0,Kd,5.7200,5.4550
4duh,Kd,5.1800,5.7316
4e0x,Ki,7.1200,5.5653
4e5w,Ki,7.6600,8.6332
4e6d,Ki,8.9200,7.8948
4e6q,Ki,8.3600,8.1275
4ef4,Kd,5.3500,5.5781
4ef6,Kd,2.9200,4.7997
4efk,Kd,2.4900,4.8431
4elb,Ki,8.3000,8.9722
4ele,Ki,7.8800,9.1062
4elf,Ki,8.0300,9.0430
4elg,Ki,8.1600,8.9864
4elh,Ki,8.0900,8.8043
4erf,Kd,9.4000,6.3841
4etz,Kd,6.3000,5.3001
4eu0,Kd,6.4000,5.2807
4euv,Kd,6.3000,5.6000
4f08,Ki,6.6000,6.9274
4f09,Ki,6.7000,7.1312
4f5y,Kd,5.4300,6.0504
4f9g,Kd,5.6200,5.4013
4f9w,Ki,6.9400,7.9623
4f9y,Kd,6.7400,6.6875
4fcq,Kd,7.0000,7.7949
4fcr,Kd,9.4000,7.3015
4fev,Ki,5.4200,6.4600
4few,Ki,5.2100,6.5711
4fm7,Kd,7.2400,5.9142
4fm8,Kd,5.9700,5.7197
4fmq,Kd,5.0500,5.6181
4frs,Ki,8.7700,6.1275
4fse,Ki,7.4000,6.9968
4fsl,Ki,7.7000,7.3362
4fzj,Kd,3.1500,3.3917
4g5f,Kd,3.0500,4.9766
4g8m,Kd,7.8900,5.2892
4g95,Ki,7.6100,6.9869
4gfm,Ki,7.2200,6.6418
4gid,Ki,10.7700,8.7235
4gih,Ki,8.3200,7.0918
4gkh,Ki,4.6700,6.7240
4gki,Ki,4.4600,6.6571
4gm3,Ki,9.0000,7.5915
4gm8,Ki,9.0000,7.6369
4gmy,Ki,7.5500,6.5401
4gzp,Ki,7.8400,6.6737
4gzt,Ki,7.7700,6.3937
4h1e,Ki,8.5200,6.5155
4h3f,Ki,9.0000,7.5078
4h3g,Ki,8.2200,7.3131
4h3i,Ki,8.5200,6.9728
4h3j,Ki,7.0500,6.7410
4h3q,Kd,5.1000,5.4638
4ha5,Ki,7.2400,5.3840
4hfp,Kd,7.3800,6.6843
4hgc,Ki,10.0000,6.8427
4hge,Ki,7.9200,7.6739
4i5h,Ki,8.7000,9.6988
4i8x,Kd,2.6400,4.5204
4i9h,Kd,7.1700,7.8307
4i9u,Kd,3.8600,4.9867
4igt,Kd,7.8900,5.3714
4iq6,Ki,7.2400,7.6579
4iue,Kd,6.5500,6.0075
4iva,Ki,7.1600,7.6906
4j21,Kd,7.4100,5.9594
4j22,Kd,7.7400,6.3622
4j3l,Kd,7.8000,6.2247
4j93,Kd,4.7000,4.8254
4jfi,Ki,4.7400,7.0395
4jfj,Ki,5.6800,7.8761
4jfk,Kd,6.4400,8.1407
4jfm,Kd,5.4800,6.9671
4jia,Ki,9.2200,8.1300
4jsz,Ki,2.3000,3.6938
4k0y,Ki,7.8200,7.2203
4k18,Ki,8.9600,7.6575
4k1b,Ki,11.5200,8.4889
4k4j,Kd,6.1200,6.2492
4k6i,Kd,6.2000,7.2100
4kby,Kd,6.7300,6.0385
4km0,Kd,6.0400,5.5615
4km2,Kd,5.8400,5.8479
4kne,Kd,5.9000,5.7154
4ksy,Kd,8.4200,6.7098
4kzq,Kd,6.1000,5.8397
4loh,Kd,6.9600,6.4434
4loo,Kd,8.1500,6.9631
4lop,Kd,8.1500,6.7705
4loq,Kd,8.1500,6.7879
4m0y,Kd,6.4600,5.2251
4m12,Kd,6.0500,7.5983
4m13,Kd,6.7000,7.8331
4m14,Kd,6.7000,5.5317
4m8e,Kd,7.8900,6.5945
4m8h,Kd,7.6000,6.2241
4mdn,Ki,6.2200,7.7655
4mdq,Ki,5.9200,6.3069
4mq6,Kd,6.4700,6.7130
4mr3,Kd,5.9400,6.0736
4mr4,Kd,5.9400,6.6565
4mue,Kd,6.7000,7.0256
4muf,Kd,6.3400,7.1146
4mul,Kd,6.2100,7.6426
4n07,Kd,6.4600,5.5182
4n4s,Ki,6.8800,9.0760
4n6y,Ki,7.0400,6.7433
4n6z,Ki,7.8000,7.2198
4n70,Ki,12.0000,8.3472
4nct,Ki,7.5500,8.3879
4nh7,Ki,8.4000,8.1909
4nh8,Ki,8.5200,7.9038
4nj3,Kd,6.5200,8.2756
4nl1,Kd,3.8900,4.0917
4nmo,Kd,4.8300,5.6986
4nmp,Kd,4.0400,6.0195
4nmq,Kd,4.4900,5.9526
4nms,Kd,4.9400,5.9896
4nmt,Kd,4.8500,5.8006
4nuc,Ki,6.0400,5.7982
4nud,Ki,7.0700,5.6687
4nue,Ki,6.8200,5.9155
4nwc,Ki,5.7600,5.1723
4nxu,Kd,5.5400,4.5393
4nxv,Kd,5.4200,4.5205
4nzb,Ki,4.1700,6.1753
4o04,Ki,6.1600,7.6567
4o05,Ki,7.4300,8.5247
4o07,Ki,7.3800,8.5236
4o09,Ki,7.7000,8.1420
4o0b,Ki,8.3000,8.1893
4o3f,Kd,5.5600,6.7351
4oag,Kd,6.3000,4.9281
4oaz,Kd,5.7700,5.4936
4ocq,Kd,4.6100,4.6353
4ogi,Kd,7.4300,7.1871
4ogj,Kd,6.7900,7.2647
4os1,Ki,5.6000,6.8470
4os2,Ki,6.7000,6.8129
4os4,Ki,4.8700,6.9375
4os6,Ki,6.4400,6.8559
4os7,Ki,4.6200,7.0350
4poh,Kd,8.0000,6.1379
4poj,Kd,8.1000,6.1403
4pp3,Kd,7.8200,6.3678
4pp5,Kd,7.7400,6.1272
4pp9,Ki,7.3700,6.8450
4ppa,Ki,9.1000,6.3532
4ppb,Ki,10.0000,6.5374
4ppc,Ki,9.0300,6.7749
4pqn,Ki,9.1500,7.8383
4prj,Ki,7.1400,6.7892
4q18,Ki,6.1300,8.1765
4q19,Ki,8.0500,7.9566
4q1a,Ki,9.3000,7.8897
4q1b,Ki,8.7200,8.5286
4q1c,Ki,8.7000,8.1421
4q1d,Ki,7.7800,8.6219
4qaa,Kd,6.4400,6.2669
4qab,Kd,9.7000,6.7460
4qac,Kd,9.4000,7.2838
4qb3,Kd,5.4700,5.8360
4qd6,Ki,8.6400,7.1113
4qem,Kd,7.8000,3.8655
4qer,Kd,7.5400,4.8579
4ql1,Kd,7.0300,6.9131
4qp1,Kd,3.6100,5.1916
4qp2,Kd,3.0300,4.6212
4qp6,Kd,3.4600,4.5500
4qta,Kd,6.7000,8.8072
4qxo,Kd,5.5100,5.3744
4qxq,Kd,5.7000,5.4277
4qxr,Kd,6.0000,5.3940
4qy3,Ki,6.8200,4.7340
4qyy,Kd,7.3000,6.8246
4qzs,Kd,7.0500,6.4278
4r73,Kd,7.6400,5.1538
4r74,Kd,8.1000,5.1613
4r75,Kd,7.2400,5.3091
4r8y,Ki,6.1900,6.3028
4r91,Kd,6.3700,6.2714
4r92,Ki,7.4100,6.9328
4r93,Ki,7.8000,6.9992
4r95,Ki,7.8500,7.3208
4rak,Ki,7.8500,7.5804
4rfm,Ki,10.0500,8.0648
4rj4,Ki,7.8000,9.0263
4rj5,Ki,7.1800,7.9073
4rj7,Ki,7.6600,7.9850
4rj8,Ki,7.7700,8.7999
4rkx,Ki,5.1000,4.1273
4rme,Kd,5.9200,6.3885
4rn6,Kd,5.1000,6.5207
4rqk,Kd,5.8200,5.5051
4rqv,Kd,5.0500,5.6449
4rr6,Kd,6.0000,5.7517
4rra,Kd,4.8700,5.0640
4rrg,Kd,2.8100,5.8002
4rrq,Kd,5.4700,5.7482
4rrr,Kd,4.4400,6.0596
4rrv,Kd,7.4000,6.6351
4rt0,Kd,5.5000,5.3952
4rt1,Kd,6.1400,5.5903
4tqn,Kd,6.1100,5.4947
4tw6,Ki,4.2100,8.0736
4tw7,Ki,7.5900,8.7095
4twp,Ki,10.0000,7.8869
4txc,Kd,6.6200,8.2914
4ty1,Ki,9.2600,8.1038
4u7o,Kd,3.3500,5.6664
4ue1,Kd,8.0000,7.8086
4uj1,Ki,6.5200,7.8814
4uj9,Ki,8.7000,7.7700
4ujb,Ki,8.0000,7.5539
4um1,Ki,5.7700,5.6191
4und,Kd,8.9600,7.0599
4ux9,Kd,5.1000,5.8020
4w9o,Ki,7.7700,7.5517
4w9p,Ki,7.8000,7.7499
4w9w,Kd,7.4800,5.2758
4w9x,Kd,7.4000,6.9505
4wa9,Ki,8.4200,7.3542
4wiv,Kd,6.2600,7.0560
4x0z,Kd,3.1500,3.9538
4x14,Kd,2.9200,3.3686
4x1n,Kd,6.4200,6.7599
4x1p,Kd,4.2000,5.2548
4x1r,Kd,6.4000,6.9025
4x1s,Kd,6.8700,7.2177
4x6h,Ki,7.6600,7.1119
4xip,Ki,6.6300,6.8992
4xiq,Ki,7.0700,7.3154
4xir,Ki,6.9400,7.7830
4xit,Ki,7.2700,8.2422
4xj0,Ki,9.5200,7.8192
4xk9,Kd,9.0700,7.9179
4xqa,Kd,4.9900,5.7931
4xqb,Kd,3.7900,5.8055
4xx9,Kd,5.0800,5.8663
4y79,Ki,7.9600,6.7089
4yb6,Kd,5.3200,4.3420
4yc8,Kd,7.8500,7.5700
4yes,Ki,8.0200,7.6190
4yk0,Kd,3.7400,4.5865
4ykk,Ki,2.7700,4.9475
4ytc,Ki,7.8900,7.7689
4ytf,Ki,8.1500,7.7654
4yth,Ki,8.7000,7.9939
4yvc,Ki,5.9600,6.9265
4yve,Ki,7.0000,7.2057
4yxo,Kd,7.0400,3.7444
4yxu,Kd,7.2400,4.0137
4z84,Ki,5.8200,7.9603
4z93,Kd,7.3500,7.5441
4zfi,Kd,6.3000,5.9952
4zgk,Kd,5.5100,5.9106
4zhm,Ki,8.0500,7.0902
4zki,Kd,2.9200,6.3807
4zme,Kd,4.3000,5.1879
4zmf,Kd,3.9600,5.2795
4zsh,Kd,7.0500,6.6810
4ztr,Kd,8.3000,7.1807
4zzx,Kd,6.9000,5.1289
4zzy,Kd,5.6000,6.2996
5a00,Kd,7.5200,6.4750
5a0e,Ki,6.5300,7.4442
5a14,Kd,7.3000,8.7875
5a4c,Kd,8.2400,8.1331
5a6a,Ki,7.2200,5.5366
5a6b,Ki,8.1000,5.8065
5a6i,Kd,7.2500,5.0897
5a6k,Ki,5.9500,5.8255
5a7b,Kd,3.5700,5.2802
5abe,Ki,3.0500,5.9244
5abf,Ki,4.8500,6.0419
5abg,Ki,8.0500,6.3399
5abh,Ki,8.7700,5.9203
5acy,Kd,8.1900,7.0699
5ant,Kd,6.3600,8.6031
5anu,Kd,9.4000,8.9104
5anv,Kd,9.3000,8.9645
5anw,Kd,8.5200,8.0582
5aok,Kd,2.7000,4.4987
5aom,Kd,2.9000,4.3339
5aqf,Kd,3.7800,4.8021
5aqg,Kd,4.5100,4.9893
5aqj,Kd,2.6800,4.1015
5aqk,Kd,3.6500,4.7047
5aqn,Kd,2.7700,4.1560
5aqo,Kd,2.8500,4.2186
5aqp,Kd,2.6800,3.9493
5aqq,Kd,3.1000,4.1132
5aqr,Kd,3.0000,4.4349
5aqt,Kd,3.5100,4.5569
5aqu,Kd,2.9800,5.0474
5aqv,Kd,3.4300,5.4282
5aut,Kd,5.1700,6.1346
5ayt,Ki,6.7700,5.5008
5bml,Ki,8.0000,7.5376
5boj,Kd,7.0000,4.9793
5c4k,Kd,4.5600,4.6551
5c4l,Kd,5.6400,4.4810
5c8k,Ki,7.7000,8.8767
5c8m,Ki,7.1900,8.9186
5c8n,Ki,7.5500,9.1812
5cal,Ki,7.6600,8.4362
5can,Ki,6.9100,8.6187
5cao,Ki,7.4200,8.9601
5cap,Ki,7.2800,8.9458
5caq,Ki,8.5700,9.0784
5cas,Ki,8.8500,9.2046
5cau,Ki,8.8000,9.0086
5cbr,Kd,5.7400,6.4821
5csw,Kd,8.4000,8.0797
5csx,Kd,8.2200,8.6193
5d24,Kd,5.2400,5.9612
5d25,Kd,6.3000,6.0850
5d26,Kd,6.0900,6.0973
5d3h,Kd,5.1000,6.3064
5d3j,Kd,5.2400,6.2270
5d3l,Kd,6.0600,6.4694
5d3n,Kd,5.0400,6.1784
5d3p,Kd,5.1300,6.3812
5d3s,Kd,5.8900,6.2669
5d3t,Kd,4.9200,6.1233
5dex,Ki,7.6500,5.3690
5dgz,Ki,7.8500,8.4313
5dhj,Ki,6.7000,6.3441
5dia,Ki,10.4600,8.2899
5dit,Ki,6.1500,8.2895
5diu,Ki,7.3700,8.7506
5div,Ki,6.8500,7.2322
5dlx,Kd,5.7000,6.9357
5dlz,Kd,5.7400,6.4386
5dqc,Ki,7.3400,8.4779
5dwr,Ki,11.2200,8.1120
5edq,Ki,8.7000,8.2636
5edr,Ki,7.4600,7.8581
5eg4,Ki,7.6800,7.5386
5egu,Kd,5.8500,7.6569
5eis,Kd,5.7400,6.3649
5ejl,Kd,6.6200,5.8069
5elv,Kd,6.8000,5.1871
5em5,Ki,6.5800,7.6358
5em6,Ki,8.4000,8.5402
5em7,Ki,7.7200,7.9872
5eng,Kd,5.8500,5.7881
5eom,Kd,6.3900,5.0418
5ep7,Kd,5.4000,4.7201
5ew9,Ki,11.0000,7.0793
5ewk,Kd,4.8500,5.7172
5ewy,Kd,4.3000,5.6668
5f5z,Kd,7.0700,8.0238
5f60,Kd,7.3700,7.5217
5f61,Kd,7.4600,7.9414
5f62,Kd,8.1700,8.0659
5f63,Kd,7.9200,7.7807
5fcz,Ki,4.2000,6.1778
5fhn,Ki,5.9000,8.0607
5fky,Ki,8.3300,5.8193
5fl0,Ki,6.4600,6.3157
5fl1,Ki,8.4900,6.0924
5fnc,Kd,4.1100,5.6202
5fnd,Kd,3.4900,4.5860
5fnf,Kd,3.1500,5.3262
5fot,Kd,3.1700,4.4887
5fsl,Kd,4.6200,6.5980
5fsm,Kd,4.4000,7.2541
5fsn,Kd,5.7700,6.7431
5fso,Kd,6.0900,6.0981
5h85,Kd,4.7000,5.3865
5hcx,Ki,8.3900,9.2954
5hcy,Ki,8.9200,9.6395
5hd0,Ki,8.4000,6.6628
5hdu,Ki,9.0000,7.1966
5hdv,Ki,7.8200,6.7795
5hdx,Ki,7.3200,6.7108
5hdz,Ki,7.3500,6.6218
5he4,Ki,7.7000,7.5290
5he5,Ki,6.4700,6.6649
5he7,Ki,8.3000,7.5111
5hes,Kd,7.5400,7.8726
5htb,Kd,6.7700,6.9674
5htc,Kd,6.8200,6.3423
5htl,Kd,6.3000,6.3586
5htz,Ki,8.6200,6.5446
5hu0,Ki,6.2300,6.5482
5hu1,Ki,8.6600,6.7440
5hu9,Kd,7.6200,9.5951
5hvu,Ki,7.8900,8.0082
5i3v,Kd,7.8000,6.7600
5i3w,Kd,9.2200,6.6607
5i3x,Kd,8.1000,7.3382
5i3y,Kd,9.4000,7.8445
5i7y,Kd,7.2800,6.1992
5i80,Kd,7.2100,6.0306
5i88,Kd,6.6000,6.0468
5i9y,Kd,8.5500,7.5338
5ia1,Kd,6.2800,7.5703
5ie1,Kd,6.8500,6.4208
5igk,Kd,7.3800,6.9093
5igl,Kd,7.3700,5.9770
5iis,Ki,9.0000,8.1283
5ipj,Kd,8.8900,6.9773
5izf,Kd,9.7400,8.0770
5izj,Kd,11.5200,7.0167
5j0d,Kd,6.8700,6.4554
5j20,Kd,9.1400,8.2455
5j27,Kd,6.7400,8.3116
5j5r,Ki,6.8900,6.1564
5j64,Kd,6.8500,6.2187
5j6l,Kd,7.8900,8.0739
5j6m,Kd,8.5700,8.1151
5j6n,Kd,7.7700,8.8940
5j82,Kd,6.0000,7.9743
5j86,Kd,8.2600,8.0963
5j9x,Kd,7.7700,7.7685
5jq5,Kd,5.6300,6.9198
5jq8,Kd,5.7000,7.1729
5jy3,Ki,7.9200,8.3013
5k4z,Kd,6.1500,6.1031
5khd,Kd,5.6000,5.4931
5kks,Ki,8.7000,8.4426
5kkt,Ki,9.0000,9.2169
5kq5,Kd,8.0500,8.1180
5l3a,Kd,4.8900,5.4610
5l4i,Kd,6.5900,4.9885
5ljj,Kd,7.2100,7.0730
5lny,Kd,7.3800,8.1750
5lpj,Kd,5.0000,5.5248
5lpk,Kd,5.5100,5.2848
5lpl,Kd,4.9200,5.8969
5lpm,Kd,5.5600,5.9964
5luu,Kd,5.0600,6.0637
5lvl,Kd,5.9000,5.0899
5lvn,Kd,4.7000,4.6211
5lxb,Ki,9.7700,6.8312
5mf6,Kd,4.3600,4.9722
5mi5,Kd,6.7700,5.9815
5mi7,Kd,7.1100,6.2661
5mme,Kd,5.8500,5.5950
5mmg,Kd,6.0100,6.0197
5mn1,Kd,2.4800,3.5127
5mnb,Kd,2.4800,3.5174
5mnc,Kd,1.3100,3.6704
5mnn,Kd,3.8400,3.9523
5mno,Kd,3.8400,4.0446
5mpk,Kd,8.5200,5.9800
5mpn,Kd,7.0700,5.8881
5mpz,Kd,4.0700,4.5325
5mql,Kd,5.8500,6.9695
5mqt,Kd,5.7000,6.6569
5mrb,Kd,6.3300,8.1797
5n7v,Kd,8.7700,7.0213
5n93,Kd,8.6600,6.2983
5n9s,Kd,8.6200,8.8351
5na0,Kd,9.7700,8.5883
5nad,Kd,8.9600,8.6899
5neb,Ki,7.7700,5.0112
5nf5,Ki,6.8200,4.4464
5ng9,Ki,6.7200,4.6843
5nih,Ki,6.8700,4.7695
5nlk,Kd,7.4600,5.8215
5nne,Kd,4.7100,5.3980
5ntt,Kd,5.7500,8.8751
5nu3,Kd,6.6400,5.8452
5nu5,Kd,6.3300,5.8054
5ny6,Ki,7.8700,3.7251
5nyh,Kd,7.7300,7.9347
5nze,Kd,6.3900,5.9316
5nzf,Ki,4.0300,6.1756
5nzn,Ki,3.6600,6.1512
5o4f,Ki,6.6800,4.9341
5o87,Kd,6.6100,5.5618
5o91,Kd,6.4600,8.8939
5oaj,Kd,6.5600,4.5310
5obg,Kd,7.1300,6.3769
5oci,Kd,8.0500,8.3677
5odx,Kd,6.7100,8.4278
5ofu,Ki,4.2000,5.0177
5oot,Ki,7.5500,7.4715
5op2,Ki,6.6200,7.0457
5op4,Ki,6.7100,7.2225
5op5,Ki,6.6700,7.1784
5opb,Ki,7.6200,7.5271
5opr,Ki,5.5900,6.7599
5ops,Ki,5.0600,6.4442
5opu,Ki,7.2800,6.6917
5opv,Ki,7.2900,6.7431
5oq5,Ki,7.7000,7.8247
5oq6,Ki,7.5600,7.5251
5oq7,Ki,6.4900,7.0393
5oq8,Ki,5.8500,7.1378
5orr,Kd,3.7700,3.8608
5ort,Kd,3.0500,4.4462
5orv,Kd,2.8900,3.4740
5orw,Kd,3.1000,4.3329
5ory,Kd,3.4500,3.9734
5orz,Kd,3.3600,3.4625
5os0,Kd,2.5500,4.0476
5os1,Kd,3.3100,4.1250
5os2,Kd,2.7400,4.2128
5os3,Kd,2.4300,3.8280
5os4,Kd,2.7800,4.3314
5os5,Kd,3.3900,4.1532
5osd,Kd,3.2100,4.5394
5ose,Kd,3.1700,3.8192
5sz2,Ki,8.7000,3.8884
5tb6,Kd,5.8200,5.6897
5tpx,Kd,6.5500,6.5055
5tzd,Kd,5.7400,5.2080
5tzg,Kd,5.8000,5.6558
5u28,Kd,7.1700,6.3621
5u49,Kd,6.1400,5.1418
5ugb,Ki,6.7900,8.1424
5ula,Ki,7.1100,5.1586
5uoo,Ki,8.8500,7.5435
5usy,Kd,7.5100,6.6176
5usz,Kd,6.9700,6.9158
5ut0,Kd,5.8800,6.5386
5ut4,Kd,4.3800,7.5682
5ut6,Kd,4.2400,6.3760
5uzj,Ki,6.7800,7.3135
5uzk,Ki,6.7400,9.1746
5v0n,Ki,7.1700,8.5330
5v5y,Kd,7.8700,7.8220
5v82,Ki,10.1500,8.3692
5vb5,Kd,6.4600,7.9126
5vb6,Kd,6.3700,8.2510
5vb7,Ki,6.7200,9.1313
5vc3,Kd,7.1100,6.8671
5vc4,Kd,7.3600,7.3940
5vc5,Kd,7.9600,7.4788
5vc6,Kd,7.8700,7.4686
5vcv,Kd,6.8200,7.1279
5vcw,Kd,5.9600,6.9118
5vcx,Kd,5.5500,6.8792
5vcy,Kd,6.5700,7.2509
5vcz,Kd,6.3500,7.5699
5vd0,Kd,6.4900,7.5150
5vd1,Kd,6.0000,7.1767
5vd2,Kd,7.1000,6.6975
5vd3,Kd,5.5500,6.9141
5vdk,Kd,7.5700,7.9951
5vih,Ki,7.4900,5.5419
5vii,Ki,7.2900,5.8518
5vyy,Kd,6.2100,7.5832
5w5v,Kd,6.1000,5.7157
5wa5,Kd,6.7200,7.7177
5wev,Ki,6.8200,6.8995
5wij,Kd,6.3100,7.5598
5win,Kd,7.0300,6.7478
5wmg,Kd,8.2100,7.0940
5wrs,Kd,5.5200,5.9224
5wxf,Ki,4.4800,8.6687
5wxo,Ki,3.6800,6.8540
5wxp,Ki,3.3500,6.6554
5xsr,Kd,7.6900,5.8523
5xsu,Kd,6.7400,6.2010
5y7z,Kd,7.8100,6.7303
5y80,Kd,8.7900,6.1002
5ylu,Ki,8.6200,6.4595
5yqx,Kd,6.9600,6.1173
5za7,Ki,5.8700,6.9957
5za8,Ki,6.2900,7.1949
5zae,Ki,6.8100,7.0721
5zaf,Ki,6.7800,6.8171
5zag,Ki,6.9700,7.3426
5zah,Ki,7.2800,6.9265
5zaj,Ki,7.3800,7.8303
5zc5,Ki,7.0600,7.7038
6ajv,Kd,5.0400,5.2140
6apt,Ki,6.0500,6.2330
6aqo,Ki,6.1100,6.1799
6b8y,Ki,9.6600,9.0851
6bny,Kd,6.4000,6.4384
6bod,Kd,4.2600,6.0589
6c2r,Ki,9.1000,7.1708
6dhc,Ki,7.9600,6.9717
6dkb,Kd,9.1500,8.5914
6dkg,Kd,8.5900,8.0523
6dki,Kd,8.6400,7.5410
6dl2,Ki,7.4800,6.1945
6dne,Ki,7.4800,7.2680
6dxl,Kd,5.8000,7.3170
6e4u,Kd,7.8700,4.9008
6e4w,Kd,6.7000,5.3723
6e7r,Kd,6.8300,6.4536
6e7t,Kd,6.8900,7.1201
6e7u,Kd,6.9200,7.1728
6ei5,Kd,7.4200,7.8518
6eif,Ki,6.9800,7.5109
6eij,Ki,5.7700,8.0292
6eil,Ki,5.5500,7.0652
6eip,Ki,5.7000,7.7695
6eiq,Ki,6.4200,7.6506
6eis,Ki,6.6000,7.7207
6ej4,Ki,6.8000,7.3041
6el5,Kd,6.8800,8.5327
6eln,Kd,6.0500,6.4915
6elo,Kd,6.2900,6.9285
6elp,Kd,6.6300,7.5757
6eq2,Kd,5.8900,6.7593
6eq3,Kd,6.1500,6.8435
6eq5,Kd,4.7400,6.0745
6eq7,Kd,7.0000,7.6355
6ey8,Kd,5.8100,7.7589
6ey9,Kd,5.9100,8.3007
6eya,Kd,7.4800,7.7514
6eyb,Kd,5.3700,7.8493
6f1n,Kd,6.2600,6.1787
6f20,Kd,4.3100,6.0371
6fcj,Kd,7.1500,5.9969
6fcl,Ki,4.6400,5.1452
6fsy,Kd,6.6100,6.0432
6g0q,Kd,4.6100,5.3563
6g36,Kd,7.7900,5.2937
6g37,Kd,7.3700,5.3204
6g38,Kd,6.6200,5.0139
6ggb,Kd,5.3900,5.0320
6ggf,Kd,5.3900,5.2245
6gnp,Kd,4.5500,3.7049
6gnr,Kd,5.4400,4.6471
6gnw,Kd,4.9900,4.5698
6gr7,Kd,5.5000,4.3232
6grp,Kd,5.4800,4.2151
6hd6,Kd,5.7000,6.1948
6hgr,Ki,3.4600,5.0256
6hgs,Ki,3.7700,5.6807
6hhr,Kd,7.0100,6.3821
6hoy,Kd,4.4800,4.8566
6k3l,Kd,7.2200,7.3028
6mh1,Kd,5.9200,7.9458
6mwe,Kd,9.2000,8.0638
6mxe,Kd,4.2600,6.8275
6n8x,Kd,5.7000,7.4564
6nfy,Kd,7.8000,5.8463
6nmb,Ki,2.7000,4.4364
6no9,Ki,10.5200,7.8431
6np2,Kd,6.8000,4.8417
6np3,Kd,6.4700,5.1317
6np4,Kd,4.4400,4.0507
6np5,Kd,4.5700,3.9997
6o5u,Kd,4.3800,3.8477
6o94,Ki,8.7400,9.2469
6o95,Ki,8.2900,8.5885
6olx,Kd,5.3800,7.4800
6pl1,Kd,7.6500,7.3565
6qas,Kd,7.7400,7.0722
6qau,Kd,7.4800,7.1575
6r8l,Kd,6.1700,5.8164
6r8o,Kd,8.2200,6.0731
6r8w,Kd,5.9200,5.8756
6r9u,Kd,2.1200,3.9896
6r9x,Kd,2.9600,4.7353
6rot,Ki,6.3200,7.8236
6s56,Kd,5.1000,6.1491
6s57,Kd,5.1000,5.9733
