arm,heavy_atoms,n,clash_median,clash_mean
AR,5,60,1.0,2.53
AR,6,105,1.0,2.48
AR,7,175,2.0,2.64
AR,8,236,2.0,2.95
AR,9,369,2.0,3.19
AR,10,440,3.0,3.42
AR,11,524,3.0,3.87
AR,12,468,3.0,4.14
AR,13,432,3.0,4.49
AR,14,404,3.0,4.68
AR,15,425,3.0,5.08
AR,16,423,3.0,5.35
AR,17,321,3.0,5.33
AR,18,288,3.0,5.12
AR,19,293,4.0,4.91
AR,20,282,4.0,4.88
AR,21,307,4.0,5.27
AR,22,298,4.0,5.67
AR,23,244,5.0,6.27
AR,24,237,6.0,7.1
AR,25,201,6.0,7.51
AR,26,169,6.0,8.32
AR,27,145,6.0,7.84
AR,28,153,6.0,8.03
AR,29,152,6.0,7.51
AR,30,118,6.0,7.51
AR,31,99,6.0,7.47
AR,32,49,6.0,7.51
AR,33,41,5.0,7.56
AR,34,22,5.0,6.35
AR,35,22,4.5,5.35
AR,36,16,5.0,5.42
AR,37,12,5.0,5.04
AR,38,17,4.0,4.97
AR,39,11,5.0,5.18
AR,40,10,6.0,6.55
AR,41,8,8.0,7.71
AR,42,10,8.0,8.43
AR,43,12,9.0,8.61
AR,44,11,,
Pocket2Mol,5,74,3.0,3.33
Pocket2Mol,6,140,3.0,3.77
Pocket2Mol,7,214,3.0,3.67
Pocket2Mol,8,255,3.0,3.7
Pocket2Mol,9,454,3.0,3.92
Pocket2Mol,10,589,3.0,4.1
Pocket2Mol,11,482,3.0,4.23
Pocket2Mol,12,495,4.0,4.53
Pocket2Mol,13,491,4.0,4.97
Pocket2Mol,14,399,4.0,5.56
Pocket2Mol,15,317,5.0,6.0
Pocket2Mol,16,214,5.0,6.7
Pocket2Mol,17,221,6.0,7.68
Pocket2Mol,18,283,6.0,7.48
Pocket2Mol,19,277,6.0,6.95
Pocket2Mol,20,199,6.0,6.29
Pocket2Mol,21,152,6.0,6.43
Pocket2Mol,22,152,6.0,6.66
Pocket2Mol,23,128,5.0,6.92
Pocket2Mol,24,127,6.0,7.55
Pocket2Mol,25,172,7.0,8.9
Pocket2Mol,26,224,7.0,9.43
Pocket2Mol,27,197,8.0,9.71
Pocket2Mol,28,196,8.0,10.29
Pocket2Mol,29,111,9.0,11.59
Pocket2Mol,30,99,11.0,12.74
Pocket2Mol,31,113,12.0,12.84
Pocket2Mol,32,104,12.0,12.87
Pocket2Mol,33,88,14.0,14.55
Pocket2Mol,34,112,12.0,13.74
Pocket2Mol,35,74,11.0,13.27
Pocket2Mol,36,46,10.0,11.97
Pocket2Mol,37,53,13.0,14.69
Pocket2Mol,38,67,15.0,18.12
Pocket2Mol,39,97,15.0,17.48
Pocket2Mol,40,80,15.0,17.7
Pocket2Mol,41,81,13.0,14.94
Pocket2Mol,42,53,15.0,17.73
Pocket2Mol,43,42,13.0,17.29
Pocket2Mol,44,30,19.5,19.82
DiffSBDD,5,66,1.0,2.41
DiffSBDD,6,89,2.0,2.85
DiffSBDD,7,112,2.0,3.65
DiffSBDD,8,199,2.0,4.38
DiffSBDD,9,287,3.0,4.54
DiffSBDD,10,340,3.0,4.87
DiffSBDD,11,352,3.0,5.43
DiffSBDD,12,341,4.0,6.17
DiffSBDD,13,320,4.0,7.11
DiffSBDD,14,274,4.5,7.71
DiffSBDD,15,246,5.0,8.64
DiffSBDD,16,270,5.0,9.54
DiffSBDD,17,248,6.0,11.0
DiffSBDD,18,288,6.0,11.98
DiffSBDD,19,294,7.0,12.1
DiffSBDD,20,348,7.0,13.58
DiffSBDD,21,333,7.0,14.68
DiffSBDD,22,288,8.0,16.12
DiffSBDD,23,296,8.0,16.51
DiffSBDD,24,284,9.0,16.86
DiffSBDD,25,261,9.0,16.68
DiffSBDD,26,266,10.0,16.21
DiffSBDD,27,244,11.0,16.87
DiffSBDD,28,236,12.0,18.51
DiffSBDD,29,177,13.0,20.54
DiffSBDD,30,182,14.0,21.22
DiffSBDD,31,167,14.0,21.0
DiffSBDD,32,158,14.0,21.13
DiffSBDD,33,138,15.0,21.82
DiffSBDD,34,113,17.5,24.49
DiffSBDD,35,75,19.0,25.58
DiffSBDD,36,74,21.0,29.5
DiffSBDD,37,59,21.5,30.22
DiffSBDD,38,37,22.0,33.63
DiffSBDD,39,35,21.5,30.66
DiffSBDD,40,30,24.0,35.44
DiffSBDD,41,24,25.0,37.73
DiffSBDD,42,19,42.0,50.21
DiffSBDD,43,19,42.0,49.44
DiffSBDD,44,21,42.0,48.7
TargetDiff,5,28,3.0,3.61
TargetDiff,6,120,3.0,3.81
TargetDiff,7,107,4.0,4.31
TargetDiff,8,206,4.0,4.77
TargetDiff,9,174,4.0,4.96
TargetDiff,10,201,4.0,5.34
TargetDiff,11,326,5.0,5.54
TargetDiff,12,345,5.0,5.89
TargetDiff,13,191,5.0,6.19
TargetDiff,14,171,5.0,6.75
TargetDiff,15,141,6.0,6.99
TargetDiff,16,124,6.0,7.66
TargetDiff,17,164,7.0,8.15
TargetDiff,18,181,7.0,8.73
TargetDiff,19,218,7.0,9.26
TargetDiff,20,258,7.0,9.43
TargetDiff,21,322,8.0,9.73
TargetDiff,22,210,8.0,10.15
TargetDiff,23,342,9.0,10.92
TargetDiff,24,227,9.0,11.33
TargetDiff,25,277,10.0,11.37
TargetDiff,26,128,10.0,11.96
TargetDiff,27,393,11.0,12.75
TargetDiff,28,354,11.0,13.1
TargetDiff,29,172,11.0,13.35
TargetDiff,30,213,11.0,13.57
TargetDiff,31,288,12.0,14.39
TargetDiff,32,170,13.0,15.46
TargetDiff,33,154,14.0,16.45
TargetDiff,34,124,14.0,17.45
TargetDiff,35,87,14.0,18.03
TargetDiff,36,99,16.0,19.18
TargetDiff,37,65,16.0,18.75
TargetDiff,38,14,16.0,19.85
TargetDiff,39,40,16.0,21.53
TargetDiff,40,33,16.0,23.2
TargetDiff,41,21,20.0,26.35
TargetDiff,42,53,21.0,27.16
TargetDiff,43,29,20.0,26.85
TargetDiff,44,69,19.5,26.22
DecompDiff,5,0,1.0,2.81
DecompDiff,6,392,1.0,2.81
DecompDiff,7,0,2.0,3.47
DecompDiff,8,195,4.0,4.24
DecompDiff,9,196,3.0,3.82
DecompDiff,10,98,3.0,3.1
DecompDiff,11,390,3.0,3.8
DecompDiff,12,192,4.0,5.05
DecompDiff,13,380,6.0,6.54
DecompDiff,14,94,4.0,5.04
DecompDiff,15,383,4.0,4.41
DecompDiff,16,372,4.0,6.98
DecompDiff,17,179,6.0,9.39
DecompDiff,18,147,7.0,12.13
DecompDiff,19,95,7.0,7.58
DecompDiff,20,264,7.0,7.63
DecompDiff,21,350,7.0,7.91
DecompDiff,22,75,7.0,9.01
DecompDiff,23,248,8.0,10.2
DecompDiff,24,0,8.0,9.98
DecompDiff,25,161,6.0,6.99
DecompDiff,26,252,8.0,10.26
DecompDiff,27,474,9.0,12.13
DecompDiff,28,87,12.0,14.87
DecompDiff,29,195,19.0,17.81
DecompDiff,30,0,11.0,13.16
DecompDiff,31,208,10.0,11.91
DecompDiff,32,170,9.0,11.18
DecompDiff,33,198,9.0,11.21
DecompDiff,34,0,12.0,12.83
DecompDiff,35,129,16.0,17.51
DecompDiff,36,0,16.0,18.67
DecompDiff,37,186,14.0,16.25
DecompDiff,38,70,14.0,16.25
DecompDiff,39,0,8.0,7.7
DecompDiff,40,0,,
DecompDiff,41,0,13.0,14.36
DecompDiff,42,121,13.0,14.36
DecompDiff,43,0,13.0,14.36
DecompDiff,44,0,,
FuncBind,5,67,3.0,3.97
FuncBind,6,78,2.0,3.29
FuncBind,7,294,3.0,3.54
FuncBind,8,328,3.0,3.28
FuncBind,9,261,3.0,3.41
FuncBind,10,324,3.0,3.64
FuncBind,11,379,4.0,4.26
FuncBind,12,396,4.0,4.69
FuncBind,13,368,4.0,4.89
FuncBind,14,336,4.0,4.72
FuncBind,15,318,3.0,4.62
FuncBind,16,380,3.0,4.16
FuncBind,17,295,3.0,4.23
FuncBind,18,249,3.0,4.2
FuncBind,19,204,4.0,4.86
FuncBind,20,258,4.0,5.27
FuncBind,21,280,5.0,6.01
FuncBind,22,307,5.0,6.77
FuncBind,23,348,6.0,7.64
FuncBind,24,299,6.0,8.52
FuncBind,25,319,7.0,8.91
FuncBind,26,262,8.0,9.73
FuncBind,27,350,9.0,11.34
FuncBind,28,265,10.0,12.1
FuncBind,29,148,10.0,12.36
FuncBind,30,101,8.0,9.29
FuncBind,31,80,8.0,8.49
FuncBind,32,73,7.0,7.94
FuncBind,33,66,7.0,7.55
FuncBind,34,58,7.0,6.94
FuncBind,35,62,6.0,6.58
FuncBind,36,58,6.0,6.44
FuncBind,37,65,6.0,6.1
FuncBind,38,43,6.0,6.48
FuncBind,39,30,6.0,6.46
FuncBind,40,31,7.0,6.84
FuncBind,41,21,7.0,6.81
FuncBind,42,21,7.0,6.63
FuncBind,43,18,7.0,6.86
FuncBind,44,10,6.0,6.79
VoxBind σ=0.9,5,32,5.0,5.99
VoxBind σ=0.9,6,43,3.0,5.14
VoxBind σ=0.9,7,81,3.0,4.52
VoxBind σ=0.9,8,100,3.0,4.05
VoxBind σ=0.9,9,166,3.0,3.67
VoxBind σ=0.9,10,257,3.0,3.58
VoxBind σ=0.9,11,275,3.0,3.88
VoxBind σ=0.9,12,237,3.0,4.19
VoxBind σ=0.9,13,206,3.0,4.23
VoxBind σ=0.9,14,171,3.0,4.07
VoxBind σ=0.9,15,160,3.0,4.0
VoxBind σ=0.9,16,189,3.0,4.28
VoxBind σ=0.9,17,197,4.0,4.44
VoxBind σ=0.9,18,192,4.0,4.46
VoxBind σ=0.9,19,214,4.0,4.63
VoxBind σ=0.9,20,253,4.0,4.79
VoxBind σ=0.9,21,239,4.0,5.11
VoxBind σ=0.9,22,287,4.0,5.28
VoxBind σ=0.9,23,284,4.0,5.62
VoxBind σ=0.9,24,291,5.0,5.87
VoxBind σ=0.9,25,328,5.0,6.13
VoxBind σ=0.9,26,300,5.0,6.33
VoxBind σ=0.9,27,303,5.0,6.58
VoxBind σ=0.9,28,292,6.0,6.93
VoxBind σ=0.9,29,288,6.0,7.18
VoxBind σ=0.9,30,288,6.0,7.47
VoxBind σ=0.9,31,283,6.0,7.54
VoxBind σ=0.9,32,232,6.0,7.65
VoxBind σ=0.9,33,192,6.0,8.02
VoxBind σ=0.9,34,154,7.0,8.42
VoxBind σ=0.9,35,117,7.0,8.49
VoxBind σ=0.9,36,124,7.0,8.35
VoxBind σ=0.9,37,97,7.0,8.11
VoxBind σ=0.9,38,70,7.0,8.82
VoxBind σ=0.9,39,71,7.0,9.31
VoxBind σ=0.9,40,53,8.0,10.93
VoxBind σ=0.9,41,45,8.0,10.99
VoxBind σ=0.9,42,44,7.0,11.41
VoxBind σ=0.9,43,37,8.0,10.44
VoxBind σ=0.9,44,24,8.0,11.05
CoDE,5,39,3.0,4.36
CoDE,6,68,3.0,4.22
CoDE,7,98,3.0,3.97
CoDE,8,122,4.0,4.6
CoDE,9,163,4.0,4.82
CoDE,10,194,4.0,5.07
CoDE,11,227,4.0,4.82
CoDE,12,212,4.0,4.75
CoDE,13,191,4.0,4.79
CoDE,14,170,4.0,4.98
CoDE,15,146,4.0,5.12
CoDE,16,156,4.0,5.13
CoDE,17,164,4.0,5.17
CoDE,18,164,4.0,5.16
CoDE,19,133,4.0,5.22
CoDE,20,217,4.0,5.57
CoDE,21,172,4.5,5.99
CoDE,22,227,5.0,7.01
CoDE,23,278,6.0,7.18
CoDE,24,265,6.0,7.54
CoDE,25,307,6.0,7.65
CoDE,26,307,7.0,8.17
CoDE,27,284,7.0,8.18
CoDE,28,311,7.0,8.13
CoDE,29,316,7.0,7.96
CoDE,30,306,7.0,8.29
CoDE,31,276,7.0,8.54
CoDE,32,241,8.0,9.15
CoDE,33,256,8.0,9.18
CoDE,34,196,8.0,9.25
CoDE,35,178,7.0,8.9
CoDE,36,154,8.0,9.3
CoDE,37,123,8.0,9.22
CoDE,38,110,8.0,9.92
CoDE,39,98,9.0,10.43
CoDE,40,80,9.0,10.85
CoDE,41,74,9.0,10.8
CoDE,42,72,9.0,10.84
CoDE,43,41,9.0,12.09
CoDE,44,42,9.0,12.52
Reference,5,0,,
Reference,6,4,,
Reference,7,0,3.0,3.15
Reference,8,2,3.0,3.47
Reference,9,2,3.0,4.58
Reference,10,1,3.5,5.65
Reference,11,4,3.0,5.45
Reference,12,2,3.0,5.75
Reference,13,4,3.5,5.83
Reference,14,1,4.0,5.92
Reference,15,4,4.5,5.96
Reference,16,4,5.0,6.65
Reference,17,2,5.0,6.44
Reference,18,2,4.0,5.86
Reference,19,1,4.0,4.75
Reference,20,3,4.0,5.15
Reference,21,4,4.0,5.17
Reference,22,1,4.0,4.89
Reference,23,3,4.0,6.3
Reference,24,0,4.0,6.91
Reference,25,2,6.0,7.61
Reference,26,3,7.0,8.21
Reference,27,6,7.0,8.67
Reference,28,1,7.0,9.57
Reference,29,3,7.0,8.88
Reference,30,0,6.5,8.82
Reference,31,3,8.0,10.14
Reference,32,3,7.0,10.13
Reference,33,3,8.0,10.71
Reference,34,0,7.0,10.47
Reference,35,2,7.0,10.47
Reference,36,0,7.5,10.67
Reference,37,3,,
Reference,38,1,,
Reference,39,0,,
Reference,40,0,,
Reference,41,0,,
Reference,42,2,,
Reference,43,0,,
Reference,44,0,,
