row,n_pockets,n_molecules,pb_scored,pb_errors,pb_not_scored,pb_valid_pct,clash_mean,clash_median,strain_median,vina_score_mean,vina_dock_mean
"VoxBind base (ours, ep350)",79,790,790,0,0,61.89873417721519,8.0354,6.0,258.1724,-6.1425,-8.0795
Fusion v4 cdgv2 warm ep100,79,790,790,0,0,69.24050632911393,7.7861,7.0,204.7191,-6.0137,-7.4761
Fusion v4 cdgv2 scratch ep350,79,790,790,0,0,68.48101265822785,8.7861,8.0,207.4552,-5.9074,-7.4066
Fusion v4 cv2 scratch ep350,79,788,788,0,0,68.2741116751269,8.5685,7.0,223.3467,-5.8418,-7.3361
AR,79,7655,7649,6,0,69.73460583082756,5.07472240365774,4.0,326.47484172403074,-5.756932593076421,-6.73190855649902
Pocket2Mol,79,7772,7772,0,0,73.54606278950077,7.253731343283582,5.0,46.54247422544242,-5.064312274832733,-7.270362197632528
DiffSBDD,79,7720,7718,2,0,55.8953096657165,13.69222797927461,7.0,312.3668524139912,-2.698215414507772,-6.711911139896373
DecompDiff_ref_prior,79,6427,6427,0,0,80.92422592189202,8.584253928738136,7.0,157.71436851766015,-4.997266220631709,-6.889243815154815
FuncBind,79,7895,7895,0,0,50.01899936668778,6.111716276124129,5.0,183.7835302256497,-5.7534073464217865,-7.265093096896771
