arm,heavy_atoms,n,strain_mean,strain_median,clash_mean,clash_median
TargetDiff,5,28,8.779,6.077,3.286,3.0
TargetDiff,6,120,4321.058,9.48,3.258,3.0
TargetDiff,7,108,94.505,11.014,3.713,3.0
TargetDiff,8,206,1349.469,23.488,4.286,4.0
TargetDiff,9,177,89.704,26.634,4.593,4.0
TargetDiff,10,212,129.299,45.421,4.67,4.0
TargetDiff,11,340,9972.277,59.367,5.212,4.0
TargetDiff,12,365,16105.481,75.386,5.553,5.0
TargetDiff,13,199,14988.663,95.254,6.065,5.0
TargetDiff,14,179,493.979,140.75,6.263,5.0
TargetDiff,15,150,25062.808,140.899,6.536,5.0
TargetDiff,16,136,27581.152,183.751,6.794,6.0
TargetDiff,17,177,36016.962,241.383,7.774,7.0
TargetDiff,18,194,47174.836,232.466,7.804,6.0
TargetDiff,19,229,48392.486,255.118,8.393,7.0
TargetDiff,20,269,48411.945,356.558,8.732,7.0
TargetDiff,21,336,70712.261,349.278,8.79,7.0
TargetDiff,22,218,70524.601,518.488,9.452,8.0
TargetDiff,23,362,94828.435,498.021,10.311,8.0
TargetDiff,24,235,125909.245,461.12,10.809,9.0
TargetDiff,25,294,119623.393,576.867,11.152,9.0
TargetDiff,26,134,34305.543,458.691,9.815,8.0
TargetDiff,27,415,136691.474,736.773,11.895,10.5
TargetDiff,28,369,126488.152,717.318,12.768,11.0
TargetDiff,29,181,44574.803,577.338,11.714,10.0
TargetDiff,30,222,97064.05,783.187,12.142,10.0
TargetDiff,31,300,108954.97,777.606,13.359,11.0
TargetDiff,32,180,206983.449,1110.522,15.392,13.0
TargetDiff,33,165,1849690386.425,839.059,16.06,14.0
TargetDiff,34,131,64489.994,1221.66,15.284,12.5
TargetDiff,35,89,59964.662,1425.222,18.09,14.0
TargetDiff,36,106,35580.061,1201.542,17.546,14.0
TargetDiff,37,69,410696.95,1038.739,18.761,16.0
TargetDiff,39,44,26840.264,1256.888,19.818,13.5
TargetDiff,40,34,3398.166,1623.166,20.5,15.5
TargetDiff,42,53,547109665.951,2181.147,26.271,20.0
TargetDiff,43,30,3074.985,2428.424,22.594,17.0
TargetDiff,44,73,9503.004,2119.638,24.447,18.5
VoxBind,5,32,108669.843,24.775,7.812,7.0
VoxBind,6,44,6133.226,8.157,4.591,3.0
VoxBind,7,81,10932.589,7.654,4.198,3.0
VoxBind,8,100,15848.126,12.0,4.51,4.0
VoxBind,9,168,2525.495,13.712,3.435,3.0
VoxBind,10,266,10362.992,10.131,3.256,3.0
VoxBind,11,280,13669.844,15.102,3.657,3.0
VoxBind,12,248,9117.85,17.837,4.323,4.0
VoxBind,13,213,14382.847,21.338,3.986,3.0
VoxBind,14,171,9440.964,30.231,3.512,3.0
VoxBind,15,163,5123305008.82,29.237,3.84,3.0
VoxBind,16,199,39796.892,30.801,3.824,3.0
VoxBind,17,218,8567.717,35.319,4.28,3.0
VoxBind,18,201,11447.975,42.315,4.277,4.0
VoxBind,19,229,12897.924,39.149,4.166,4.0
VoxBind,20,273,2473379656.921,47.315,4.476,4.0
VoxBind,21,258,74052.633,52.311,4.942,4.0
VoxBind,22,305,139445.104,56.295,4.899,4.0
VoxBind,23,296,44857.844,57.444,4.649,4.0
VoxBind,24,323,761509093.091,60.217,5.13,4.0
VoxBind,25,346,146062.963,64.999,5.311,4.0
VoxBind,26,324,133767.565,62.651,5.405,4.0
VoxBind,27,328,102889.626,71.808,5.716,4.5
VoxBind,28,320,31925.486,88.806,5.741,5.0
VoxBind,29,309,23848.092,83.029,5.759,4.0
VoxBind,30,299,56225.013,100.652,6.399,5.0
VoxBind,31,289,16796.645,92.77,6.083,5.0
VoxBind,32,233,34619.53,117.629,6.025,5.0
VoxBind,33,206,44699.282,110.573,6.199,5.5
VoxBind,34,158,38652.429,137.953,6.422,5.0
VoxBind,35,128,25156.436,116.017,6.156,5.0
VoxBind,36,126,45727.758,213.677,6.063,6.0
VoxBind,37,99,30173.269,181.771,6.11,5.0
VoxBind,39,75,963.472,211.041,6.532,6.0
VoxBind,40,54,220973.178,449.557,6.278,5.5
VoxBind,42,45,23255.983,262.381,7.087,7.0
VoxBind,43,38,2054.927,923.602,6.789,6.0
VoxBind,44,26,128593.193,353.463,9.077,9.0
VoxBind + Ours,5,39,175.915,7.977,5.282,3.0
VoxBind + Ours,6,68,17333.431,7.456,3.706,2.5
VoxBind + Ours,7,98,902.815,12.625,3.98,3.0
VoxBind + Ours,8,122,6925.931,14.015,3.762,3.0
VoxBind + Ours,9,164,14561.504,16.004,5.213,4.0
VoxBind + Ours,10,194,7516.365,16.749,4.773,4.0
VoxBind + Ours,11,232,7340.938,18.714,4.776,4.0
VoxBind + Ours,12,217,13048.573,21.611,4.249,3.0
VoxBind + Ours,13,202,53595.182,24.425,4.315,3.0
VoxBind + Ours,14,177,58495.074,22.679,4.718,4.0
VoxBind + Ours,15,161,6006.008,29.103,4.447,4.0
VoxBind + Ours,16,175,39269.006,35.364,4.767,4.0
VoxBind + Ours,17,181,25888.614,36.421,4.856,4.0
VoxBind + Ours,18,193,28005.792,39.136,5.077,4.0
VoxBind + Ours,19,152,18392.509,50.06,5.349,4.0
VoxBind + Ours,20,235,35760.79,50.604,4.941,4.0
VoxBind + Ours,21,183,127038.956,56.445,5.826,5.0
VoxBind + Ours,22,238,92052.639,79.095,5.872,4.0
VoxBind + Ours,23,293,62774.264,76.13,7.017,6.0
VoxBind + Ours,24,286,39954758762.784,77.935,6.132,5.0
VoxBind + Ours,25,318,39934.796,90.405,6.711,6.0
VoxBind + Ours,26,321,7516049211.265,97.691,7.489,6.0
VoxBind + Ours,27,296,38797066.256,87.748,7.657,6.0
VoxBind + Ours,28,326,47554.779,107.064,6.912,6.0
VoxBind + Ours,29,323,74406503.447,124.321,7.374,6.0
VoxBind + Ours,30,318,262698334.334,108.933,7.578,6.0
VoxBind + Ours,31,288,2447478681.492,110.274,7.737,7.0
VoxBind + Ours,32,254,2202.179,135.248,8.15,7.0
VoxBind + Ours,33,266,67027.951,141.928,8.948,7.0
VoxBind + Ours,34,206,107209.275,132.279,7.928,7.0
VoxBind + Ours,35,186,52325.126,169.485,7.856,7.0
VoxBind + Ours,36,160,133981.587,135.461,7.528,7.0
VoxBind + Ours,37,130,44675.001,154.153,7.462,7.0
VoxBind + Ours,39,105,16262.591,181.966,7.914,7.0
VoxBind + Ours,40,82,25352215519.432,191.332,7.488,6.5
VoxBind + Ours,42,72,228554743280.899,190.564,7.452,6.0
VoxBind + Ours,43,40,1936.241,258.771,8.488,7.0
VoxBind + Ours,44,40,18944.759,193.954,6.786,6.0
Reference ligand,5,,,,,
Reference ligand,6,,,,,
Reference ligand,7,,8.779,6.979,3.154,3.0
Reference ligand,8,,8.193,6.901,3.267,3.0
Reference ligand,9,,10.126,8.669,4.421,3.0
Reference ligand,10,,10.1,9.137,5.5,3.5
Reference ligand,11,,19.737,10.199,5.25,3.0
Reference ligand,12,,22.096,9.731,5.583,3.0
Reference ligand,13,,25.766,11.287,5.667,3.5
Reference ligand,14,,29.785,11.287,5.708,4.0
Reference ligand,15,,30.536,12.891,5.75,4.5
Reference ligand,16,,41.457,15.783,6.348,5.0
Reference ligand,17,,41.075,18.023,6.28,5.0
Reference ligand,18,,50.414,28.057,5.682,4.0
Reference ligand,19,,49.37,29.424,4.583,4.0
Reference ligand,20,,48.03,29.424,5.0,4.0
Reference ligand,21,,48.88,33.122,5.0,4.0
Reference ligand,22,,46.726,26.884,4.737,4.0
Reference ligand,23,,71.521,34.279,6.0,4.0
Reference ligand,24,,72.83,36.492,6.435,4.0
Reference ligand,25,,71.816,42.21,7.087,6.0
Reference ligand,26,,82.612,50.708,7.579,7.0
Reference ligand,27,,74.069,48.125,8.095,7.0
Reference ligand,28,,77.36,51.428,9.0,7.0
Reference ligand,29,,75.52,53.786,8.208,7.0
Reference ligand,30,,79.895,54.048,8.091,6.5
Reference ligand,31,,90.35,54.156,9.048,7.0
Reference ligand,32,,67.0,53.939,8.933,7.0
Reference ligand,33,,127.911,55.869,9.941,7.0
Reference ligand,34,,143.518,55.869,9.733,7.0
Reference ligand,35,,143.518,55.869,9.733,7.0
Reference ligand,36,,167.934,57.046,9.75,7.0
Reference ligand,37,,,,,
Reference ligand,39,,,,,
Reference ligand,40,,,,,
Reference ligand,42,,,,,
Reference ligand,43,,,,,
Reference ligand,44,,,,,
