arm,heavy_atoms,n,n_window,strain_median,strain_mean
AR,5,60,165,19.238,37721.261
AR,6,105,340,32.15,20698.386
AR,7,175,516,51.124,2647.119
AR,8,236,780,75.926,21311.953
AR,9,369,1045,100.192,17505.858
AR,10,440,1333,125.227,14560.088
AR,11,524,1432,153.355,3835.497
AR,12,468,1424,179.547,-392213004.739
AR,13,432,1304,211.432,-428299660.824
AR,14,404,1261,230.357,-442892956.592
AR,15,425,1252,267.271,46091.296
AR,16,423,1169,289.381,73801.552
AR,17,321,1032,369.994,99480.834
AR,18,288,902,413.18,100591.245
AR,19,293,863,455.404,98341.884
AR,20,282,882,494.368,98540.526
AR,21,307,887,570.791,86931.881
AR,22,298,849,634.554,130360.906
AR,23,244,779,727.461,105593.929
AR,24,237,682,774.769,157471.063
AR,25,201,607,874.319,170710.479
AR,26,169,515,891.508,254688.538
AR,27,145,467,1013.267,322459.354
AR,28,153,450,980.433,270109.254
AR,29,152,423,1056.377,4571314647.224
AR,30,118,369,1142.299,8463242909.562
AR,31,99,265,1283.925,12140038580.43
AR,32,48,188,1463.187,7180252022.222
AR,33,41,111,1651.117,1446510489.64
AR,34,22,85,1644.924,780652228.548
AR,35,22,60,1859.859,2277.117
AR,36,16,50,2215.932,2432.27
AR,37,12,45,2301.59,2591.761
AR,38,17,40,2457.151,2553.047
AR,39,11,38,2322.929,2319.23
AR,40,10,29,2194.661,2168.676
AR,41,8,28,1507.371,2136.671
AR,42,10,30,2486.738,2849.549
AR,43,12,33,2708.838,2920.934
AR,44,11,23,,
Pocket2Mol,5,74,214,8.36,19.029
Pocket2Mol,6,140,428,9.56,19.05
Pocket2Mol,7,214,609,10.494,19.928
Pocket2Mol,8,255,923,12.672,22.839
Pocket2Mol,9,454,1298,14.325,31.218
Pocket2Mol,10,589,1525,15.277,32.773
Pocket2Mol,11,482,1566,16.286,38.355
Pocket2Mol,12,495,1468,19.052,38.091
Pocket2Mol,13,491,1385,23.599,45.614
Pocket2Mol,14,399,1207,27.277,50.086
Pocket2Mol,15,317,930,32.338,61.369
Pocket2Mol,16,214,752,40.053,71.344
Pocket2Mol,17,221,718,53.329,84.881
Pocket2Mol,18,283,781,62.067,101.073
Pocket2Mol,19,277,759,68.38,113.828
Pocket2Mol,20,199,628,80.119,149.017
Pocket2Mol,21,152,503,85.137,158.935
Pocket2Mol,22,152,432,85.933,167.132
Pocket2Mol,23,128,407,83.836,139.083
Pocket2Mol,24,127,427,97.657,149.876
Pocket2Mol,25,172,523,102.599,167.081
Pocket2Mol,26,224,593,125.957,199.026
Pocket2Mol,27,197,617,132.538,219.286
Pocket2Mol,28,196,504,151.198,251.671
Pocket2Mol,29,111,406,162.81,281.847
Pocket2Mol,30,99,323,195.147,366.469
Pocket2Mol,31,113,316,205.261,6099.275
Pocket2Mol,32,104,305,209.436,6288.982
Pocket2Mol,33,88,304,204.428,6277.504
Pocket2Mol,34,112,274,185.438,308.41
Pocket2Mol,35,74,232,183.327,306.567
Pocket2Mol,36,46,173,183.309,270.706
Pocket2Mol,37,53,166,224.304,332.021
Pocket2Mol,38,67,217,339.807,526.388
Pocket2Mol,39,97,244,379.916,529.982
Pocket2Mol,40,80,258,332.061,495.178
Pocket2Mol,41,81,214,245.894,328.141
Pocket2Mol,42,53,176,190.54,271.885
Pocket2Mol,43,42,125,152.198,226.168
Pocket2Mol,44,30,72,144.031,181.204
DiffSBDD,5,66,155,18.424,123.605
DiffSBDD,6,89,267,21.175,195.198
DiffSBDD,7,112,400,31.047,191.921
DiffSBDD,8,199,598,47.113,273.082
DiffSBDD,9,287,826,52.496,252.048
DiffSBDD,10,340,979,68.203,313.167
DiffSBDD,11,352,1033,75.196,344.653
DiffSBDD,12,341,1013,98.277,404.628
DiffSBDD,13,320,935,125.524,384.243
DiffSBDD,14,274,840,146.264,421.017
DiffSBDD,15,246,790,172.891,523.846
DiffSBDD,16,270,764,200.894,709.938
DiffSBDD,17,248,806,250.882,778.64
DiffSBDD,18,288,830,271.346,828.51
DiffSBDD,19,294,930,284.644,759.206
DiffSBDD,20,348,975,314.947,775.836
DiffSBDD,21,333,969,340.784,798.95
DiffSBDD,22,288,917,372.236,1015.841
DiffSBDD,23,296,868,432.854,1213.223
DiffSBDD,24,284,841,471.914,6019.096
DiffSBDD,25,261,811,513.957,6445.736
DiffSBDD,26,266,771,537.987,6709.894
DiffSBDD,27,244,746,603.997,1709.494
DiffSBDD,28,236,657,664.379,1477.077
DiffSBDD,29,177,595,728.27,1513.377
DiffSBDD,30,182,526,728.402,1468.688
DiffSBDD,31,167,507,768.425,6101.164
DiffSBDD,32,158,463,890.785,6634.264
DiffSBDD,33,138,409,973.89,7336.129
DiffSBDD,34,113,326,1143.634,1799.86
DiffSBDD,35,75,262,1065.024,1551.393
DiffSBDD,36,74,208,1130.762,1805.288
DiffSBDD,37,59,170,1056.357,9911.323
DiffSBDD,38,37,131,1279.867,13708.243
DiffSBDD,39,35,102,1349.58,16679.616
DiffSBDD,40,30,89,1410.116,3379.18
DiffSBDD,41,24,73,1717.292,2516.082
DiffSBDD,42,19,62,1818.865,2429.115
DiffSBDD,43,19,59,1789.444,2516.702
DiffSBDD,44,21,40,1764.036,1956.034
TargetDiff,5,28,148,8.52,3505.221
TargetDiff,6,120,256,9.399,2066.325
TargetDiff,7,108,434,14.446,1858.812
TargetDiff,8,206,491,22.244,619.297
TargetDiff,9,177,595,28.939,539.966
TargetDiff,10,212,729,45.877,4710.375
TargetDiff,11,340,917,60.159,10137.935
TargetDiff,12,365,904,72.104,13552.897
TargetDiff,13,199,743,95.354,12045.312
TargetDiff,14,179,528,123.353,12936.719
TargetDiff,15,150,465,150.317,16341.678
TargetDiff,16,136,463,189.637,29990.195
TargetDiff,17,177,507,225.609,38023.584
TargetDiff,18,194,600,240.366,44348.0
TargetDiff,19,229,692,266.769,48058.686
TargetDiff,20,269,834,312.549,57390.902
TargetDiff,21,336,823,385.202,63373.628
TargetDiff,22,218,916,442.282,80198.227
TargetDiff,23,362,815,491.751,97289.484
TargetDiff,24,235,891,506.923,111207.456
TargetDiff,25,294,663,500.596,104607.682
TargetDiff,26,134,843,616.706,114464.036
TargetDiff,27,415,918,668.586,117644.916
TargetDiff,28,369,965,689.147,115512.051
TargetDiff,29,181,772,689.045,98821.744
TargetDiff,30,222,703,700.877,88624.11
TargetDiff,31,300,702,844.209,130330.101
TargetDiff,32,180,645,863.935,473285050.034
TargetDiff,33,165,476,997.294,641270207.921
TargetDiff,34,131,385,1088.56,792760256.634
TargetDiff,35,89,326,1318.183,53854.388
TargetDiff,36,106,264,1297.559,141842.541
TargetDiff,37,69,190,1145.793,169764.043
TargetDiff,38,15,128,1119.449,231755.104
TargetDiff,39,44,93,1440.32,15506.467
TargetDiff,40,34,100,1442.336,14439.947
TargetDiff,41,22,109,1676.25,266028213.931
TargetDiff,42,53,105,1983.519,276162400.289
TargetDiff,43,30,156,2191.907,185882040.156
TargetDiff,44,73,103,2202.667,7630.766
DecompDiff,5,0,390,9.753,36.001
DecompDiff,6,390,390,9.753,36.001
DecompDiff,7,0,584,9.274,446.289
DecompDiff,8,194,389,11.462,682.115
DecompDiff,9,195,487,12.961,559.828
DecompDiff,10,98,681,22.12,7662.759
DecompDiff,11,388,676,30.722,7720.96
DecompDiff,12,190,953,41.005,5536.148
DecompDiff,13,375,659,53.744,147.968
DecompDiff,14,94,847,65.028,242.743
DecompDiff,15,378,839,81.912,2447.668
DecompDiff,16,367,922,93.134,2271.815
DecompDiff,17,177,687,116.387,2914.394
DecompDiff,18,143,412,135.724,13762.49
DecompDiff,19,92,498,187.999,12188.68
DecompDiff,20,263,696,231.754,9371.513
DecompDiff,21,341,677,255.663,2031.276
DecompDiff,22,73,653,220.264,1546.977
DecompDiff,23,239,312,215.736,1673.455
DecompDiff,24,0,392,223.702,452.422
DecompDiff,25,153,400,310.348,1609.762
DecompDiff,26,247,866,290.057,2159.431
DecompDiff,27,466,800,290.057,2471.752
DecompDiff,28,87,734,301.943,2342.109
DecompDiff,29,181,268,369.011,1839.347
DecompDiff,30,0,388,393.16,5932.593
DecompDiff,31,207,375,344.829,19417.958
DecompDiff,32,168,566,405.96,13208.677
DecompDiff,33,191,359,451.893,15242.962
DecompDiff,34,0,311,640.042,3112.325
DecompDiff,35,120,120,872.19,6446.299
DecompDiff,36,0,294,857.637,16386.505
DecompDiff,37,174,241,666.39,17011.545
DecompDiff,38,67,241,666.39,17011.545
DecompDiff,39,0,67,505.399,831.429
DecompDiff,40,0,0,,
DecompDiff,41,0,116,643.228,1159.061
DecompDiff,42,116,116,643.228,1159.061
DecompDiff,43,0,116,643.228,1159.061
DecompDiff,44,0,0,,
FuncBind,5,67,145,7.854,18842.657
FuncBind,6,78,439,8.616,6234.315
FuncBind,7,294,700,12.166,2979.769
FuncBind,8,328,883,14.46,10546.178
FuncBind,9,261,913,24.329,15184.298
FuncBind,10,324,964,38.801,17165.093
FuncBind,11,379,1099,52.888,11227.827
FuncBind,12,396,1143,66.32,19640.212
FuncBind,13,368,1100,83.955,58372.32
FuncBind,14,336,1022,94.242,74447.154
FuncBind,15,318,1034,121.488,78210.181
FuncBind,16,380,993,126.317,52919.234
FuncBind,17,295,924,148.183,55134.981
FuncBind,18,249,748,163.01,72295.442
FuncBind,19,204,711,184.56,89910.892
FuncBind,20,258,742,217.467,200891121.947
FuncBind,21,280,845,264.131,8428840069.725
FuncBind,22,307,935,345.465,194982157355.907
FuncBind,23,348,954,393.704,192511181573.454
FuncBind,24,299,966,509.082,235033821386.488
FuncBind,25,319,880,488.289,106484039594.517
FuncBind,26,262,931,1110.144,126874072114.592
FuncBind,27,350,877,2599.137,436614425564.656
FuncBind,28,265,763,3042.399,447000796355.968
FuncBind,29,148,514,1869.7,620649511298.892
FuncBind,30,101,329,687.343,17659201925.352
FuncBind,31,80,254,777.618,22874309346.76
FuncBind,32,73,219,713.742,8893459944.089
FuncBind,33,66,197,795.169,1086336.539
FuncBind,34,58,186,844.962,20645.502
FuncBind,35,62,178,1128.706,18657.017
FuncBind,36,58,185,1210.956,45156268849.337
FuncBind,37,65,166,1301.818,50324761420.009
FuncBind,38,43,138,1373.63,60535580972.67
FuncBind,39,30,104,1442.693,609958904.571
FuncBind,40,31,82,2082.839,773617760.752
FuncBind,41,21,73,2255.99,1643743698.106
FuncBind,42,21,60,3060.645,942765737.985
FuncBind,43,18,49,3270.045,1154352793.144
FuncBind,44,10,28,3244.343,182259.042
VoxBind,5,32,76,9.795,49306.538
VoxBind,6,44,157,8.435,29508.513
VoxBind,7,81,225,9.738,12178.73
VoxBind,8,100,349,12.017,8294.084
VoxBind,9,168,534,11.56,8924.441
VoxBind,10,266,714,13.029,9815.68
VoxBind,11,280,794,14.542,11140.225
VoxBind,12,248,741,18.099,12351.322
VoxBind,13,213,632,21.912,10979.712
VoxBind,14,171,547,26.143,1526697247.512
VoxBind,15,163,533,29.99,1566807224.06
VoxBind,16,199,580,31.632,1439842247.899
VoxBind,17,218,618,35.576,19560.496
VoxBind,18,201,648,39.206,10991.404
VoxBind,19,229,703,43.086,960509105.273
VoxBind,20,273,760,47.433,888493033.61
VoxBind,21,258,836,51.521,807768280.712
VoxBind,22,305,859,55.539,87211.011
VoxBind,23,296,924,57.641,266258923.969
VoxBind,24,323,965,61.491,254954666.089
VoxBind,25,346,993,63.029,247795886.752
VoxBind,26,324,998,66.813,127882.037
VoxBind,27,328,972,73.17,89819.592
VoxBind,28,320,957,81.913,53639.512
VoxBind,29,309,928,91.713,37065.188
VoxBind,30,299,897,92.855,32368.528
VoxBind,31,289,821,101.638,36214.202
VoxBind,32,233,728,105.607,30396.474
VoxBind,33,206,597,118.191,39164.969
VoxBind,34,158,492,118.751,37673.089
VoxBind,35,128,412,150.138,36623.313
VoxBind,36,126,353,172.084,33906.161
VoxBind,37,99,294,200.618,57962080.918
VoxBind,38,69,243,184.715,70103548.778
VoxBind,39,75,198,215.057,86081352.277
VoxBind,40,54,176,275.983,70200.506
VoxBind,41,47,146,349.3,91298.273
VoxBind,42,45,130,393.188,11346.796
VoxBind,43,38,109,401.431,40991.096
VoxBind,44,26,64,602.117,53461.098
CoDE,5,39,107,7.649,11079.757
CoDE,6,68,205,9.866,6214.682
CoDE,7,98,288,11.973,7333.725
CoDE,8,122,384,13.849,8649.808
CoDE,9,164,480,15.962,9773.386
CoDE,10,194,590,16.976,9405.694
CoDE,11,232,643,18.751,9320.082
CoDE,12,217,651,20.484,23595.798
CoDE,13,202,596,23.085,40287.576
CoDE,14,177,540,25.84,41012.634
CoDE,15,161,513,30.05,35463.297
CoDE,16,175,517,34.65,24226.078
CoDE,17,181,549,37.714,30898.057
CoDE,18,193,526,40.8,24499.274
CoDE,19,152,580,47.02,28628.56
CoDE,20,235,570,51.122,60434.344
CoDE,21,183,656,60.04,81647.016
CoDE,22,238,714,72.41,89004.925
CoDE,23,293,817,77.902,13986660107.153
CoDE,24,286,897,83.059,12739233108.451
CoDE,25,318,925,89.895,14961865407.824
CoDE,26,321,935,92.334,2592672115.18
CoDE,27,296,943,95.618,2570679990.759
CoDE,28,326,945,103.107,37600777.865
CoDE,29,323,967,110.574,111258401.023
CoDE,30,318,929,111.837,874537385.577
CoDE,31,288,860,114.303,916758709.234
CoDE,32,254,808,127.933,872391397.349
CoDE,33,266,726,136.288,55749.172
CoDE,34,206,658,145.748,75451.397
CoDE,35,186,552,143.632,96475.794
CoDE,36,160,476,153.014,77683.356
CoDE,37,130,404,153.997,69094.408
CoDE,38,114,349,165.242,23451.745
CoDE,39,105,301,176.398,6906591526.586
CoDE,40,82,262,193.721,7934670905.287
CoDE,41,75,229,196.569,80938094261.301
CoDE,42,72,187,210.876,87999689789.808
CoDE,43,40,152,206.526,108262778628.057
CoDE,44,40,80,246.278,10440.5
Reference ligand,5,0,8,,
Reference ligand,6,4,9,,
Reference ligand,7,0,13,6.979,8.779
Reference ligand,8,2,15,6.901,8.193
Reference ligand,9,2,19,8.669,10.126
Reference ligand,10,1,20,9.137,10.1
Reference ligand,11,4,20,10.199,19.737
Reference ligand,12,2,24,9.731,22.096
Reference ligand,13,4,24,11.287,25.766
Reference ligand,14,1,24,11.287,29.785
Reference ligand,15,4,24,12.891,30.536
Reference ligand,16,4,23,15.783,41.457
Reference ligand,17,2,25,18.023,41.075
Reference ligand,18,2,22,28.057,50.414
Reference ligand,19,1,24,29.424,49.37
Reference ligand,20,3,20,29.424,48.03
Reference ligand,21,4,18,33.122,48.88
Reference ligand,22,1,19,26.884,46.726
Reference ligand,23,3,23,34.279,71.521
Reference ligand,24,0,23,36.492,72.83
Reference ligand,25,2,23,42.21,71.816
Reference ligand,26,3,19,50.708,82.612
Reference ligand,27,6,21,48.125,74.069
Reference ligand,28,1,21,51.428,77.36
Reference ligand,29,3,24,53.786,75.52
Reference ligand,30,0,22,54.048,79.895
Reference ligand,31,3,21,54.156,90.35
Reference ligand,32,3,15,53.939,67.0
Reference ligand,33,3,17,55.869,127.911
Reference ligand,34,0,15,55.869,143.518
Reference ligand,35,2,15,55.869,143.518
Reference ligand,36,0,12,57.046,167.934
Reference ligand,37,3,9,,
Reference ligand,38,1,8,,
Reference ligand,39,0,8,,
Reference ligand,40,0,6,,
Reference ligand,41,0,7,,
Reference ligand,42,2,4,,
Reference ligand,43,0,3,,
Reference ligand,44,0,3,,
