arm,mw_bin_lo,mw_bin_hi,n,pct
AR,0,20,0,0.0
AR,20,40,2,0.026
AR,40,60,16,0.209
AR,60,80,74,0.967
AR,80,100,166,2.169
AR,100,120,318,4.154
AR,120,140,505,6.597
AR,140,160,699,9.131
AR,160,180,734,9.589
AR,180,200,590,7.707
AR,200,220,602,7.864
AR,220,240,608,7.943
AR,240,260,408,5.33
AR,260,280,428,5.591
AR,280,300,419,5.474
AR,300,320,399,5.212
AR,320,340,394,5.147
AR,340,360,280,3.658
AR,360,380,243,3.174
AR,380,400,227,2.965
AR,400,420,183,2.391
AR,420,440,113,1.476
AR,440,460,65,0.849
AR,460,480,48,0.627
AR,480,500,36,0.47
AR,500,520,27,0.353
AR,520,540,15,0.196
AR,540,560,12,0.157
AR,560,580,13,0.17
AR,580,600,16,0.209
AR,600,620,10,0.131
AR,620,640,2,0.026
AR,640,660,1,0.013
AR,660,680,1,0.013
AR,680,700,1,0.013
AR,700,720,0,0.0
AR,720,740,0,0.0
AR,740,760,0,0.0
AR,760,780,0,0.0
AR,780,800,0,0.0
Pocket2Mol,0,20,0,0.0
Pocket2Mol,20,40,1,0.013
Pocket2Mol,40,60,7,0.09
Pocket2Mol,60,80,100,1.287
Pocket2Mol,80,100,242,3.114
Pocket2Mol,100,120,384,4.941
Pocket2Mol,120,140,815,10.486
Pocket2Mol,140,160,732,9.418
Pocket2Mol,160,180,767,9.869
Pocket2Mol,180,200,612,7.874
Pocket2Mol,200,220,410,5.275
Pocket2Mol,220,240,331,4.259
Pocket2Mol,240,260,422,5.43
Pocket2Mol,260,280,328,4.22
Pocket2Mol,280,300,239,3.075
Pocket2Mol,300,320,198,2.548
Pocket2Mol,320,340,221,2.844
Pocket2Mol,340,360,260,3.345
Pocket2Mol,360,380,275,3.538
Pocket2Mol,380,400,194,2.496
Pocket2Mol,400,420,151,1.943
Pocket2Mol,420,440,165,2.123
Pocket2Mol,440,460,180,2.316
Pocket2Mol,460,480,119,1.531
Pocket2Mol,480,500,88,1.132
Pocket2Mol,500,520,109,1.402
Pocket2Mol,520,540,130,1.673
Pocket2Mol,540,560,130,1.673
Pocket2Mol,560,580,82,1.055
Pocket2Mol,580,600,42,0.54
Pocket2Mol,600,620,12,0.154
Pocket2Mol,620,640,7,0.09
Pocket2Mol,640,660,7,0.09
Pocket2Mol,660,680,12,0.154
Pocket2Mol,680,700,0,0.0
Pocket2Mol,700,720,0,0.0
Pocket2Mol,720,740,0,0.0
Pocket2Mol,740,760,0,0.0
Pocket2Mol,760,780,0,0.0
Pocket2Mol,780,800,0,0.0
DiffSBDD,0,20,0,0.0
DiffSBDD,20,40,3,0.039
DiffSBDD,40,60,15,0.194
DiffSBDD,60,80,85,1.101
DiffSBDD,80,100,108,1.399
DiffSBDD,100,120,232,3.005
DiffSBDD,120,140,332,4.301
DiffSBDD,140,160,477,6.179
DiffSBDD,160,180,502,6.503
DiffSBDD,180,200,429,5.557
DiffSBDD,200,220,358,4.637
DiffSBDD,220,240,391,5.065
DiffSBDD,240,260,363,4.702
DiffSBDD,260,280,411,5.324
DiffSBDD,280,300,483,6.256
DiffSBDD,300,320,426,5.518
DiffSBDD,320,340,418,5.415
DiffSBDD,340,360,372,4.819
DiffSBDD,360,380,359,4.65
DiffSBDD,380,400,322,4.171
DiffSBDD,400,420,306,3.964
DiffSBDD,420,440,260,3.368
DiffSBDD,440,460,227,2.94
DiffSBDD,460,480,204,2.642
DiffSBDD,480,500,148,1.917
DiffSBDD,500,520,139,1.801
DiffSBDD,520,540,75,0.972
DiffSBDD,540,560,60,0.777
DiffSBDD,560,580,60,0.777
DiffSBDD,580,600,36,0.466
DiffSBDD,600,620,27,0.35
DiffSBDD,620,640,19,0.246
DiffSBDD,640,660,18,0.233
DiffSBDD,660,680,17,0.22
DiffSBDD,680,700,5,0.065
DiffSBDD,700,720,7,0.091
DiffSBDD,720,740,8,0.104
DiffSBDD,740,760,5,0.065
DiffSBDD,760,780,3,0.039
DiffSBDD,780,800,1,0.013
DecompDiff,0,20,0,0.0
DecompDiff,20,40,0,0.0
DecompDiff,40,60,0,0.0
DecompDiff,60,80,1,0.016
DecompDiff,80,100,354,5.508
DecompDiff,100,120,169,2.63
DecompDiff,120,140,190,2.956
DecompDiff,140,160,452,7.033
DecompDiff,160,180,320,4.979
DecompDiff,180,200,338,5.259
DecompDiff,200,220,449,6.986
DecompDiff,220,240,399,6.208
DecompDiff,240,260,294,4.574
DecompDiff,260,280,222,3.454
DecompDiff,280,300,367,5.71
DecompDiff,300,320,271,4.217
DecompDiff,320,340,123,1.914
DecompDiff,340,360,277,4.31
DecompDiff,360,380,277,4.31
DecompDiff,380,400,178,2.77
DecompDiff,400,420,183,2.847
DecompDiff,420,440,307,4.777
DecompDiff,440,460,235,3.656
DecompDiff,460,480,137,2.132
DecompDiff,480,500,144,2.241
DecompDiff,500,520,228,3.548
DecompDiff,520,540,155,2.412
DecompDiff,540,560,63,0.98
DecompDiff,560,580,88,1.369
DecompDiff,580,600,54,0.84
DecompDiff,600,620,20,0.311
DecompDiff,620,640,27,0.42
DecompDiff,640,660,10,0.156
DecompDiff,660,680,4,0.062
DecompDiff,680,700,14,0.218
DecompDiff,700,720,24,0.373
DecompDiff,720,740,2,0.031
DecompDiff,740,760,0,0.0
DecompDiff,760,780,0,0.0
DecompDiff,780,800,17,0.265
FuncBind,0,20,0,0.0
FuncBind,20,40,0,0.0
FuncBind,40,60,0,0.0
FuncBind,60,80,76,0.963
FuncBind,80,100,156,1.976
FuncBind,100,120,460,5.826
FuncBind,120,140,417,5.282
FuncBind,140,160,387,4.902
FuncBind,160,180,579,7.334
FuncBind,180,200,494,6.257
FuncBind,200,220,438,5.548
FuncBind,220,240,448,5.674
FuncBind,240,260,389,4.927
FuncBind,260,280,337,4.269
FuncBind,280,300,420,5.32
FuncBind,300,320,385,4.877
FuncBind,320,340,442,5.598
FuncBind,340,360,413,5.231
FuncBind,360,380,346,4.383
FuncBind,380,400,266,3.369
FuncBind,400,420,277,3.509
FuncBind,420,440,330,4.18
FuncBind,440,460,232,2.939
FuncBind,460,480,117,1.482
FuncBind,480,500,98,1.241
FuncBind,500,520,114,1.444
FuncBind,520,540,78,0.988
FuncBind,540,560,52,0.659
FuncBind,560,580,37,0.469
FuncBind,580,600,31,0.393
FuncBind,600,620,34,0.431
FuncBind,620,640,11,0.139
FuncBind,640,660,15,0.19
FuncBind,660,680,6,0.076
FuncBind,680,700,2,0.025
FuncBind,700,720,1,0.013
FuncBind,720,740,1,0.013
FuncBind,740,760,2,0.025
FuncBind,760,780,3,0.038
FuncBind,780,800,1,0.013
TargetDiff,0,20,0,0.0
TargetDiff,20,40,0,0.0
TargetDiff,40,60,0,0.0
TargetDiff,60,80,28,0.384
TargetDiff,80,100,126,1.729
TargetDiff,100,120,260,3.568
TargetDiff,120,140,277,3.801
TargetDiff,140,160,361,4.954
TargetDiff,160,180,475,6.518
TargetDiff,180,200,299,4.103
TargetDiff,200,220,244,3.348
TargetDiff,220,240,210,2.882
TargetDiff,240,260,281,3.856
TargetDiff,260,280,331,4.542
TargetDiff,280,300,400,5.489
TargetDiff,300,320,408,5.599
TargetDiff,320,340,405,5.558
TargetDiff,340,360,358,4.913
TargetDiff,360,380,441,6.052
TargetDiff,380,400,443,6.079
TargetDiff,400,420,376,5.16
TargetDiff,420,440,358,4.913
TargetDiff,440,460,288,3.952
TargetDiff,460,480,204,2.8
TargetDiff,480,500,178,2.443
TargetDiff,500,520,139,1.908
TargetDiff,520,540,66,0.906
TargetDiff,540,560,44,0.604
TargetDiff,560,580,55,0.755
TargetDiff,580,600,70,0.961
TargetDiff,600,620,54,0.741
TargetDiff,620,640,44,0.604
TargetDiff,640,660,20,0.274
TargetDiff,660,680,7,0.096
TargetDiff,680,700,4,0.055
TargetDiff,700,720,6,0.082
TargetDiff,720,740,1,0.014
TargetDiff,740,760,1,0.014
TargetDiff,760,780,2,0.027
TargetDiff,780,800,5,0.069
VoxBind,0,20,0,0.0
VoxBind,20,40,2,0.025
VoxBind,40,60,7,0.089
VoxBind,60,80,34,0.431
VoxBind,80,100,63,0.799
VoxBind,100,120,134,1.699
VoxBind,120,140,295,3.74
VoxBind,140,160,321,4.069
VoxBind,160,180,386,4.894
VoxBind,180,200,308,3.905
VoxBind,200,220,265,3.36
VoxBind,220,240,281,3.562
VoxBind,240,260,334,4.234
VoxBind,260,280,329,4.171
VoxBind,280,300,421,5.337
VoxBind,300,320,374,4.741
VoxBind,320,340,476,6.034
VoxBind,340,360,492,6.237
VoxBind,360,380,494,6.263
VoxBind,380,400,497,6.301
VoxBind,400,420,454,5.756
VoxBind,420,440,433,5.489
VoxBind,440,460,299,3.791
VoxBind,460,480,219,2.776
VoxBind,480,500,187,2.371
VoxBind,500,520,144,1.826
VoxBind,520,540,107,1.356
VoxBind,540,560,80,1.014
VoxBind,560,580,76,0.963
VoxBind,580,600,56,0.71
VoxBind,600,620,54,0.685
VoxBind,620,640,35,0.444
VoxBind,640,660,25,0.317
VoxBind,660,680,26,0.33
VoxBind,680,700,19,0.241
VoxBind,700,720,22,0.279
VoxBind,720,740,15,0.19
VoxBind,740,760,17,0.216
VoxBind,760,780,20,0.254
VoxBind,780,800,14,0.177
CoDE,0,20,0,0.0
CoDE,20,40,1,0.013
CoDE,40,60,9,0.114
CoDE,60,80,55,0.699
CoDE,80,100,82,1.042
CoDE,100,120,171,2.172
CoDE,120,140,233,2.959
CoDE,140,160,295,3.747
CoDE,160,180,364,4.623
CoDE,180,200,275,3.493
CoDE,200,220,243,3.086
CoDE,220,240,271,3.442
CoDE,240,260,265,3.366
CoDE,260,280,287,3.645
CoDE,280,300,274,3.48
CoDE,300,320,322,4.09
CoDE,320,340,418,5.309
CoDE,340,360,495,6.287
CoDE,360,380,464,5.894
CoDE,380,400,470,5.97
CoDE,400,420,468,5.944
CoDE,420,440,431,5.474
CoDE,440,460,402,5.106
CoDE,460,480,313,3.976
CoDE,480,500,248,3.15
CoDE,500,520,213,2.705
CoDE,520,540,162,2.058
CoDE,540,560,131,1.664
CoDE,560,580,106,1.346
CoDE,580,600,85,1.08
CoDE,600,620,69,0.876
CoDE,620,640,56,0.711
CoDE,640,660,30,0.381
CoDE,660,680,34,0.432
CoDE,680,700,24,0.305
CoDE,700,720,27,0.343
CoDE,720,740,21,0.267
CoDE,740,760,15,0.191
CoDE,760,780,9,0.114
CoDE,780,800,12,0.152
Reference ligand,0,20,0,0.0
Reference ligand,20,40,0,0.0
Reference ligand,40,60,0,0.0
Reference ligand,60,80,0,0.0
Reference ligand,80,100,2,2.532
Reference ligand,100,120,4,5.063
Reference ligand,120,140,3,3.797
Reference ligand,140,160,1,1.266
Reference ligand,160,180,5,6.329
Reference ligand,180,200,5,6.329
Reference ligand,200,220,4,5.063
Reference ligand,220,240,4,5.063
Reference ligand,240,260,4,5.063
Reference ligand,260,280,1,1.266
Reference ligand,280,300,5,6.329
Reference ligand,300,320,1,1.266
Reference ligand,320,340,3,3.797
Reference ligand,340,360,4,5.063
Reference ligand,360,380,2,2.532
Reference ligand,380,400,2,2.532
Reference ligand,400,420,4,5.063
Reference ligand,420,440,3,3.797
Reference ligand,440,460,3,3.797
Reference ligand,460,480,2,2.532
Reference ligand,480,500,3,3.797
Reference ligand,500,520,5,6.329
Reference ligand,520,540,2,2.532
Reference ligand,540,560,3,3.797
Reference ligand,560,580,1,1.266
Reference ligand,580,600,0,0.0
Reference ligand,600,620,0,0.0
Reference ligand,620,640,0,0.0
Reference ligand,640,660,0,0.0
Reference ligand,660,680,1,1.266
Reference ligand,680,700,0,0.0
Reference ligand,700,720,1,1.266
Reference ligand,720,740,0,0.0
Reference ligand,740,760,0,0.0
Reference ligand,760,780,0,0.0
Reference ligand,780,800,0,0.0
