pid,split
1bm7,test
1df8,test
1drj,test
1drk,test
1fm9,test
1g7f,test
1g7g,test
1h1s,test
1kav,test
1nli,test
1nvq,test
1nvr,test
1oar,test
1oau,test
1p1n,test
1p1o,test
1p1q,test
1pxn,test
1pxp,test
1rpj,test
1sw2,test
1swr,test
1syh,test
1syi,test
1vyg,test
1wvj,test
1xhy,test
2a5c,test
2al5,test
2azr,test
2b07,test
2baj,test
2bak,test
2bal,test
2dri,test
2e27,test
2f34,test
2f35,test
2f6t,test
2fvd,test
2gz2,test
2izl,test
2nta,test
2o0u,test
2p2a,test
2p4s,test
2pbw,test
2qmg,test
2vk2,test
2wky,test
2wtv,test
2xmy,test
2xnb,test
2yix,test
2zb1,test
3bft,test
3bfu,test
3cfn,test
3cft,test
3ckp,test
3d7z,test
3d83,test
3e5a,test
3e92,test
3e93,test
3fat,test
3fv1,test
3fv2,test
3fvk,test
3fvn,test
3gba,test
3gbb,test
3gcp,test
3gcs,test
3gcu,test
3hk1,test
3hl7,test
3hub,test
3huc,test
3i25,test
3iph,test
3iw5,test
3iw6,test
3jvr,test
3jvs,test
3kgu,test
3kmx,test
3kmy,test
3lpi,test
3lpk,test
3myg,test
3nee,test
3neo,test
3nes,test
3nex,test
3npc,test
3o8p,test
3ocp,test
3ozj,test
3p3r,test
3p3t,test
3p8z,test
3pd8,test
3pd9,test
3ppp,test
3ppq,test
3ppr,test
3pwk,test
3qqs,test
3qxt,test
3qxv,test
3r6u,test
3r88,test
3roc,test
3rsx,test
3rt8,test
3rtf,test
3rwp,test
3s2v,test
3t0x,test
3twp,test
3tz0,test
3tza,test
3u92,test
3udh,test
3uo4,test
3uod,test
3up2,test
3uu1,test
3vvy,test
3vw1,test
3vw2,test
3wvm,test
3wzn,test
4b9k,test
4bck,test
4bcm,test
4bcn,test
4bco,test
4bcs,test
4bj8,test
4bks,test
4bkt,test
4c2v,test
4d4d,test
4d7b,test
4des,test
4det,test
4deu,test
4dju,test
4djv,test
4djw,test
4djx,test
4djy,test
4dld,test
4dzy,test
4e0x,test
4e4l,test
4e4n,test
4e5w,test
4ehz,test
4ei4,test
4eor,test
4f9w,test
4f9y,test
4fk6,test
4fm7,test
4fm8,test
4fs4,test
4fsl,test
4g8m,test
4g8n,test
4gkm,test
4h3f,test
4h3g,test
4h3j,test
4h7q,test
4h81,test
4h85,test
4ha5,test
4i5c,test
4igt,test
4ij1,test
4isu,test
4ivb,test
4ivc,test
4ivd,test
4jym,test
4k3h,test
4k4j,test
4k6i,test
4k77,test
4k7i,test
4k7n,test
4k7o,test
4loo,test
4m0r,test
4m8e,test
4m8h,test
4mmm,test
4n07,test
4n8q,test
4nra,test
4nwc,test
4owm,test
4poh,test
4poj,test
4pp3,test
4pp5,test
4qem,test
4qer,test
4qf9,test
4r3w,test
4rqk,test
4rqv,test
4rvr,test
4tjz,test
4tkh,test
4tkj,test
4ufi,test
4ufj,test
4ufl,test
4w9c,test
4w9d,test
4w9f,test
4w9h,test
4w9i,test
4w9j,test
4w9k,test
4w9l,test
4whs,test
4x48,test
4y59,test
4y5d,test
4ymb,test
5aut,test
5b5f,test
5b5g,test
5boj,test
5c1m,test
5cbr,test
5cbs,test
5cc2,test
5chk,test
5cst,test
5d45,test
5d47,test
5d48,test
5dnu,test
5dqc,test
5e73,test
5e74,test
5edb,test
5edc,test
5en3,test
5fe6,test
5fe7,test
5fe9,test
5fhm,test
5fhn,test
5fho,test
5ha1,test
5htz,test
5hz5,test
5hz6,test
5hz8,test
5hz9,test
5i3v,test
5i3w,test
5i3x,test
5i3y,test
5ie1,test
5ihh,test
5ikb,test
5jq5,test
5k9w,test
5ka1,test
5ka7,test
5ka9,test
5kab,test
5kad,test
5l2s,test
5l4i,test
5lli,test
5lvl,test
5lvq,test
5lvr,test
5mge,test
5mgf,test
5mgj,test
5mgk,test
5n0f,test
5neb,test
5nih,test
5nvv,test
5nvw,test
5nvx,test
5nw0,test
5nw1,test
5nw2,test
5o4f,test
5orv,test
5orw,test
5os2,test
5os4,test
5os5,test
5ose,test
5t19,test
5tbe,test
5u0w,test
5u0y,test
5u0z,test
5u11,test
5u12,test
5u13,test
5u14,test
5u49,test
5u4b,test
5u4d,test
5v0n,test
5v79,test
5v7a,test
5vja,test
5vl2,test
5vm0,test
5y12,test
6ej2,test
6ej3,test
6f28,test
6fgg,test
6fmj,test
6gfz,test
6gnp,test
6gnr,test
6gnw,test
6gue,test
6guh,test
6guk,test
6gvz,test
6gw4,test
10gs,train
184l,train
185l,train
186l,train
187l,train
188l,train
1a28,train
1a4k,train
1a4r,train
1a4w,train
1a99,train
1ai4,train
1ai5,train
1ai7,train
1ajn,train
1ajq,train
1ajv,train
1ajx,train
1alw,train
1b55,train
1b6k,train
1b6l,train
1bcu,train
1bdq,train
1bhx,train
1bju,train
1bjv,train
1bq4,train
1br6,train
1bxo,train
1bxq,train
1c5c,train
1c5o,train
1c5s,train
1c5t,train
1cet,train
1d4h,train
1d4i,train
1d4j,train
1d4k,train
1d4l,train
1d7i,train
1d7j,train
1det,train
1dud,train
1duv,train
1dy4,train
1e2k,train
1e2l,train
1e3g,train
1e66,train
1e6q,train
1e6s,train
1ebw,train
1eby,train
1ebz,train
1ec0,train
1ec1,train
1ec2,train
1ec3,train
1ezq,train
1f0s,train
1f0t,train
1f0u,train
1f73,train
1f74,train
1f8b,train
1f8c,train
1f8d,train
1f8e,train
1fcx,train
1fcy,train
1fd0,train
1fjs,train
1fl3,train
1fq5,train
1fzq,train
1g2k,train
1g2l,train
1g30,train
1g32,train
1g35,train
1g36,train
1gai,train
1ghv,train
1ghw,train
1ghz,train
1gi1,train
1gi7,train
1gj6,train
1gjc,train
1gpk,train
1gpn,train
1gyx,train
1gyy,train
1h0a,train
1h22,train
1h23,train
1h2t,train
1h46,train
1h6h,train
1hbv,train
1hp5,train
1hxb,train
1i5r,train
1i7z,train
1ie9,train
1igj,train
1iiq,train
1ik4,train
1ikt,train
1j17,train
1j4r,train
1jak,train
1jgl,train
1jlr,train
1jqy,train
1k1i,train
1k1j,train
1k1l,train
1k1m,train
1k1n,train
1k1o,train
1k1y,train
1koj,train
1kzk,train
1kzn,train
1l83,train
1lbk,train
1lee,train
1lf2,train
1lgw,train
1li2,train
1li3,train
1li6,train
1lke,train
1lnm,train
1loq,train
1lpg,train
1lpk,train
1lpz,train
1lzq,train
1m0b,train
1m48,train
1moq,train
1mq5,train
1mq6,train
1n0s,train
1n46,train
1n5r,train
1nf8,train
1nhu,train
1nhz,train
1njs,train
1np0,train
1nq7,train
1nw4,train
1nw5,train
1nw7,train
1o0f,train
1o0m,train
1o0n,train
1o2h,train
1o2j,train
1o2n,train
1o2o,train
1o2q,train
1o2r,train
1o2z,train
1o30,train
1o33,train
1o35,train
1o36,train
1o38,train
1o3d,train
1o3f,train
1o5a,train
1o5c,train
1o5e,train
1o5g,train
1oba,train
1ocq,train
1odi,train
1odj,train
1oe8,train
1ogx,train
1owe,train
1owh,train
1oyq,train
1oyt,train
1p57,train
1pa9,train
1pkx,train
1pzi,train
1q1g,train
1q72,train
1q84,train
1qbo,train
1qkt,train
1qy1,train
1qy2,train
1qyg,train
1r9l,train
1rjk,train
1rnt,train
1rr6,train
1s19,train
1s5z,train
1sb1,train
1sdt,train
1sdu,train
1sdv,train
1sgu,train
1sh9,train
1sqo,train
1sqt,train
1sr7,train
1swg,train
1t31,train
1t32,train
1t7d,train
1thz,train
1tjp,train
1tx7,train
1u0g,train
1u1b,train
1u1w,train
1u33,train
1ua4,train
1ugx,train
1ui0,train
1uj5,train
1uou,train
1utj,train
1utl,train
1utn,train
1uto,train
1uwf,train
1uwt,train
1uwu,train
1uz1,train
1uz4,train
1v1j,train
1v2k,train
1v2n,train
1v2o,train
1v2r,train
1v2t,train
1v2w,train
1v48,train
1vzq,train
1w3j,train
1w3k,train
1w4o,train
1w4p,train
1w4q,train
1w5v,train
1w5w,train
1w5x,train
1w5y,train
1w7g,train
1wcq,train
1ws4,train
1x38,train
1x39,train
1x8d,train
1xap,train
1xd0,train
1xgi,train
1xk9,train
1xkk,train
1xws,train
1y0l,train
1y3v,train
1y3x,train
1yc1,train
1yc4,train
1ydk,train
1yp9,train
1ype,train
1ypg,train
1ypj,train
1z1h,train
1z6e,train
1z95,train
1zc9,train
1zhy,train
1zp8,train
1zpa,train
1zsf,train
2a14,train
2aac,train
2aj8,train
2aoc,train
2aod,train
2aog,train
2aqu,train
2avm,train
2avo,train
2avq,train
2avs,train
2ayr,train
2b1g,train
2b1i,train
2b4l,train
2b7d,train
2bes,train
2bfq,train
2boh,train
2bq7,train
2bqv,train
2br1,train
2brb,train
2brm,train
2bt9,train
2bvd,train
2byr,train
2bys,train
2bz6,train
2bza,train
2c1p,train
2c3i,train
2c3l,train
2c80,train
2c92,train
2c94,train
2c97,train
2ca8,train
2cbj,train
2cbu,train
2cbv,train
2cen,train
2ceq,train
2cer,train
2ces,train
2cet,train
2cex,train
2cf8,train
2cf9,train
2cgf,train
2cle,train
2clh,train
2cli,train
2clk,train
2cn0,train
2d0k,train
2d3u,train
2d3z,train
2e2p,train
2e7f,train
2epn,train
2f2h,train
2f80,train
2f81,train
2f8g,train
2fdp,train
2fle,train
2flr,train
2fmb,train
2fpz,train
2fqw,train
2fx6,train
2fxs,train
2fxu,train
2fxv,train
2fzc,train
2fzg,train
2gl0,train
2gss,train
2h21,train
2h6b,train
2ha2,train
2ha3,train
2ha6,train
2hah,train
2hb3,train
2hjb,train
2hs1,train
2hxm,train
2hzl,train
2i0a,train
2i3i,train
2i80,train
2idw,train
2ihq,train
2iko,train
2iuz,train
2iwx,train
2j2u,train
2j34,train
2j47,train
2j4g,train
2j4i,train
2j62,train
2j75,train
2j78,train
2j79,train
2j7b,train
2j7d,train
2j7e,train
2j7f,train
2j7g,train
2j7h,train
2j94,train
2j95,train
2jf4,train
2jfz,train
2jg0,train
2jgs,train
2jh0,train
2jh5,train
2jh6,train
2jiw,train
2jjb,train
2jkh,train
2nmz,train
2nnd,train
2o4j,train
2o4r,train
2oag,train
2oax,train
2ogy,train
2oiq,train
2ole,train
2on6,train
2ot1,train
2oxn,train
2oym,train
2p15,train
2p16,train
2p3a,train
2p3b,train
2p3c,train
2p4j,train
2p4y,train
2p7a,train
2p7g,train
2p7z,train
2p95,train
2pcp,train
2pgz,train
2pog,train
2pqz,train
2psu,train
2psv,train
2pu2,train
2pwc,train
2pwg,train
2pwr,train
2pym,train
2pyn,train
2q54,train
2q55,train
2q5k,train
2q63,train
2q64,train
2q7q,train
2q88,train
2q89,train
2q8h,train
2q8z,train
2qbu,train
2qci,train
2qd6,train
2qd7,train
2qd8,train
2qe4,train
2qhy,train
2qhz,train
2qi0,train
2qi1,train
2qi3,train
2qi4,train
2qi5,train
2qi6,train
2qi7,train
2qnn,train
2qpu,train
2qrk,train
2qrl,train
2qtg,train
2qtt,train
2qu6,train
2r2m,train
2r2w,train
2r38,train
2r3t,train
2r3w,train
2r43,train
2r58,train
2r5p,train
2r9w,train
2r9x,train
2ra6,train
2rcn,train
2reg,train
2rin,train
2rkf,train
2rkg,train
2uwd,train
2uwl,train
2uwo,train
2uwp,train
2uxi,train
2uy3,train
2uy4,train
2uy5,train
2uyn,train
2uyq,train
2v00,train
2v2q,train
2v2v,train
2v3d,train
2v54,train
2v59,train
2vb8,train
2vba,train
2vc9,train
2vjx,train
2vk6,train
2vkm,train
2vl4,train
2vmd,train
2vmf,train
2vo4,train
2vo5,train
2vot,train
2vpn,train
2vpo,train
2vqt,train
2vrj,train
2vuk,train
2vvc,train
2vvn,train
2vvs,train
2vvu,train
2vvv,train
2vw1,train
2vw5,train
2vwc,train
2vwl,train
2vwm,train
2vwn,train
2vwo,train
2vxn,train
2w26,train
2w4x,train
2w66,train
2w67,train
2w8y,train
2w9h,train
2wb5,train
2wbg,train
2wc3,train
2wc4,train
2wca,train
2weq,train
2wer,train
2wgj,train
2whp,train
2wjg,train
2wkz,train
2wl0,train
2wn9,train
2wnc,train
2wnj,train
2wos,train
2wr8,train
2wvt,train
2wyg,train
2wyj,train
2wzm,train
2x00,train
2x09,train
2x0y,train
2x4z,train
2xab,train
2xb7,train
2xb8,train
2xbv,train
2xbw,train
2xbx,train
2xc0,train
2xc4,train
2xd9,train
2xda,train
2xde,train
2xdk,train
2xdl,train
2xdx,train
2xg9,train
2xht,train
2xib,train
2xii,train
2xj1,train
2xj2,train
2xj7,train
2xjg,train
2xjj,train
2xjx,train
2xm1,train
2xm2,train
2xn5,train
2xog,train
2xp7,train
2xpk,train
2xye,train
2xyf,train
2xys,train
2xyt,train
2y5f,train
2y5g,train
2y5h,train
2y7x,train
2y7z,train
2y80,train
2y81,train
2y82,train
2y8c,train
2ya6,train
2yb0,train
2ydt,train
2ydw,train
2yek,train
2yfa,train
2yfe,train
2yfx,train
2yge,train
2ygf,train
2yk1,train
2yki,train
2ymd,train
2yme,train
2yxj,train
2z4o,train
2zc9,train
2zda,train
2zdk,train
2zdl,train
2zdm,train
2zdn,train
2zfp,train
2zfs,train
2zft,train
2zgx,train
2zq2,train
2zwz,train
2zx6,train
2zx7,train
2zx8,train
2zxd,train
2zy1,train
2zz1,train
2zz2,train
3a2o,train
3a5y,train
3a6t,train
3acw,train
3acx,train
3ao4,train
3arp,train
3arq,train
3arw,train
3arx,train
3axz,train
3b1m,train
3b24,train
3b25,train
3b26,train
3b27,train
3b4p,train
3b5r,train
3b66,train
3b67,train
3b68,train
3bex,train
3bgb,train
3bgc,train
3bgq,train
3bgs,train
3bgz,train
3brn,train
3bva,train
3bvb,train
3bxe,train
3bxf,train
3c2f,train
3c2o,train
3c2r,train
3c2u,train
3c79,train
3c84,train
3cct,train
3ccw,train
3ccz,train
3cd0,train
3cd5,train
3cd7,train
3cda,train
3cdb,train
3cke,train
3ckz,train
3cl0,train
3cm2,train
3cow,train
3coy,train
3coz,train
3cs7,train
3ctt,train
3cyw,train
3cyx,train
3cz1,train
3d0e,train
3d1x,train
3d1y,train
3d1z,train
3d6o,train
3d6p,train
3d78,train
3d8z,train
3d91,train
3da9,train
3djk,train
3djo,train
3djp,train
3djq,train
3djv,train
3djx,train
3dk1,train
3dsz,train
3dzt,train
3e5u,train
3e6y,train
3ebl,train
3ebo,train
3ebp,train
3eeb,train
3eko,train
3ekp,train
3ekr,train
3ekt,train
3ekv,train
3ekw,train
3el1,train
3el4,train
3el5,train
3el9,train
3eqr,train
3f3c,train
3f68,train
3f78,train
3f7g,train
3f7h,train
3f8c,train
3ffg,train
3fqe,train
3fql,train
3fuc,train
3fur,train
3fzy,train
3g0e,train
3g0i,train
3g0w,train
3g1d,train
3g1v,train
3ga5,train
3gdt,train
3ggu,train
3gi4,train
3gi5,train
3gi6,train
3gkz,train
3gm0,train
3gnw,train
3gr2,train
3gs6,train
3gsm,train
3gt9,train
3gta,train
3gv9,train
3gvu,train
3gx0,train
3gy2,train
3gy3,train
3gy4,train
3h5b,train
3h78,train
3h89,train
3h8b,train
3hcm,train
3hek,train
3hit,train
3hkw,train
3hky,train
3hl5,train
3hl8,train
3hmo,train
3hmp,train
3hp9,train
3hv8,train
3i6o,train
3i7e,train
3ies,train
3ijh,train
3ikd,train
3ikg,train
3imc,train
3ime,train
3iob,train
3ioc,train
3iod,train
3ioe,train
3ip8,train
3ip9,train
3ipq,train
3ipu,train
3isj,train
3iub,train
3iue,train
3ivc,train
3ivg,train
3ivx,train
3jrs,train
3jy0,train
3jya,train
3jyr,train
3jzj,train
3k02,train
3k37,train
3k4d,train
3k4q,train
3k5v,train
3k8c,train
3k8o,train
3k8q,train
3k97,train
3k99,train
3kdb,train
3kdc,train
3kdd,train
3kdm,train
3kr8,train
3kyq,train
3l4u,train
3l4v,train
3l4w,train
3l4x,train
3l4y,train
3l4z,train
3ldp,train
3ldq,train
3lgs,train
3liw,train
3ljo,train
3lpp,train
3lvw,train
3lxk,train
3lzs,train
3lzu,train
3lzz,train
3m35,train
3m36,train
3m37,train
3m3z,train
3m8u,train
3mf5,train
3mi2,train
3miy,train
3ms9,train
3mss,train
3mxd,train
3mxe,train
3n1c,train
3n3g,train
3n76,train
3n7a,train
3n7o,train
3n86,train
3n8k,train
3nhi,train
3nht,train
3nkk,train
3nox,train
3nq3,train
3nq9,train
3nsn,train
3nu3,train
3nu4,train
3nu5,train
3nu6,train
3nu9,train
3nuj,train
3nuo,train
3nyx,train
3o5n,train
3o5x,train
3o75,train
3o84,train
3o99,train
3o9a,train
3o9d,train
3o9e,train
3o9i,train
3o9p,train
3oaf,train
3ok9,train
3own,train
3oyw,train
3ozp,train
3p17,train
3p2e,train
3p7i,train
3p8o,train
3p8p,train
3pgu,train
3pn1,train
3po1,train
3ppm,train
3prs,train
3pwm,train
3pww,train
3pyy,train
3q2j,train
3q6w,train
3q6z,train
3q71,train
3qaa,train
3qbc,train
3qdd,train
3qfy,train
3qfz,train
3qgw,train
3qgy,train
3qkd,train
3qox,train
3qto,train
3qtv,train
3qwc,train
3qx5,train
3r4m,train
3r4n,train
3r4p,train
3r7o,train
3re4,train
3rf5,train
3rlb,train
3rlp,train
3rlq,train
3rlr,train
3rux,train
3rv8,train
3s0b,train
3s0e,train
3s43,train
3s54,train
3s6t,train
3sfg,train
3sha,train
3shc,train
3si3,train
3si4,train
3sio,train
3sk2,train
3slz,train
3sm2,train
3sr4,train
3st5,train
3su0,train
3su1,train
3su2,train
3su3,train
3su4,train
3su5,train
3su6,train
3sue,train
3suf,train
3sur,train
3sus,train
3sut,train
3suu,train
3suv,train
3suw,train
3sv2,train
3sww,train
3sxf,train
3t1a,train
3t1m,train
3t2w,train
3t3c,train
3t3u,train
3t60,train
3t64,train
3t70,train
3tao,train
3tb6,train
3td4,train
3tf6,train
3tfu,train
3th9,train
3tkw,train
3ttm,train
3ttp,train
3tu7,train
3tzm,train
3u10,train
3u6h,train
3u6i,train
3u81,train
3u8j,train
3u8k,train
3u8l,train
3u9q,train
3ubd,train
3udd,train
3uev,train
3uex,train
3ug2,train
3uj9,train
3ujc,train
3ujd,train
3umq,train
3upk,train
3uug,train
3uxd,train
3uz5,train
3uzj,train
3v2n,train
3v2p,train
3v3q,train
3v4t,train
3v51,train
3v5p,train
3v5t,train
3v78,train
3veh,train
3vf5,train
3vf7,train
3vfa,train
3vfb,train
3vha,train
3vhc,train
3vhd,train
3vhk,train
3vjc,train
3vje,train
3vtr,train
3w07,train
3w37,train
3w5n,train
3w9k,train
3w9r,train
3wgg,train
3wha,train
3wjw,train
3wtj,train
3wtl,train
3wtm,train
3wtn,train
3wto,train
3wz6,train
3wz8,train
3x00,train
3zbx,train
3zc5,train
3zcl,train
3zdg,train
3zdh,train
3zi0,train
3zi8,train
3zj6,train
3zk6,train
3zll,train
3zln,train
3zm9,train
3zq9,train
3zqe,train
3zv7,train
3zxz,train
3zze,train
4a4q,train
4a4v,train
4a4w,train
4a6c,train
4a6l,train
4a7i,train
4a95,train
4ab9,train
4aba,train
4abb,train
4abd,train
4abe,train
4abg,train
4abh,train
4ad2,train
4ad3,train
4ad6,train
4afg,train
4ag8,train
4agc,train
4ai5,train
4aia,train
4aj4,train
4aji,train
4ajl,train
4alx,train
4aoi,train
4ap7,train
4app,train
4aqh,train
4ara,train
4arb,train
4arw,train
4asd,train
4ase,train
4asj,train
4att,train
4auj,train
4av4,train
4av5,train
4axd,train
4az5,train
4az6,train
4azb,train
4azg,train
4azi,train
4b0b,train
4b1j,train
4b2i,train
4b2l,train
4b32,train
4b33,train
4b34,train
4b35,train
4b3c,train
4b3d,train
4b5d,train
4b6o,train
4b6p,train
4b6r,train
4b6s,train
4b73,train
4b74,train
4b76,train
4b7p,train
4b9z,train
4bb9,train
4bc5,train
4bny,train
4bqg,train
4bqs,train
4br3,train
4btk,train
4buq,train
4c1y,train
4c6u,train
4c9x,train
4cc5,train
4cd0,train
4cg8,train
4cg9,train
4cga,train
4ciw,train
4cl6,train
4clj,train
4cmo,train
4cp5,train
4cp7,train
4cps,train
4cpt,train
4cpw,train
4cpz,train
4cr5,train
4cr9,train
4cra,train
4crb,train
4crc,train
4crf,train
4crl,train
4csd,train
4css,train
4cst,train
4cwn,train
4cwo,train
4cwp,train
4cwq,train
4cwr,train
4cws,train
4cwt,train
4d3h,train
4d8z,train
4daf,train
4db7,train
4dbm,train
4dcs,train
4ddh,train
4ddk,train
4ddm,train
4de5,train
4dfg,train
4djo,train
4djp,train
4djq,train
4djr,train
4dkq,train
4dkr,train
4dq2,train
4duh,train
4dy6,train
4e1k,train
4e6d,train
4e6q,train
4e70,train
4eb8,train
4ef6,train
4efk,train
4ej8,train
4ejl,train
4ek9,train
4elf,train
4elg,train
4elh,train
4eo6,train
4eo8,train
4erf,train
4etz,train
4eu0,train
4euo,train
4ew2,train
4ew3,train
4f09,train
4f0c,train
4f1l,train
4f5y,train
4f6u,train
4f6w,train
4f7v,train
4fcq,train
4fev,train
4few,train
4fht,train
4fxq,train
4fzj,train
4g5f,train
4g95,train
4gah,train
4gfm,train
4gfo,train
4gg7,train
4ggz,train
4ghi,train
4gid,train
4gih,train
4gii,train
4gj2,train
4gj3,train
4gkh,train
4gki,train
4gny,train
4gq4,train
4gqp,train
4gqq,train
4gu6,train
4gu9,train
4gue,train
4gzp,train
4gzt,train
4hbm,train
4hdb,train
4hdf,train
4hdp,train
4heg,train
4hfp,train
4hge,train
4hj2,train
4hla,train
4hzm,train
4i54,train
4i7k,train
4i7m,train
4i8w,train
4i8x,train
4i8z,train
4i9h,train
4i9u,train
4ibb,train
4ibc,train
4ibg,train
4ibi,train
4ibj,train
4ibk,train
4ieh,train
4ih5,train
4ih6,train
4ih7,train
4iie,train
4iif,train
4ish,train
4isi,train
4iue,train
4iuo,train
4iva,train
4j21,train
4j22,train
4j28,train
4j3l,train
4j7d,train
4j7e,train
4j93,train
4jal,train
4jfk,train
4jfm,train
4jfs,train
4jh0,train
4jia,train
4jn2,train
4jsz,train
4jxs,train
4jyb,train
4jyc,train
4jyt,train
4jz1,train
4k0o,train
4k0y,train
4k18,train
4k9y,train
4kao,train
4kb9,train
4kiu,train
4km0,train
4km2,train
4kmz,train
4kn1,train
4kow,train
4ks1,train
4ks4,train
4ksy,train
4kwf,train
4kxn,train
4kz3,train
4kz4,train
4kz6,train
4kz7,train
4kzq,train
4l4v,train
4l4z,train
4l50,train
4l51,train
4l9i,train
4lar,train
4lhm,train
4lj5,train
4lj8,train
4lko,train
4ll3,train
4loh,train
4loi,train
4loy,train
4lvt,train
4lxd,train
4ly9,train
4m0e,train
4m0f,train
4m0y,train
4m12,train
4m13,train
4m14,train
4m8x,train
4m8y,train
4mc1,train
4mc2,train
4mc6,train
4mc9,train
4mdn,train
4mgd,train
4mjp,train
4mo4,train
4mpn,train
4mq6,train
4mr6,train
4mre,train
4mrg,train
4muf,train
4mul,train
4muv,train
4myd,train
4n6z,train
4n7u,train
4n9a,train
4n9c,train
4na9,train
4ndu,train
4nh7,train
4nh8,train
4nj9,train
4nja,train
4nl1,train
4nnr,train
4non,train
4np2,train
4np3,train
4nvp,train
4nxu,train
4nxv,train
4o04,train
4o05,train
4o07,train
4o09,train
4o0a,train
4o0b,train
4o0x,train
4o0y,train
4o2p,train
4o3f,train
4o97,train
4o9v,train
4oag,train
4ocq,train
4og3,train
4og4,train
4oiv,train
4oks,train
4oma,train
4omj,train
4omk,train
4or6,train
4ovf,train
4ovg,train
4p3h,train
4p58,train
4p5d,train
4p5z,train
4p6c,train
4p6w,train
4p6x,train
4pcs,train
4pee,train
4phu,train
4pin,train
4pmm,train
4pop,train
4psb,train
4pzv,train
4q0k,train
4q19,train
4q1w,train
4q1x,train
4q1y,train
4q46,train
4q9o,train
4qac,train
4qd6,train
4qdk,train
4qew,train
4qgi,train
4qij,train
4ql1,train
4qnb,train
4qpd,train
4qpl,train
4qxo,train
4qy3,train
4r06,train
4r0a,train
4r4c,train
4r4o,train
4r4t,train
4r73,train
4r74,train
4r75,train
4ra1,train
4rak,train
4rdn,train
4re2,train
4rfm,train
4rj8,train
4rlt,train
4rlu,train
4rlw,train
4rpn,train
4rpo,train
4rr6,train
4rra,train
4rrf,train
4rrg,train
4rwj,train
4rww,train
4s1g,train
4tpw,train
4trc,train
4tun,train
4twp,train
4ty6,train
4ty7,train
4u0f,train
4u0w,train
4u43,train
4u54,train
4u5s,train
4u8w,train
4uac,train
4ual,train
4ucc,train
4uin,train
4unp,train
4uyf,train
4v01,train
4v24,train
4w52,train
4w97,train
4w9o,train
4w9p,train
4wa9,train
4wk1,train
4wn5,train
4wov,train
4wrb,train
4wt2,train
4x50,train
4x5p,train
4x5q,train
4x5r,train
4x5y,train
4x5z,train
4x6m,train
4x6n,train
4x6o,train
4x8u,train
4x8v,train
4xaq,train
4xar,train
4xas,train
4xip,train
4xiq,train
4xir,train
4xit,train
4xk9,train
4xmb,train
4xo8,train
4xoc,train
4xoe,train
4xtv,train
4xtw,train
4xtx,train
4xty,train
4xtz,train
4xu0,train
4xu1,train
4xu2,train
4xu3,train
4xxh,train
4y0a,train
4y2q,train
4y3j,train
4y3y,train
4y4j,train
4y79,train
4y8x,train
4ybk,train
4yc0,train
4yes,train
4yhm,train
4yho,train
4ykk,train
4ymg,train
4ymh,train
4ysl,train
4ytc,train
4yth,train
4yzu,train
4z07,train
4z0k,train
4z93,train
4zae,train
4zb8,train
4zba,train
4zcs,train
4zeb,train
4zec,train
4zei,train
4zek,train
4zgk,train
4zip,train
4zji,train
4zl4,train
4zls,train
4zme,train
4zow,train
4zyf,train
5a6k,train
5a7b,train
5aa9,train
5afv,train
5ahw,train
5alb,train
5am6,train
5am7,train
5ant,train
5anu,train
5anv,train
5aqz,train
5avf,train
5ayt,train
5bry,train
5bs4,train
5btx,train
5bw4,train
5c8n,train
5cap,train
5caq,train
5cas,train
5cau,train
5cep,train
5ceq,train
5cp9,train
5cs3,train
5ct2,train
5d0r,train
5d1r,train
5d3x,train
5dey,train
5dfp,train
5dgu,train
5dgw,train
5dhu,train
5dit,train
5dqf,train
5dus,train
5duw,train
5dwr,train
5dxt,train
5dyo,train
5e13,train
5e1s,train
5e2o,train
5e2p,train
5e89,train
5edl,train
5efc,train
5egm,train
5ehq,train
5ehr,train
5ei3,train
5epn,train
5eqe,train
5eqp,train
5eqy,train
5er4,train
5etj,train
5eu1,train
5ewk,train
5ewy,train
5exl,train
5exm,train
5exn,train
5exw,train
5ey0,train
5ey4,train
5eyr,train
5f08,train
5f0f,train
5f1h,train
5f1r,train
5f1v,train
5f1x,train
5f25,train
5f2p,train
5f8y,train
5fck,train
5fcz,train
5fh7,train
5fh8,train
5fnc,train
5fnd,train
5fnf,train
5fnr,train
5fns,train
5fnt,train
5fnu,train
5fog,train
5fol,train
5fs5,train
5fsc,train
5fsn,train
5fso,train
5fsy,train
5ftg,train
5fto,train
5g1z,train
5g2g,train
5g46,train
5g4m,train
5g4n,train
5g4o,train
5g5f,train
5g5z,train
5g60,train
5g61,train
5gsa,train
5h1t,train
5h1u,train
5h1v,train
5h5f,train
5h9r,train
5hct,train
5hcv,train
5hcy,train
5hrv,train
5hrw,train
5hrx,train
5htl,train
5hu9,train
5hvs,train
5hvt,train
5hwv,train
5i1q,train
5i2e,train
5i7y,train
5i8g,train
5i9x,train
5i9y,train
5i9z,train
5ia0,train
5ia1,train
5ia2,train
5ia3,train
5ia4,train
5ia5,train
5igm,train
5ih9,train
5ijr,train
5ime,train
5ioz,train
5ipc,train
5ipj,train
5iyy,train
5j1r,train
5j1x,train
5j20,train
5j27,train
5j3l,train
5j64,train
5j6a,train
5j6l,train
5j6m,train
5j6n,train
5j7q,train
5j82,train
5j86,train
5j8u,train
5j9x,train
5ja0,train
5jfp,train
5jfu,train
5jg1,train
5jgi,train
5jgq,train
5jhb,train
5jhk,train
5ji8,train
5jsg,train
5jsj,train
5jsq,train
5jy3,train
5k03,train
5k0m,train
5k1d,train
5k1f,train
5k8s,train
5kax,train
5kbe,train
5kby,train
5kej,train
5kh3,train
5kly,train
5kma,train
5ko1,train
5ko5,train
5kqx,train
5kqy,train
5kr0,train
5kr1,train
5kr2,train
5kz0,train
5l30,train
5l3a,train
5l8a,train
5ld8,train
5ldm,train
5lny,train
5lsh,train
5lud,train
5lwm,train
5lz4,train
5lz5,train
5lz7,train
5m23,train
5m25,train
5m7s,train
5m7u,train
5mek,train
5mg2,train
5mkr,train
5mks,train
5mn1,train
5mnn,train
5mrb,train
5mro,train
5mrp,train
5mxf,train
5my8,train
5mz8,train
5n17,train
5n18,train
5n1z,train
5n6s,train
5n93,train
5nap,train
5nau,train
5nbw,train
5ndf,train
5ngz,train
5njz,train
5nk2,train
5nk3,train
5nk4,train
5nk6,train
5nk7,train
5nk8,train
5nk9,train
5nka,train
5nkb,train
5nkc,train
5nkd,train
5nkg,train
5nkh,train
5nki,train
5nn6,train
5nyh,train
5nze,train
5nzf,train
5nzn,train
5o2d,train
5o9o,train
5o9p,train
5o9q,train
5o9r,train
5o9y,train
5oa2,train
5oa6,train
5odx,train
5oei,train
5oh2,train
5oh3,train
5oh4,train
5oh7,train
5oh9,train
5oha,train
5oku,train
5om2,train
5om7,train
5oot,train
5op4,train
5op5,train
5oq8,train
5oss,train
5ost,train
5ovr,train
5ovx,train
5qay,train
5sym,train
5sz2,train
5t8o,train
5t8p,train
5t9u,train
5t9w,train
5t9z,train
5ta2,train
5ta4,train
5tbm,train
5tcj,train
5tp0,train
5tpx,train
5tuz,train
5twj,train
5u6j,train
5uc4,train
5ucj,train
5ueu,train
5uez,train
5uf0,train
5ufp,train
5ufr,train
5ufs,train
5uk8,train
5ult,train
5umx,train
5umy,train
5uoo,train
5uov,train
5upe,train
5upf,train
5upz,train
5ut6,train
5v82,train
5var,train
5vb5,train
5vb6,train
5vb7,train
5vc3,train
5vc4,train
5vcv,train
5vcw,train
5vcy,train
5vcz,train
5vd0,train
5vd1,train
5vd2,train
5vd3,train
5vo1,train
5voj,train
5vp9,train
5vr8,train
5vsf,train
5vsj,train
5vyy,train
5wa8,train
5wa9,train
5wal,train
5wbm,train
5wbo,train
5wl0,train
5wlo,train
5wp5,train
5wqc,train
5wuk,train
5wyx,train
5wyz,train
5x62,train
5x74,train
5xmx,train
5xo7,train
5xva,train
5xvg,train
5ya5,train
5yfs,train
5yft,train
5yj8,train
5yjm,train
5yl2,train
5z5f,train
5z7b,train
5z7j,train
5za7,train
5za8,train
5zae,train
5zaf,train
5zag,train
5zaj,train
5zc5,train
5zkc,train
6aqs,train
6ayi,train
6b1k,train
6b4n,train
6b7a,train
6b7b,train
6bdy,train
6bhv,train
6bm5,train
6bm6,train
6c0s,train
6cbf,train
6cbg,train
6cdj,train
6cdl,train
6ce6,train
6ced,train
6cfc,train
6chp,train
6ckw,train
6cn5,train
6cwh,train
6cwn,train
6d50,train
6dai,train
6dak,train
6dar,train
6dh1,train
6dh2,train
6dh6,train
6dh7,train
6dh8,train
6dif,train
6dil,train
6dj1,train
6dj2,train
6dj5,train
6dj7,train
6e7j,train
6e9a,train
6ei5,train
6eif,train
6eij,train
6eiq,train
6eir,train
6eis,train
6eiz,train
6el5,train
6eln,train
6elo,train
6elp,train
6eog,train
6eol,train
6ep4,train
6epz,train
6eq1,train
6eq8,train
6euw,train
6eux,train
6exs,train
6ey8,train
6ey9,train
6eya,train
6eyb,train
6ezq,train
6f05,train
6f1n,train
6f20,train
6f9g,train
6fba,train
6fhq,train
6fmc,train
6fnf,train
6fng,train
6fni,train
6fnj,train
6fnq,train
6fnr,train
6ftz,train
6fuh,train
6fui,train
6fuj,train
6g0z,train
6g14,train
6g36,train
6g37,train
6g38,train
6g9i,train
6ge7,train
6gf9,train
6gfs,train
6ghh,train
6gji,train
6gjj,train
6gjl,train
6gjm,train
6gjr,train
6gl8,train
6gl9,train
6gla,train
6glb,train
6gwr,train
6gzd,train
6gzm,train
6h8s,train
6hai,train
6hd6,train
6hke,train
6hlx,train
6hly,train
6ht1,train
6iiu,train
6ma2,train
6ma3,train
6ma4,train
6ma5,train
6mj7,train
8a3h,train
1enu,val
1f3e,val
1jmf,val
1jmg,val
1nc1,val
1nc3,val
1od8,val
1pr5,val
1pzp,val
1q65,val
1q8t,val
1q8u,val
1q8w,val
1r5y,val
1s38,val
1s39,val
1szd,val
1v0k,val
1v0l,val
1w96,val
1y1z,val
1y6q,val
1y6r,val
1ydr,val
1yds,val
2jds,val
2o8h,val
2ojg,val
2ojj,val
2p3i,val
2qzr,val
2rcb,val
2yel,val
2z1w,val
3ag9,val
3agl,val
3b3x,val
3bqc,val
3bwj,val
3c4h,val
3dnd,val
3dne,val
3dp9,val
3f34,val
3f37,val
3fhb,val
3fl5,val
3g2y,val
3g2z,val
3g30,val
3g31,val
3g32,val
3g34,val
3g35,val
3gc4,val
3gc5,val
3ge7,val
3gjw,val
3h30,val
3i4b,val
3i5z,val
3i60,val
3jrx,val
3kjd,val
3l3l,val
3l3m,val
3nyd,val
3ovn,val
3p5o,val
3pe1,val
3pe2,val
3pwd,val
3rm9,val
3rr4,val
3u5j,val
3u5l,val
3u90,val
3zlr,val
3zsq,val
3zsx,val
3zsy,val
3zt2,val
3zt3,val
3zyu,val
4acc,val
4ahs,val
4ahu,val
4bs0,val
4c52,val
4ceb,val
4cfl,val
4cgi,val
4cig,val
4cj4,val
4cjp,val
4cjq,val
4cjr,val
4ck3,val
4de0,val
4de1,val
4de2,val
4dst,val
4dsu,val
4epy,val
4f2w,val
4f3c,val
4f3k,val
4ffs,val
4flp,val
4g0p,val
4g0q,val
4g0z,val
4hw3,val
4hy1,val
4hym,val
4kfq,val
4kwo,val
4lbu,val
4leq,val
4lm3,val
4lyw,val
4lzs,val
4mr3,val
4msn,val
4nbn,val
4nuc,val
4nue,val
4ogj,val
4pow,val
4pp0,val
4pum,val
4q4o,val
4q4p,val
4q4q,val
4q4r,val
4q4s,val
4qb3,val
4qp2,val
4qsu,val
4qyy,val
4tmk,val
4tqn,val
4tte,val
4tu4,val
4tz2,val
4uj1,val
4ujb,val
4und,val
4ury,val
4urz,val
4uye,val
4wiv,val
4wkb,val
4wkn,val
4wko,val
4wkp,val
4x24,val
4yk0,val
4yml,val
4ynb,val
4yo8,val
4z84,val
4zbf,val
4zbi,val
4zzx,val
4zzy,val
4zzz,val
5a5q,val
5a81,val
5acy,val
5cp5,val
5cqt,val
5cs6,val
5csp,val
5cu4,val
5cy9,val
5d0c,val
5d24,val
5d25,val
5d26,val
5d3h,val
5d3j,val
5d3l,val
5d3n,val
5d3p,val
5d3t,val
5dbm,val
5dex,val
5dlx,val
5dw2,val
5egu,val
5eis,val
5eng,val
5ep7,val
5eq1,val
5etb,val
5f5z,val
5f60,val
5f61,val
5f62,val
5f63,val
5h85,val
5h8e,val
5h8g,val
5i80,val
5i88,val
5ito,val
5itp,val
5j0d,val
5jxq,val
5khm,val
5l7e,val
5l7g,val
5l7h,val
5l9o,val
5lom,val
5mes,val
5mme,val
5mmg,val
5mo8,val
5mpk,val
5mpn,val
5mpz,val
5mwh,val
5mwp,val
5mwy,val
5nlk,val
5o5a,val
5oqu,val
5orh,val
5ork,val
5os7,val
5os8,val
5osl,val
5ot8,val
5ot9,val
5ota,val
5otc,val
5otz,val
5ov8,val
5tb6,val
5tmp,val
5u28,val
5ula,val
5vih,val
5xsr,val
6ayo,val
6ayq,val
6ayr,val
6b4l,val
6b4u,val
6ckr,val
6cks,val
6cpw,val
6d55,val
6d56,val
6d5e,val
6d5g,val
6d5h,val
6d5j,val
6e4a,val
6ekq,val
6fa4,val
6fo5,val
6fs0,val
6fs1,val
