benchmark	downstream_split	downstream_pid	downstream_chain	plinder_pid	plinder_entity	fident	qcov	tcov	alnlen	evalue	bits
id30	test	1bm7	chain0	8aww	1	1.000	1.000	0.983	114	1.621E-72	236
id30	test	1df8	chain1	6avk	1	0.991	1.000	0.976	120	2.953E-77	250
id30	test	1drj	chain0	1dbp	1	0.992	1.000	1.000	271	1.483E-168	522
id30	test	1drk	chain0	1dbp	1	0.988	1.000	1.000	271	3.295E-168	521
id30	test	1fm9	chain1	4ci5	1	1.000	1.000	1.000	272	4.815E-173	535
id30	test	1g7f	chain0	8g65	1	0.996	1.000	0.997	297	5.668E-201	617
id30	test	1g7g	chain0	8g65	1	1.000	1.000	0.997	297	2.551E-201	618
id30	test	1h1s	chain0	3tnw	1	0.996	1.000	0.990	297	3.073E-199	612
id30	test	1kav	chain0	8g65	1	1.000	1.000	0.997	297	2.551E-201	618
id30	test	1nli	chain0	1qd2	1	0.991	0.996	1.000	247	4.552E-153	476
id30	test	1nvq	chain0	6fc8	1	0.974	1.000	0.982	271	1.716E-180	556
id30	test	1nvr	chain0	6fc8	1	0.974	1.000	0.982	271	1.716E-180	556
id30	test	1oar	chain0	1oax	1	0.991	1.000	1.000	122	1.201E-79	257
id30	test	1oau	chain0	1oax	1	0.991	1.000	1.000	122	1.201E-79	257
id30	test	1p1n	chain0	1p1u	1	1.000	1.000	0.981	258	1.351E-171	530
id30	test	1p1o	chain0	1p1u	1	1.000	1.000	0.989	260	2.736E-173	535
id30	test	1p1q	chain0	1p1u	1	1.000	1.000	0.981	258	1.351E-171	530
id30	test	1pxn	chain0	3r1q	1	0.986	1.000	0.974	298	1.587E-196	604
id30	test	1pxp	chain0	3r1q	1	0.986	1.000	0.974	298	1.587E-196	604
id30	test	1rpj	chain0	8wl7	1	0.947	1.000	0.932	288	9.271E-174	538
id30	test	1sw2	chain0	7s7x	1	0.392	0.996	0.932	273	8.584E-48	173
id30	test	1swr	chain3	6avk	1	0.991	1.000	0.959	118	3.600E-74	241
id30	test	1syh	chain0	3b7d	1	1.000	1.000	0.992	259	1.290E-172	533
id30	test	1syi	chain0	3b7d	1	0.996	1.000	0.992	259	6.371E-172	531
id30	test	1vyg	chain0	8ivf	1	0.465	0.970	0.985	131	4.036E-32	121
id30	test	1wvj	chain0	2aix	1	1.000	1.000	0.996	262	5.543E-175	540
id30	test	1xhy	chain0	2aix	1	0.996	1.000	0.985	259	6.371E-172	531
id30	test	2a5c	chain0	6xnd	1	1.000	1.000	0.961	123	2.807E-79	256
id30	test	2al5	chain0	2aix	1	1.000	1.000	0.989	260	2.736E-173	535
id30	test	2azr	chain0	8g65	1	1.000	1.000	0.997	297	2.551E-201	618
id30	test	2b07	chain0	8g65	1	1.000	1.000	0.997	297	2.551E-201	618
id30	test	2baj	chain0	4a9y	1	0.949	1.000	0.973	355	1.550E-218	670
id30	test	2bak	chain0	6zqs	1	0.957	1.000	0.964	349	1.119E-220	676
id30	test	2bal	chain0	3uvr	1	0.965	1.000	0.969	349	1.070E-222	682
id30	test	2dri	chain0	1dbp	1	0.996	1.000	1.000	271	1.351E-169	525
id30	test	2e27	chain1	1oax	1	0.733	1.000	0.984	120	1.175E-52	179
id30	test	2f34	chain0	5mfq	1	1.000	1.000	0.977	251	2.857E-168	520
id30	test	2f35	chain0	5mfq	1	1.000	1.000	0.977	251	2.857E-168	520
id30	test	2f6t	chain0	8g65	1	1.000	1.000	0.997	297	2.551E-201	618
id30	test	2fvd	chain0	6oqi	1	0.953	1.000	0.997	298	5.097E-187	576
id30	test	2gz2	chain0	3q11	1	1.000	1.000	0.975	357	5.343E-232	710
id30	test	2izl	chain2	6avk	1	1.000	1.000	0.992	122	1.325E-78	254
id30	test	2nta	chain0	8g65	1	0.996	1.000	0.997	297	5.668E-201	617
id30	test	2o0u	chain0	8bzp	1	0.932	1.000	0.975	355	2.370E-219	672
id30	test	2p2a	chain0	3b7d	1	0.996	1.000	0.992	259	1.483E-170	527
id30	test	2p4s	chain0	1rct	1	0.557	0.986	0.965	278	1.116E-98	321
id30	test	2pbw	chain1	5mfq	1	1.000	1.000	0.984	253	2.603E-170	526
id30	test	2qmg	chain0	5qd9	1	1.000	1.000	0.970	390	1.830E-269	820
id30	test	2vk2	chain0	5ocp	1	0.606	0.980	0.954	290	3.476E-110	355
id30	test	2wky	chain0	3c36	1	1.000	1.000	0.988	255	5.274E-172	531
id30	test	2wtv	chain0	3o50	1	0.977	1.000	0.993	265	1.633E-172	533
id30	test	2xmy	chain0	6oqi	1	0.989	1.000	0.997	298	3.369E-197	606
id30	test	2xnb	chain0	6oqi	1	0.993	1.000	0.997	298	7.151E-198	608
id30	test	2yix	chain0	3uvr	1	1.000	1.000	0.975	351	1.144E-237	726
id30	test	2zb1	chain0	3uvr	1	0.988	1.000	0.969	349	7.425E-231	706
id30	test	3bft	chain0	3b7d	1	1.000	1.000	0.992	259	1.290E-172	533
id30	test	3bfu	chain0	2aix	1	1.000	1.000	0.996	262	5.543E-175	540
id30	test	3cfn	chain0	8aww	1	1.000	1.000	0.991	115	1.542E-73	239
id30	test	3cft	chain0	8aww	1	1.000	1.000	1.000	116	3.266E-74	241
id30	test	3ckp	chain0	6c2i	1	0.966	1.000	0.954	392	3.306E-257	784
id30	test	3d7z	chain0	3uvr	1	0.997	1.000	0.969	349	2.784E-235	719
id30	test	3d83	chain0	3uvr	1	0.994	1.000	0.969	349	6.786E-234	715
id30	test	3e5a	chain0	3o50	1	0.996	1.000	0.993	265	4.823E-178	549
id30	test	3e92	chain0	4ewq	1	0.994	1.000	0.914	350	6.786E-234	715
id30	test	3e93	chain0	6zqs	1	0.988	1.000	0.967	350	7.434E-232	709
id30	test	3fat	chain0	3epe	1	0.996	0.992	1.000	257	1.708E-169	524
id30	test	3fv1	chain0	3fvo	1	1.000	1.000	1.000	256	1.119E-172	533
id30	test	3fv2	chain0	3fvo	1	1.000	1.000	1.000	256	1.119E-172	533
id30	test	3fvk	chain0	3fvo	1	1.000	1.000	1.000	256	1.119E-172	533
id30	test	3fvn	chain0	3fvo	1	1.000	1.000	1.000	256	1.119E-172	533
id30	test	3gba	chain0	5mfq	1	1.000	1.000	1.000	257	1.068E-173	536
id30	test	3gbb	chain0	5mfq	1	1.000	1.000	0.992	255	5.274E-172	531
id30	test	3gcp	chain0	3lfc	1	0.965	1.000	0.969	349	9.754E-224	685
id30	test	3gcs	chain0	3lfc	1	0.951	1.000	0.967	348	1.284E-217	667
id30	test	3gcu	chain0	3uvr	1	0.971	1.000	0.969	349	4.006E-226	692
id30	test	3hk1	chain0	7wc3	1	0.916	1.000	0.992	131	1.119E-76	249
id30	test	3hl7	chain0	3uvr	1	0.968	1.000	0.964	347	1.885E-224	687
id30	test	3hub	chain0	3lfc	1	0.959	1.000	0.969	349	1.069E-221	679
id30	test	3huc	chain0	3uvr	1	0.965	1.000	0.969	349	8.891E-225	688
id30	test	3i25	chain0	5qd9	1	0.961	1.000	0.965	388	1.625E-253	773
id30	test	3iph	chain0	6zqs	1	0.988	1.000	0.964	349	3.670E-231	707
id30	test	3iw5	chain0	3lfc	1	0.960	1.000	0.972	350	1.229E-220	676
id30	test	3iw6	chain0	3lfc	1	0.962	1.000	0.972	350	2.608E-221	678
id30	test	3jvr	chain0	6fc8	1	0.952	1.000	0.982	271	6.077E-172	531
id30	test	3jvs	chain0	6fc8	1	0.944	1.000	0.982	271	1.350E-170	527
id30	test	3kgu	chain0	8aww	1	1.000	1.000	0.991	115	1.542E-73	239
id30	test	3kmx	chain0	5qd9	1	1.000	1.000	0.983	395	7.895E-273	830
id30	test	3kmy	chain0	5qd9	1	1.000	1.000	0.983	395	7.895E-273	830
id30	test	3lpi	chain0	5qd9	1	1.000	1.000	0.970	390	1.830E-269	820
id30	test	3lpk	chain0	5qd9	1	1.000	1.000	0.970	390	1.830E-269	820
id30	test	3myg	chain0	8c15	1	0.958	1.000	0.992	263	7.313E-167	516
id30	test	3nee	chain0	8aww	1	1.000	1.000	1.000	116	3.266E-74	241
id30	test	3neo	chain0	8aww	1	1.000	1.000	1.000	116	3.266E-74	241
id30	test	3nes	chain2	8pm8	1	1.000	1.000	0.913	116	3.266E-74	241
id30	test	3nex	chain0	8pm8	1	1.000	1.000	0.913	116	3.266E-74	241
id30	test	3npc	chain0	4e73	1	0.856	0.997	0.965	356	8.992E-209	643
id30	test	3o8p	chain0	3mpa	1	0.968	1.000	0.964	347	9.307E-224	685
id30	test	3ocp	chain1	3ogj	1	1.000	1.000	0.921	128	2.418E-83	268
id30	test	3ozj	chain0	1xls	1	0.926	1.000	1.000	232	8.755E-138	430
id30	test	3p3r	chain0	8aww	1	1.000	1.000	1.000	116	3.266E-74	241
id30	test	3p3t	chain0	8aww	1	1.000	1.000	1.000	116	3.266E-74	241
id30	test	3p8z	chain0	5ec8	1	1.000	1.000	0.931	257	1.969E-175	541
id30	test	3pd8	chain1	2aix	1	1.000	1.000	0.992	261	5.806E-174	537
id30	test	3pd9	chain1	2aix	1	1.000	1.000	0.989	260	2.736E-173	535
id30	test	3ppp	chain0	6eyl	1	0.730	0.996	0.886	271	7.349E-134	422
id30	test	3ppq	chain0	6eyl	1	0.730	1.000	0.886	271	7.022E-134	422
id30	test	3ppr	chain0	6eyl	1	0.730	1.000	0.886	271	7.022E-134	422
id30	test	3pwk	chain1	3q11	1	1.000	1.000	0.981	359	5.349E-233	713
id30	test	3qqs	chain0	3qsa	1	1.000	1.000	0.918	346	4.779E-219	672
id30	test	3qxt	chain0	7tjc	1	0.774	1.000	0.899	124	6.316E-55	186
id30	test	3qxv	chain0	7tjc	1	0.764	1.000	0.891	123	3.298E-53	181
id30	test	3r6u	chain0	6eyl	1	0.996	1.000	0.889	272	2.281E-181	559
id30	test	3r88	chain0	3qsa	1	0.994	1.000	0.918	346	5.742E-216	663
id30	test	3roc	chain0	6zqs	1	0.968	1.000	0.961	348	4.002E-225	689
id30	test	3rsx	chain0	4gmi	1	0.968	1.000	0.990	387	7.325E-255	777
id30	test	3rt8	chain0	4f29	1	1.000	1.000	1.000	258	3.003E-171	529
id30	test	3rtf	chain0	2aix	1	1.000	1.000	0.981	258	6.077E-172	531
id30	test	3rwp	chain0	3nax	1	0.965	1.000	0.923	287	1.130E-183	566
id30	test	3s2v	chain1	5mfq	1	1.000	1.000	1.000	257	1.068E-173	536
id30	test	3t0x	chain0	5acl	1	0.657	0.964	0.964	107	8.415E-38	136
id30	test	3twp	chain0	3qsa	1	1.000	1.000	0.918	346	4.779E-219	672
id30	test	3tza	chain0	2aix	1	1.000	1.000	0.992	261	5.806E-174	537
id30	test	3u92	chain0	3u94	1	1.000	1.000	0.988	254	1.228E-170	527
id30	test	3udh	chain0	4i0i	1	0.985	1.000	0.985	400	2.207E-269	820
id30	test	3uo4	chain0	6vpg	1	0.996	1.000	0.911	266	5.057E-178	549
id30	test	3uod	chain0	6vpg	1	0.996	1.000	0.911	266	5.057E-178	549
id30	test	3up2	chain0	6vpg	1	0.996	1.000	0.911	266	5.057E-178	549
id30	test	3uu1	chain0	3qsa	1	0.976	1.000	0.918	346	6.888E-211	648
id30	test	3vvy	chain0	6ko7	1	1.000	1.000	0.948	184	7.293E-116	365
id30	test	3vw1	chain0	6ko7	1	1.000	1.000	0.948	184	7.293E-116	365
id30	test	3vw2	chain0	6ko7	1	1.000	1.000	0.948	184	7.293E-116	365
id30	test	3wvm	chain0	7ego	1	1.000	1.000	1.000	133	2.794E-84	271
id30	test	3wzn	chain0	3wzo	1	1.000	1.000	0.961	124	5.947E-80	258
id30	test	4b9k	chain2	8bdm	3	0.971	1.000	0.870	141	1.253E-86	278
id30	test	4bck	chain0	3tnw	1	0.996	1.000	0.997	299	1.384E-200	616
id30	test	4bcm	chain0	4cfn	1	0.986	1.000	0.990	299	3.532E-197	606
id30	test	4bcn	chain0	4cfn	1	0.996	1.000	0.980	296	1.448E-198	610
id30	test	4bco	chain0	3tnw	1	0.996	1.000	0.997	299	1.384E-200	616
id30	test	4bcs	chain0	2of8	1	0.884	0.984	0.960	121	8.279E-68	223
id30	test	4bj8	chain1	6xnd	1	0.384	0.966	0.914	117	3.437E-18	80
id30	test	4bks	chain2	8bdm	3	0.971	1.000	0.870	141	1.253E-86	278
id30	test	4bkt	chain2	8bdm	3	0.978	1.000	0.864	140	1.253E-86	278
id30	test	4c2v	chain0	4c2w	1	0.996	0.996	0.968	270	1.805E-183	565
id30	test	4d4d	chain0	7nl5	1	0.991	1.000	0.928	336	2.654E-236	721
id30	test	4d7b	chain0	8aww	1	1.000	1.000	1.000	116	3.266E-74	241
id30	test	4des	chain0	8aww	1	1.000	1.000	1.000	116	3.266E-74	241
id30	test	4det	chain2	8aww	1	1.000	1.000	1.000	116	3.266E-74	241
id30	test	4deu	chain0	8aww	1	1.000	0.991	1.000	116	3.429E-74	241
id30	test	4dju	chain0	5qd9	1	1.000	1.000	0.970	390	1.830E-269	820
id30	test	4djv	chain0	5qd9	1	1.000	1.000	0.970	390	1.830E-269	820
id30	test	4djw	chain0	5qd9	1	1.000	1.000	0.970	390	1.830E-269	820
id30	test	4djx	chain0	5qd9	1	1.000	1.000	0.970	390	1.830E-269	820
id30	test	4djy	chain0	5qd9	1	1.000	1.000	0.970	390	1.830E-269	820
id30	test	4dld	chain0	5mfq	1	1.000	1.000	0.992	255	5.274E-172	531
id30	test	4e0x	chain3	5mfq	1	1.000	1.000	0.988	254	2.485E-171	529
id30	test	4e4l	chain0	6tpe	1	0.955	1.000	0.997	290	2.184E-185	571
id30	test	4e4n	chain0	6sm8	1	0.963	1.000	1.000	302	1.825E-194	598
id30	test	4e5w	chain0	6sm8	1	0.966	1.000	1.000	302	3.872E-195	600
id30	test	4ehz	chain0	6dbn	1	0.976	1.000	0.940	297	1.445E-196	604
id30	test	4ei4	chain0	6sm8	1	0.956	1.000	1.000	302	2.001E-192	592
id30	test	4eor	chain0	4cfn	1	0.983	1.000	0.987	298	1.742E-195	601
id30	test	4f9w	chain0	6zqs	1	0.965	1.000	0.961	348	1.885E-224	687
id30	test	4f9y	chain0	3uvr	1	0.971	1.000	0.969	349	4.006E-226	692
id30	test	4fk6	chain0	6ggh	1	0.976	1.000	1.000	292	1.819E-191	589
id30	test	4fm7	chain0	4i0i	1	0.985	1.000	0.985	400	2.207E-269	820
id30	test	4fm8	chain0	4i0i	1	0.985	1.000	0.985	400	2.207E-269	820
id30	test	4fs4	chain0	5qd9	1	1.000	1.000	0.970	390	1.830E-269	820
id30	test	4fsl	chain0	5qd9	1	1.000	1.000	0.963	387	8.603E-268	815
id30	test	4g8m	chain0	2aix	1	1.000	1.000	0.989	260	2.736E-173	535
id30	test	4g8n	chain0	4mh5	1	1.000	1.000	0.988	255	2.606E-171	529
id30	test	4gkm	chain0	3qsa	1	1.000	1.000	0.918	346	4.779E-219	672
id30	test	4h3f	chain0	5qd9	1	1.000	1.000	0.970	390	1.830E-269	820
id30	test	4h3g	chain0	5qd9	1	1.000	1.000	0.970	390	1.830E-269	820
id30	test	4h3j	chain0	5qd9	1	1.000	1.000	0.970	390	1.830E-269	820
id30	test	4ha5	chain0	5qd9	1	1.000	1.000	0.970	390	1.830E-269	820
id30	test	4i5c	chain0	6tpe	1	0.962	1.000	0.997	290	4.858E-186	573
id30	test	4igt	chain0	2aix	1	1.000	1.000	1.000	263	2.614E-175	541
id30	test	4ij1	chain1	3qsa	1	0.971	1.000	0.918	346	8.278E-208	639
id30	test	4isu	chain1	2aix	1	1.000	1.000	0.985	259	1.290E-172	533
id30	test	4ivb	chain0	6sm8	1	0.963	1.000	1.000	302	1.825E-194	598
id30	test	4ivc	chain0	6sm8	1	0.963	1.000	1.000	302	1.825E-194	598
id30	test	4ivd	chain0	6sm8	1	0.960	1.000	1.000	302	1.911E-193	595
id30	test	4jym	chain0	7k38	1	0.771	1.000	0.989	267	1.379E-141	444
id30	test	4k3h	chain0	1oax	2	0.596	1.000	0.991	109	2.836E-32	120
id30	test	4k4j	chain0	5z12	2	0.926	1.000	1.000	231	9.177E-137	427
id30	test	4k6i	chain0	5z12	2	0.926	1.000	1.000	231	9.177E-137	427
id30	test	4k77	chain0	6tpe	1	0.965	1.000	0.997	290	4.226E-188	579
id30	test	4loo	chain0	6sfo	1	1.000	1.000	0.967	349	5.140E-237	724
id30	test	4m0r	chain0	3qsa	1	0.991	1.000	0.915	345	2.832E-214	658
id30	test	4m8e	chain0	5z12	2	0.926	1.000	1.000	231	9.177E-137	427
id30	test	4m8h	chain0	5z12	2	0.926	1.000	1.000	231	9.177E-137	427
id30	test	4n07	chain0	4iy5	1	1.000	1.000	0.996	262	2.494E-175	541
id30	test	4n8q	chain0	3qsa	1	0.997	1.000	0.920	347	1.164E-217	668
id30	test	4nra	chain0	5pba	1	1.000	1.000	0.841	116	2.681E-76	247
id30	test	4nwc	chain0	4mh5	1	1.000	1.000	0.988	255	2.606E-171	529
id30	test	4owm	chain0	3qsa	1	1.000	1.000	0.918	346	4.779E-219	672
id30	test	4poh	chain0	5z12	2	0.926	1.000	1.000	231	9.177E-137	427
id30	test	4poj	chain0	5z12	2	0.926	1.000	1.000	231	9.177E-137	427
id30	test	4pp3	chain0	5z12	2	0.926	1.000	1.000	231	9.177E-137	427
id30	test	4pp5	chain0	5z12	2	0.926	1.000	1.000	231	9.177E-137	427
id30	test	4qem	chain0	3cbi	1	1.000	1.000	1.000	121	5.757E-87	278
id30	test	4qer	chain0	3cbi	1	1.000	1.000	1.000	121	5.757E-87	278
id30	test	4qf9	chain0	5mfq	1	1.000	1.000	0.973	250	1.347E-167	518
id30	test	4r3w	chain0	3q11	1	1.000	1.000	0.975	357	5.343E-232	710
id30	test	4rqk	chain0	5ack	1	0.996	1.000	0.920	286	1.735E-191	589
id30	test	4rqv	chain0	5ack	1	0.996	1.000	0.929	289	7.464E-194	596
id30	test	4rvr	chain0	5cq3	1	1.000	1.000	0.975	117	1.264E-76	248
id30	test	4tjz	chain0	7ego	1	1.000	1.000	1.000	133	2.794E-84	271
id30	test	4tkh	chain0	7ego	1	1.000	1.000	1.000	133	2.794E-84	271
id30	test	4tkj	chain0	7ego	1	1.000	1.000	1.000	133	2.794E-84	271
id30	test	4ufi	chain0	4ccc	1	0.995	1.000	0.985	644	0.000E+00	1374
id30	test	4ufj	chain0	3zr6	1	0.993	1.000	0.982	644	0.000E+00	1372
id30	test	4ufl	chain0	4ccc	1	0.995	1.000	0.985	644	0.000E+00	1374
id30	test	4w9c	chain2	8bdm	3	0.992	1.000	0.870	141	9.818E-91	290
id30	test	4w9d	chain2	8bdm	3	0.992	1.000	0.870	141	9.818E-91	290
id30	test	4w9f	chain2	8bdm	3	0.985	1.000	0.877	142	2.408E-89	286
id30	test	4w9h	chain2	8bdm	3	0.992	1.000	0.870	141	9.818E-91	290
id30	test	4w9i	chain2	8bdm	3	0.992	1.000	0.870	141	9.818E-91	290
id30	test	4w9j	chain2	8bdm	3	0.992	1.000	0.870	141	9.818E-91	290
id30	test	4w9k	chain2	8bdm	3	0.992	1.000	0.870	141	9.818E-91	290
id30	test	4w9l	chain2	8bdm	3	0.992	1.000	0.870	141	9.818E-91	290
id30	test	4whs	chain1	3lxv	2	0.995	1.000	1.000	238	3.765E-167	516
id30	test	4x48	chain0	2aix	1	1.000	1.000	0.981	258	6.077E-172	531
id30	test	4y59	chain0	2rtj	1	1.000	1.000	0.896	121	2.810E-78	253
id30	test	4y5d	chain0	4irw	1	1.000	1.000	0.946	122	1.325E-78	254
id30	test	4ymb	chain1	5mfq	1	1.000	1.000	0.992	255	1.172E-171	530
id30	test	5aut	chain0	5av2	1	0.992	1.000	0.942	276	1.639E-177	548
id30	test	5b5f	chain0	6avk	1	1.000	1.000	0.976	120	1.326E-77	251
id30	test	5b5g	chain0	6avk	1	1.000	1.000	0.976	120	1.326E-77	251
id30	test	5boj	chain0	8aww	1	1.000	1.000	1.000	116	3.266E-74	241
id30	test	5c1m	chain0	8e0g	1	0.993	1.000	1.000	296	1.192E-191	590
id30	test	5cbr	chain0	2aix	1	1.000	1.000	0.981	258	6.077E-172	531
id30	test	5cbs	chain1	2aix	1	1.000	1.000	0.992	261	5.806E-174	537
id30	test	5cc2	chain0	8bn2	1	0.627	0.996	0.904	255	9.187E-115	366
id30	test	5chk	chain0	6xnd	1	1.000	1.000	0.945	121	2.810E-78	253
id30	test	5cst	chain0	3u6z	1	1.000	1.000	1.000	246	3.128E-156	485
id30	test	5d45	chain0	7fvy	1	1.000	1.000	1.000	135	1.138E-86	278
id30	test	5d47	chain0	7fvy	1	1.000	1.000	1.000	135	1.138E-86	278
id30	test	5d48	chain0	8wdx	1	1.000	1.000	0.895	136	2.411E-87	280
id30	test	5dnu	chain0	7k38	1	0.683	0.993	0.981	265	7.937E-122	387
id30	test	5dqc	chain0	5qd9	1	0.958	1.000	0.965	388	7.655E-253	771
id30	test	5e73	chain0	5pba	1	1.000	1.000	0.841	116	2.681E-76	247
id30	test	5e74	chain0	5pba	1	1.000	1.000	0.841	116	2.681E-76	247
id30	test	5edb	chain0	7fvy	1	1.000	1.000	0.993	134	5.370E-86	276
id30	test	5edc	chain0	7wc3	1	1.000	0.992	1.000	132	2.794E-84	271
id30	test	5en3	chain2	8aww	1	1.000	1.000	1.000	116	3.266E-74	241
id30	test	5fe6	chain0	5fe4	1	1.000	1.000	0.916	109	6.948E-71	231
id30	test	5fe7	chain0	5fe4	1	1.000	1.000	0.916	109	6.948E-71	231
id30	test	5fe9	chain0	5fe4	1	1.000	1.000	0.916	109	6.948E-71	231
id30	test	5fhm	chain1	2aix	1	1.000	1.000	0.985	259	1.290E-172	533
id30	test	5fhn	chain0	2aix	1	1.000	1.000	0.981	258	6.077E-172	531
id30	test	5fho	chain1	3b7d	1	0.984	1.000	0.996	260	3.619E-168	520
id30	test	5ha1	chain0	5h8t	1	1.000	1.000	1.000	140	2.992E-95	303
id30	test	5htz	chain0	5qd9	1	0.992	1.000	0.973	391	9.889E-267	812
id30	test	5hz5	chain0	7fy0	1	1.000	1.000	0.971	134	4.419E-88	282
id30	test	5hz6	chain0	7wc3	1	1.000	0.985	0.977	129	1.528E-81	263
id30	test	5hz8	chain0	7fw8	1	1.000	1.000	1.000	135	2.533E-86	277
id30	test	5hz9	chain0	3wbg	1	1.000	1.000	0.882	135	1.254E-85	275
id30	test	5i3v	chain0	5qd9	1	0.953	1.000	0.965	388	3.773E-251	766
id30	test	5i3w	chain0	5qd9	1	0.971	1.000	0.965	388	6.098E-258	786
id30	test	5i3x	chain0	6c2i	1	0.958	1.000	0.946	389	1.625E-253	773
id30	test	5i3y	chain0	5qd9	1	0.953	1.000	0.963	387	4.331E-249	760
id30	test	5ie1	chain0	5qd9	1	0.932	1.000	0.963	387	1.263E-241	738
id30	test	5ihh	chain0	8aww	1	1.000	1.000	1.000	116	3.266E-74	241
id30	test	5ikb	chain0	5cmk	1	0.636	1.000	0.965	250	7.553E-105	337
id30	test	5jq5	chain0	6oqi	1	0.969	1.000	0.990	296	8.986E-191	587
id30	test	5k9w	chain0	8skl	1	1.000	1.000	0.925	298	1.203E-201	619
id30	test	5ka1	chain0	7mn7	1	0.996	1.000	0.922	284	3.510E-191	588
id30	test	5ka7	chain0	8skl	1	0.996	1.000	0.925	298	5.942E-201	617
id30	test	5ka9	chain0	7mn7	1	0.993	1.000	0.971	299	1.261E-201	619
id30	test	5kab	chain0	8g65	1	0.996	1.000	0.946	282	3.849E-189	582
id30	test	5kad	chain0	7mn7	1	0.992	1.000	0.925	285	3.679E-191	588
id30	test	5l2s	chain0	6oqo	1	0.903	1.000	1.000	291	1.019E-168	522
id30	test	5l4i	chain0	8aww	1	1.000	1.000	1.000	116	3.266E-74	241
id30	test	5lli	chain2	8bdm	3	0.992	1.000	0.877	142	4.630E-91	291
id30	test	5lvl	chain0	5ack	1	0.996	1.000	0.920	286	1.735E-191	589
id30	test	5lvq	chain0	5fe4	1	1.000	1.000	0.908	108	3.281E-70	229
id30	test	5lvr	chain1	5fe4	1	1.000	1.000	0.908	108	3.281E-70	229
id30	test	5mge	chain0	5pba	1	1.000	1.000	0.841	116	2.681E-76	247
id30	test	5mgf	chain0	5pba	1	1.000	1.000	0.841	116	2.681E-76	247
id30	test	5mgj	chain0	7bl9	1	1.000	1.000	0.981	103	6.972E-68	222
id30	test	5mgk	chain0	7bl9	1	1.000	1.000	0.981	103	6.972E-68	222
id30	test	5n0f	chain0	7nl5	1	0.988	1.000	0.928	336	1.250E-235	719
id30	test	5neb	chain0	5mfq	1	1.000	1.000	0.996	256	1.119E-172	533
id30	test	5nih	chain0	2aix	1	1.000	1.000	0.996	262	5.543E-175	540
id30	test	5nvv	chain2	8bdm	3	0.992	1.000	0.870	141	9.818E-91	290
id30	test	5nvw	chain2	8bdm	3	0.992	1.000	0.870	141	9.818E-91	290
id30	test	5nvx	chain2	8bdm	3	0.992	1.000	0.870	141	9.818E-91	290
id30	test	5nw0	chain2	8bdm	3	0.992	1.000	0.870	141	9.818E-91	290
id30	test	5nw1	chain2	8bdm	3	0.992	1.000	0.870	141	9.818E-91	290
id30	test	5nw2	chain2	8bdm	3	0.992	1.000	0.870	141	9.818E-91	290
id30	test	5o4f	chain0	3u94	1	1.000	0.996	0.969	249	3.288E-166	514
id30	test	5orv	chain0	5orn	1	0.996	1.000	1.000	265	2.383E-177	547
id30	test	5orw	chain0	5orn	1	0.996	1.000	1.000	265	2.383E-177	547
id30	test	5os2	chain0	5orn	1	0.984	1.000	1.000	265	5.806E-174	537
id30	test	5os4	chain0	5orn	1	0.996	1.000	1.000	265	2.383E-177	547
id30	test	5os5	chain0	6r4a	1	0.996	1.000	0.940	268	2.500E-178	550
id30	test	5ose	chain0	5orn	1	0.996	1.000	1.000	265	2.383E-177	547
id30	test	5t19	chain0	8g65	1	1.000	0.993	1.000	298	5.948E-202	620
id30	test	5tbe	chain0	3uvr	1	0.951	1.000	0.969	349	2.724E-218	669
id30	test	5u0w	chain0	5u0v	1	0.957	1.000	0.993	282	6.366E-169	523
id30	test	5u0y	chain0	5u0v	1	0.968	1.000	0.993	282	5.046E-173	535
id30	test	5u0z	chain0	5u0v	1	0.964	1.000	0.993	282	1.175E-171	531
id30	test	5u11	chain0	5u0v	1	0.968	1.000	0.993	282	5.046E-173	535
id30	test	5u12	chain1	5u0v	1	0.964	1.000	0.996	283	2.493E-172	533
id30	test	5u13	chain0	5u0v	1	0.964	1.000	0.993	282	1.175E-171	531
id30	test	5u14	chain0	5u0v	1	0.968	1.000	0.993	282	5.046E-173	535
id30	test	5u49	chain0	8aww	1	1.000	1.000	1.000	116	3.266E-74	241
id30	test	5u4b	chain0	8aww	1	1.000	1.000	1.000	116	3.266E-74	241
id30	test	5u4d	chain0	8aww	1	1.000	1.000	1.000	116	3.266E-74	241
id30	test	5v0n	chain0	4gmi	1	0.958	1.000	0.990	387	3.605E-252	769
id30	test	5v79	chain0	5u0v	1	0.963	1.000	0.972	276	5.793E-168	520
id30	test	5v7a	chain0	5u0v	1	0.963	1.000	0.972	276	5.793E-168	520
id30	test	5vja	chain0	2j90	1	0.981	1.000	0.891	271	8.862E-172	531
id30	test	5vl2	chain0	5van	2	0.733	0.992	0.925	124	3.622E-53	181
id30	test	5vm0	chain0	5van	2	0.717	0.976	0.925	124	9.774E-52	177
id30	test	5y12	chain0	8wdx	1	1.000	1.000	0.895	136	2.411E-87	280
id30	test	6ej2	chain0	5qd9	1	0.963	0.997	0.965	388	4.355E-253	772
id30	test	6ej3	chain0	4i0i	1	0.950	1.000	0.953	387	8.372E-250	762
id30	test	6f28	chain0	3u94	1	1.000	1.000	0.988	254	1.228E-170	527
id30	test	6fgg	chain0	5or8	1	1.000	1.000	0.953	101	3.462E-66	217
id30	test	6fmj	chain2	8bdm	3	0.992	1.000	0.870	141	9.818E-91	290
id30	test	6gfz	chain2	8bdm	3	0.992	1.000	0.870	141	9.818E-91	290
id30	test	6gnp	chain1	5cr1	1	0.582	1.000	0.991	115	7.493E-41	145
id30	test	6gnr	chain2	5cr1	1	0.582	1.000	0.991	115	7.493E-41	145
id30	test	6gnw	chain2	5cr1	1	0.582	1.000	0.991	115	7.493E-41	145
id30	test	6gue	chain0	3tnw	1	0.976	1.000	0.997	299	1.912E-194	598
id30	test	6guh	chain0	3r1q	1	0.946	1.000	0.980	300	2.518E-186	574
id30	test	6guk	chain0	3r1q	1	0.932	1.000	0.974	298	1.362E-181	560
id30	test	6gvz	chain0	6gw0	1	1.000	1.000	0.968	305	1.108E-214	657
id30	test	6gw4	chain0	6gw0	1	0.724	1.000	0.956	307	3.115E-152	477
id30	val	1enu	chain0	6yh2	1	1.000	1.000	0.959	372	2.244E-249	761
id30	val	1f3e	chain0	6yh2	1	1.000	1.000	0.959	372	2.244E-249	761
id30	val	1jmf	chain0	1tvu	1	1.000	1.000	1.000	316	3.982E-223	682
id30	val	1jmg	chain0	1tvu	1	0.996	1.000	1.000	316	1.967E-222	680
id30	val	1nc1	chain0	3o4v	1	1.000	1.000	1.000	234	3.121E-150	467
id30	val	1nc3	chain0	3df9	1	1.000	1.000	0.971	235	6.620E-151	469
id30	val	1od8	chain0	2g3j	1	0.903	1.000	0.965	302	5.332E-187	577
id30	val	1pr5	chain5	4ts3	1	1.000	1.000	1.000	237	2.469E-154	479
id30	val	1pzp	chain0	3d4f	1	0.687	0.996	0.916	262	5.169E-116	370
id30	val	1q65	chain0	1y5x	1	0.991	1.000	0.966	372	5.714E-246	751
id30	val	1q8t	chain0	8sf8	1	0.994	0.997	0.963	340	3.038E-230	704
id30	val	1q8u	chain0	8sf8	1	0.991	1.000	0.975	344	6.458E-232	709
id30	val	1q8w	chain0	4ij9	1	0.991	1.000	0.963	337	1.496E-227	696
id30	val	1r5y	chain0	6yh2	1	0.967	1.000	0.959	372	9.021E-237	724
id30	val	1s38	chain0	6yh2	1	0.978	1.000	0.959	372	1.594E-240	735
id30	val	1s39	chain0	6yh2	1	0.983	1.000	0.959	372	3.233E-242	740
id30	val	1szd	chain0	2od9	1	0.983	1.000	0.961	296	3.691E-194	597
id30	val	1v0k	chain0	2g3j	1	0.903	1.000	0.965	302	5.332E-187	577
id30	val	1v0l	chain0	2g3j	1	0.903	1.000	0.965	302	5.332E-187	577
id30	val	1w96	chain0	5kkn	1	0.636	0.969	0.976	532	2.696E-220	687
id30	val	1y1z	chain0	4nf4	1	0.982	1.000	0.983	287	1.437E-191	589
id30	val	1y6q	chain0	3o4v	1	1.000	1.000	1.000	234	3.121E-150	467
id30	val	1y6r	chain0	3o4v	1	1.000	1.000	1.000	234	3.121E-150	467
id30	val	1ydr	chain0	4yxs	1	0.991	1.000	0.960	336	7.048E-227	694
id30	val	1yds	chain0	4yxs	1	0.991	1.000	0.960	336	7.048E-227	694
id30	val	2jds	chain0	4ij9	1	0.991	1.000	0.963	337	1.496E-227	696
id30	val	2o8h	chain0	3lxg	1	1.000	1.000	0.997	307	1.110E-215	660
id30	val	2ojg	chain0	6dmg	1	0.994	1.000	0.977	339	1.243E-229	702
id30	val	2ojj	chain0	5v60	1	1.000	1.000	0.966	344	4.458E-236	721
id30	val	2p3i	chain0	2p3k	1	1.000	1.000	1.000	161	5.751E-107	338
id30	val	2qzr	chain0	6yh2	1	0.965	1.000	0.959	372	4.055E-236	722
id30	val	2rcb	chain0	3oel	1	0.360	0.986	0.955	278	4.510E-52	186
id30	val	2yel	chain0	6zci	1	1.000	1.000	0.858	127	8.511E-86	275
id30	val	2z1w	chain0	2pwv	1	0.970	1.000	0.966	373	3.879E-238	728
id30	val	3ag9	chain0	4ij9	1	0.943	1.000	0.960	336	2.582E-212	651
id30	val	3agl	chain0	3oxt	1	0.994	0.997	0.969	340	6.751E-230	703
id30	val	3b3x	chain0	2y91	1	1.000	1.000	0.962	255	1.016E-164	510
id30	val	3bqc	chain0	8c5q	1	1.000	1.000	0.914	328	4.408E-228	697
id30	val	3bwj	chain0	4ij9	1	0.991	1.000	0.974	341	6.751E-230	703
id30	val	3c4h	chain0	4l6z	1	1.000	1.000	1.000	357	1.515E-237	726
id30	val	3dnd	chain0	4yxs	1	0.994	1.000	0.960	336	6.424E-228	697
id30	val	3dne	chain0	4yxs	1	0.994	1.000	0.966	338	6.433E-229	700
id30	val	3dp9	chain1	5ue1	1	0.786	1.000	0.983	230	2.817E-115	366
id30	val	3f34	chain0	1xz3	1	0.988	1.000	0.977	170	2.167E-104	331
id30	val	3f37	chain0	1xz3	1	0.988	1.000	0.977	170	2.167E-104	331
id30	val	3fhb	chain0	4l6z	1	1.000	1.000	1.000	357	1.515E-237	726
id30	val	3fl5	chain0	1daw	1	0.996	1.000	0.994	325	1.353E-222	681
id30	val	3g2y	chain0	4ua7	1	0.996	0.996	0.996	262	1.228E-166	516
id30	val	3g2z	chain0	4ua7	1	0.996	1.000	0.996	262	1.172E-166	516
id30	val	3g30	chain0	4ua7	1	0.996	1.000	0.996	262	1.172E-166	516
id30	val	3g31	chain0	4ua7	1	0.996	1.000	0.996	262	1.172E-166	516
id30	val	3g32	chain0	4ua7	1	0.996	1.000	0.996	262	1.172E-166	516
id30	val	3g34	chain0	4ua7	1	0.996	1.000	0.996	262	1.172E-166	516
id30	val	3g35	chain0	4ua7	1	0.992	1.000	0.989	260	2.994E-163	506
id30	val	3gc4	chain0	6yh2	1	0.949	1.000	0.961	373	4.644E-232	710
id30	val	3gc5	chain0	6yh2	1	0.986	1.000	0.961	373	7.192E-243	742
id30	val	3ge7	chain0	6yh2	1	0.962	1.000	0.961	373	4.055E-236	722
id30	val	3gjw	chain0	6ghk	1	1.000	1.000	0.978	350	2.287E-229	702
id30	val	3h30	chain0	8p07	1	1.000	1.000	0.985	333	4.223E-231	706
id30	val	3i4b	chain0	6gjo	1	0.994	1.000	0.872	361	1.261E-240	735
id30	val	3i5z	chain0	5v60	1	0.945	1.000	0.983	350	1.066E-219	673
id30	val	3i60	chain0	5v60	1	0.954	1.000	0.986	351	8.881E-224	685
id30	val	3jrx	chain0	5kkn	1	0.950	0.998	0.965	521	0.000E+00	1005
id30	val	3kjd	chain0	3kcz	1	0.988	1.000	0.962	354	1.440E-234	717
id30	val	3l3l	chain0	6ghk	1	1.000	1.000	0.978	350	2.287E-229	702
id30	val	3l3m	chain0	6ghk	1	1.000	1.000	0.972	348	5.076E-228	698
id30	val	3nyd	chain0	5rga	1	0.996	1.000	0.956	304	2.944E-203	624
id30	val	3ovn	chain0	3vq4	1	0.940	1.000	0.962	152	2.291E-91	292
id30	val	3p5o	chain0	6zci	1	1.000	1.000	0.858	127	8.511E-86	275
id30	val	3pe1	chain0	8c5q	1	1.000	1.000	0.911	327	2.076E-227	695
id30	val	3pe2	chain0	8c5q	1	1.000	1.000	0.911	327	2.076E-227	695
id30	val	3pwd	chain0	1daw	1	1.000	1.000	1.000	327	2.500E-225	689
id30	val	3rm9	chain0	3fy1	1	1.000	1.000	0.954	377	5.374E-268	815
id30	val	3rr4	chain0	6yh2	1	0.989	1.000	0.959	372	1.457E-243	744
id30	val	3u5j	chain0	6zci	1	1.000	1.000	0.858	127	8.511E-86	275
id30	val	3u5l	chain0	6zci	1	1.000	1.000	0.858	127	8.511E-86	275
id30	val	3u90	chain0	1xz3	1	0.988	1.000	0.977	170	2.167E-104	331
id30	val	3zlr	chain0	7jgv	1	1.000	1.000	0.924	146	1.631E-96	307
id30	val	3zsq	chain0	4aht	1	0.973	1.000	0.836	153	8.470E-97	308
id30	val	3zsx	chain0	4aht	1	0.973	1.000	0.836	153	8.470E-97	308
id30	val	3zsy	chain0	4aht	1	0.973	1.000	0.836	153	8.470E-97	308
id30	val	3zt2	chain0	4aht	1	0.973	1.000	0.836	153	8.470E-97	308
id30	val	3zt3	chain0	4aht	1	0.973	1.000	0.836	153	8.470E-97	308
id30	val	3zyu	chain0	6zci	1	1.000	1.000	0.858	127	8.511E-86	275
id30	val	4acc	chain0	7oy5	1	1.000	1.000	1.000	351	2.541E-237	725
id30	val	4ahs	chain1	3zso	1	0.980	1.000	0.922	154	3.805E-98	312
id30	val	4ahu	chain0	4aht	1	0.987	1.000	0.847	155	7.684E-100	317
id30	val	4bs0	chain0	7k4z	1	1.000	1.000	0.974	300	1.322E-201	619
id30	val	4c52	chain1	7jgv	1	1.000	1.000	0.918	145	1.712E-95	304
id30	val	4ceb	chain0	4aht	1	0.973	1.000	0.836	153	8.470E-97	308
id30	val	4cfl	chain0	6zci	1	1.000	1.000	0.858	127	8.511E-86	275
id30	val	4cgi	chain0	4aht	1	0.974	1.000	0.842	154	1.795E-97	310
id30	val	4cig	chain0	3zso	1	0.967	1.000	0.910	152	4.195E-95	303
id30	val	4cj4	chain0	3zso	1	0.967	1.000	0.916	153	8.892E-96	305
id30	val	4cjp	chain0	3zso	1	0.967	1.000	0.916	153	8.892E-96	305
id30	val	4cjq	chain0	3zso	1	0.967	1.000	0.916	153	8.892E-96	305
id30	val	4cjr	chain0	3zso	1	0.967	1.000	0.916	153	8.892E-96	305
id30	val	4ck3	chain0	3zso	1	0.973	1.000	0.916	153	1.885E-96	307
id30	val	4de0	chain0	4ua7	1	0.996	0.996	0.996	262	1.228E-166	516
id30	val	4de1	chain0	4ua7	1	0.996	0.996	0.996	262	1.228E-166	516
id30	val	4de2	chain0	4ua7	1	0.996	1.000	0.989	260	2.603E-165	512
id30	val	4dst	chain0	4dsn	1	1.000	1.000	0.952	180	6.632E-115	362
id30	val	4dsu	chain0	4dsn	1	0.983	1.000	0.952	180	8.424E-111	350
id30	val	4epy	chain0	8azz	1	1.000	1.000	1.000	170	1.625E-108	343
id30	val	4f2w	chain1	4f1w	1	1.000	1.000	0.956	237	2.712E-153	476
id30	val	4f3c	chain0	4f1w	1	1.000	1.000	0.927	230	3.118E-148	461
id30	val	4f3k	chain0	4f1w	1	1.000	1.000	0.927	230	3.118E-148	461
id30	val	4ffs	chain0	3nm5	1	1.000	0.991	1.000	230	9.195E-146	454
id30	val	4flp	chain0	7ubo	1	1.000	1.000	0.964	106	1.475E-69	227
id30	val	4hw3	chain0	6u63	1	1.000	0.993	0.955	149	4.846E-95	303
id30	val	4hy1	chain0	4kqv	1	0.970	1.000	0.951	371	4.249E-236	722
id30	val	4hym	chain0	4kqv	1	0.973	1.000	0.951	371	4.060E-237	725
id30	val	4kfq	chain0	4nf4	1	1.000	1.000	0.990	289	2.313E-198	609
id30	val	4kwo	chain0	1y5x	1	0.941	1.000	0.971	374	2.511E-229	702
id30	val	4lbu	chain0	6yh2	1	0.986	1.000	0.964	374	2.821E-245	749
id30	val	4leq	chain0	6yh2	1	0.997	1.000	0.964	374	2.579E-248	758
id30	val	4lm3	chain0	4msa	1	1.000	1.000	0.959	331	3.843E-231	706
id30	val	4lyw	chain0	6zci	1	0.992	1.000	0.858	127	1.894E-85	274
id30	val	4lzs	chain0	6zci	1	1.000	1.000	0.858	127	8.511E-86	275
id30	val	4mr3	chain0	6zci	1	1.000	1.000	0.858	127	8.511E-86	275
id30	val	4msn	chain0	4msa	1	1.000	1.000	0.957	330	8.146E-231	705
id30	val	4nbn	chain0	8f9b	1	0.958	1.000	0.896	268	2.162E-174	538
id30	val	4nuc	chain0	6zci	1	1.000	1.000	0.851	126	1.804E-85	274
id30	val	4nue	chain0	6zci	1	1.000	1.000	0.851	126	1.804E-85	274
id30	val	4ogj	chain0	6zci	1	1.000	1.000	0.858	127	8.511E-86	275
id30	val	4pow	chain0	5ovz	1	1.000	1.000	0.958	254	1.627E-167	518
id30	val	4pp0	chain0	5ovz	1	0.996	1.000	0.958	254	1.787E-166	515
id30	val	4pum	chain0	1y5x	1	0.989	1.000	0.969	373	2.956E-245	749
id30	val	4q4o	chain0	6yh2	1	0.986	1.000	0.961	373	2.952E-244	746
id30	val	4q4p	chain0	6yh2	1	0.975	1.000	0.961	373	3.541E-240	734
id30	val	4q4q	chain0	6yh2	1	0.983	1.000	0.964	374	2.952E-244	746
id30	val	4q4r	chain0	6yh2	1	0.975	1.000	0.961	373	3.541E-240	734
id30	val	4q4s	chain0	6yh2	1	0.981	1.000	0.961	373	1.596E-241	738
id30	val	4qb3	chain0	6zci	1	1.000	1.000	0.858	127	8.511E-86	275
id30	val	4qp2	chain0	5v60	1	0.962	1.000	0.980	349	4.595E-223	683
id30	val	4qsu	chain0	6eps	1	1.000	1.000	1.000	130	6.540E-82	264
id30	val	4qyy	chain0	4zzn	1	0.988	1.000	0.974	341	1.364E-228	699
id30	val	4tmk	chain0	4gmd	1	0.481	0.914	0.887	192	6.552E-43	156
id30	val	4tqn	chain0	7xi0	1	1.000	1.000	0.842	112	2.965E-73	238
id30	val	4tte	chain0	6eps	1	1.000	1.000	1.000	130	6.540E-82	264
id30	val	4tu4	chain0	6eps	1	1.000	1.000	1.000	130	6.540E-82	264
id30	val	4tz2	chain0	6eps	1	0.992	1.000	1.000	130	1.605E-80	260
id30	val	4uj1	chain0	3oxt	1	0.994	1.000	0.960	337	3.030E-228	698
id30	val	4ujb	chain0	3oxt	1	0.991	1.000	0.989	347	6.777E-233	712
id30	val	4und	chain0	4rv6	1	1.000	0.986	0.997	351	3.027E-229	702
id30	val	4ury	chain1	6bvl	2	0.935	1.000	0.996	480	6.428E-294	894
id30	val	4urz	chain1	6bvl	2	0.949	1.000	0.994	479	2.652E-298	907
id30	val	4uye	chain0	4qyd	1	1.000	1.000	0.932	109	9.356E-68	222
id30	val	4wiv	chain0	6zci	1	1.000	1.000	0.858	127	8.511E-86	275
id30	val	4wkb	chain0	5ue1	1	0.787	0.975	0.987	231	7.860E-116	368
id30	val	4wkn	chain0	5kb3	1	1.000	0.996	0.996	229	4.135E-145	452
id30	val	4wko	chain0	5kb3	1	1.000	0.996	0.996	229	4.135E-145	452
id30	val	4wkp	chain0	5kb3	1	1.000	0.996	0.996	229	4.135E-145	452
id30	val	4x24	chain0	5ue1	1	0.774	0.975	0.987	231	4.259E-114	363
id30	val	4yk0	chain0	7xij	1	1.000	1.000	0.831	113	6.280E-74	240
id30	val	4yml	chain0	3o4v	1	1.000	1.000	0.987	231	7.267E-148	460
id30	val	4ynb	chain0	5kb3	1	1.000	0.996	0.996	229	4.135E-145	452
id30	val	4yo8	chain0	5kb3	1	1.000	0.962	0.996	229	6.025E-145	452
id30	val	4z84	chain0	2vnw	1	0.991	1.000	0.960	337	6.733E-228	697
id30	val	4zbf	chain0	7nb4	1	1.000	0.993	0.894	152	2.074E-97	310
id30	val	4zbi	chain0	6u63	1	1.000	0.993	0.968	151	2.177E-96	307
id30	val	4zzx	chain0	7r59	1	0.985	0.994	1.000	351	9.835E-231	706
id30	val	4zzy	chain0	7r59	1	0.985	0.994	1.000	351	9.835E-231	706
id30	val	4zzz	chain0	6xvw	1	0.991	0.997	0.994	352	2.751E-227	696
id30	val	5a5q	chain0	6eps	1	1.000	1.000	1.000	130	6.540E-82	264
id30	val	5a81	chain0	6eps	1	1.000	1.000	1.000	130	6.540E-82	264
id30	val	5acy	chain0	6zci	1	1.000	1.000	0.858	127	8.511E-86	275
id30	val	5cp5	chain0	7wjs	1	1.000	1.000	0.901	127	3.824E-86	276
id30	val	5cqt	chain0	7wjs	1	1.000	1.000	0.929	131	7.713E-89	284
id30	val	5cs6	chain0	8c5q	1	0.996	1.000	0.911	327	2.279E-226	692
id30	val	5csp	chain0	7a4q	1	1.000	1.000	1.000	327	2.279E-226	692
id30	val	5cu4	chain0	7a4q	1	1.000	1.000	1.000	327	2.279E-226	692
id30	val	5cy9	chain0	7wjs	1	1.000	1.000	0.929	131	7.713E-89	284
id30	val	5d0c	chain0	7wjs	1	1.000	1.000	0.915	129	1.717E-87	280
id30	val	5d24	chain0	6zci	1	1.000	1.000	0.851	126	1.804E-85	274
id30	val	5d25	chain0	4don	1	1.000	1.000	0.855	124	1.805E-84	271
id30	val	5d26	chain0	6zci	1	1.000	1.000	0.858	127	8.511E-86	275
id30	val	5d3h	chain0	7t3f	1	1.000	1.000	0.984	125	8.515E-85	272
id30	val	5d3j	chain0	6zci	1	1.000	1.000	0.851	126	1.804E-85	274
id30	val	5d3l	chain0	6zci	1	1.000	1.000	0.858	127	8.511E-86	275
id30	val	5d3n	chain0	6zci	1	1.000	1.000	0.851	126	1.804E-85	274
id30	val	5d3p	chain0	6zci	1	1.000	1.000	0.858	127	8.511E-86	275
id30	val	5d3t	chain0	6zci	1	1.000	1.000	0.858	127	8.511E-86	275
id30	val	5dbm	chain0	7juo	1	1.000	1.000	0.966	114	2.962E-74	241
id30	val	5dex	chain1	6ove	2	0.996	1.000	0.993	280	3.668E-188	579
id30	val	5dlx	chain0	6zci	1	1.000	1.000	0.845	125	8.515E-85	272
id30	val	5dw2	chain0	6zci	1	1.000	1.000	0.858	127	8.511E-86	275
id30	val	5egu	chain0	7fh2	1	0.975	1.000	0.919	124	2.309E-80	259
id30	val	5eis	chain0	6zci	1	1.000	1.000	0.858	127	8.511E-86	275
id30	val	5eng	chain0	7juo	1	1.000	1.000	0.966	114	2.962E-74	241
id30	val	5ep7	chain0	4nr6	1	1.000	1.000	1.000	119	6.261E-77	249
id30	val	5eq1	chain0	4qyd	1	0.991	1.000	0.957	112	1.978E-69	227
id30	val	5etb	chain0	4qyd	1	0.991	1.000	0.957	112	1.978E-69	227
id30	val	5f5z	chain0	6zci	1	1.000	1.000	0.858	127	8.511E-86	275
id30	val	5f60	chain0	6zci	1	1.000	1.000	0.858	127	8.511E-86	275
id30	val	5f61	chain0	6zci	1	1.000	1.000	0.858	127	8.511E-86	275
id30	val	5f62	chain0	6zci	1	1.000	1.000	0.858	127	8.511E-86	275
id30	val	5f63	chain0	6zci	1	1.000	1.000	0.858	127	8.511E-86	275
id30	val	5h85	chain0	7wx2	1	1.000	1.000	0.975	118	1.328E-76	248
id30	val	5h8e	chain0	8p07	1	1.000	1.000	0.979	331	9.371E-230	702
id30	val	5h8g	chain0	8c5q	1	0.993	1.000	0.908	326	1.176E-223	684
id30	val	5i80	chain0	7fh2	1	1.000	1.000	0.933	126	4.016E-85	273
id30	val	5i88	chain0	7fh2	1	1.000	1.000	0.933	126	4.016E-85	273
id30	val	5ito	chain0	5ovz	1	0.996	1.000	0.962	255	3.791E-167	517
id30	val	5itp	chain0	5ovz	1	1.000	1.000	0.958	254	1.627E-167	518
id30	val	5j0d	chain0	7xi0	1	1.000	1.000	0.880	117	2.815E-76	247
id30	val	5jxq	chain0	6yh2	1	0.989	1.000	0.964	374	6.567E-245	748
id30	val	5khm	chain1	6zci	1	1.000	1.000	0.851	126	1.804E-85	274
id30	val	5l7e	chain0	2aax	1	0.975	1.000	0.902	248	6.037E-156	484
id30	val	5l7g	chain0	6l88	1	0.991	1.000	0.988	248	2.475E-159	494
id30	val	5l7h	chain0	6l88	1	0.991	0.992	0.988	248	2.720E-159	494
id30	val	5l9o	chain0	6hqh	1	1.000	1.000	0.899	241	4.553E-158	490
id30	val	5lom	chain0	6hqh	1	1.000	1.000	0.899	241	4.553E-158	490
id30	val	5mes	chain1	8av9	2	0.963	1.000	0.961	221	5.227E-134	419
id30	val	5mme	chain0	4nr6	1	1.000	1.000	1.000	119	6.261E-77	249
id30	val	5mmg	chain0	7xi0	1	1.000	1.000	0.865	115	2.818E-75	244
id30	val	5mo8	chain0	5ctp	1	1.000	1.000	0.923	325	5.057E-225	688
id30	val	5mpk	chain0	7xi0	1	1.000	1.000	0.842	112	2.965E-73	238
id30	val	5mpn	chain0	4nr6	1	1.000	1.000	0.992	118	6.581E-76	246
id30	val	5mpz	chain0	7xij	1	1.000	1.000	0.809	110	2.968E-72	235
id30	val	5mwh	chain0	4qyd	1	0.991	1.000	0.957	112	1.978E-69	227
id30	val	5mwp	chain0	6l88	1	0.971	0.992	0.988	248	6.631E-155	481
id30	val	5mwy	chain0	6l88	1	0.975	0.992	0.988	248	6.329E-156	484
id30	val	5nlk	chain0	7xi0	1	1.000	1.000	0.865	115	2.818E-75	244
id30	val	5o5a	chain0	5ev9	1	1.000	1.000	0.974	113	9.327E-70	228
id30	val	5oqu	chain0	5ctp	1	1.000	1.000	0.920	324	1.072E-224	687
id30	val	5orh	chain0	5ctp	1	1.000	1.000	0.920	324	1.072E-224	687
id30	val	5ork	chain1	5ctp	1	1.000	1.000	0.920	324	1.072E-224	687
id30	val	5os7	chain0	5ctp	1	1.000	1.000	0.923	325	2.275E-225	689
id30	val	5os8	chain0	7a4q	1	1.000	1.000	1.000	327	2.279E-226	692
id30	val	5osl	chain0	8aek	1	1.000	1.000	1.000	328	4.837E-227	694
id30	val	5ot8	chain0	5ovz	1	0.996	1.000	0.966	256	3.619E-168	520
id30	val	5ot9	chain0	5ovz	1	1.000	1.000	0.958	254	1.627E-167	518
id30	val	5ota	chain0	5ovz	1	1.000	1.000	0.958	254	1.627E-167	518
id30	val	5otc	chain0	5ovz	1	1.000	1.000	0.966	256	1.628E-168	521
id30	val	5otz	chain0	7a4q	1	1.000	1.000	1.000	327	2.279E-226	692
id30	val	5ov8	chain0	4qyd	1	1.000	1.000	0.949	111	4.195E-69	226
id30	val	5tb6	chain0	4nr6	1	1.000	1.000	1.000	119	6.261E-77	249
id30	val	5tmp	chain0	4gmd	1	0.481	0.914	0.887	192	6.552E-43	156
id30	val	5u28	chain0	6ww8	1	1.000	0.993	0.964	133	8.922E-89	284
id30	val	5ula	chain0	4don	1	1.000	1.000	0.821	119	4.225E-81	261
id30	val	5vih	chain1	6ove	2	0.992	1.000	0.993	280	3.842E-187	576
id30	val	5xsr	chain0	6ghk	1	0.982	1.000	0.975	349	1.705E-220	676
id30	val	6ayo	chain0	4jwt	1	0.550	1.000	0.884	229	2.149E-74	248
id30	val	6ayq	chain1	4jwt	1	0.552	1.000	0.880	228	2.059E-74	248
id30	val	6ayr	chain0	4jwt	1	0.550	1.000	0.884	229	2.149E-74	248
id30	val	6b4l	chain0	4wmr	1	0.993	0.987	0.987	148	5.338E-94	300
id30	val	6b4u	chain0	7nb4	1	0.993	0.987	0.900	153	2.282E-97	310
id30	val	6ckr	chain0	7t3f	1	1.000	1.000	0.984	125	8.515E-85	272
id30	val	6cks	chain0	6zci	1	1.000	1.000	0.851	126	1.804E-85	274
id30	val	6cpw	chain0	5v60	1	0.964	1.000	0.955	340	4.574E-219	671
id30	val	6d55	chain1	6bvl	2	0.973	1.000	1.000	482	9.167E-309	938
id30	val	6d56	chain1	6bvl	2	0.973	1.000	1.000	482	9.167E-309	938
id30	val	6d5e	chain1	6bvl	2	0.973	1.000	1.000	482	9.167E-309	938
id30	val	6d5g	chain1	6bvl	2	0.973	1.000	1.000	482	9.167E-309	938
id30	val	6d5h	chain1	6bvl	2	0.973	1.000	1.000	482	9.167E-309	938
id30	val	6d5j	chain1	6bvl	2	0.973	1.000	1.000	482	9.167E-309	938
id30	val	6e4a	chain0	6zci	1	1.000	1.000	0.851	126	1.804E-85	274
id30	val	6ekq	chain0	5ev9	1	1.000	1.000	1.000	116	1.972E-71	233
id30	val	6fa4	chain0	6fa1	1	0.994	1.000	1.000	173	3.130E-111	351
id30	val	6fo5	chain0	6zci	1	1.000	1.000	0.858	127	8.511E-86	275
id30	val	6fs0	chain2	8av9	3	0.972	1.000	0.919	217	5.227E-134	419
id30	val	6fs1	chain0	6qb4	1	1.000	1.000	0.926	150	3.994E-97	309
id60	test	185l	chain0	182l	1	1.000	1.000	0.988	162	3.619E-104	330
id60	test	1a28	chain0	2ovm	1	1.000	1.000	0.980	251	2.256E-162	503
id60	test	1ajn	chain1	1gm9	2	0.998	1.000	1.000	557	0.000E+00	1184
id60	test	1bju	chain0	3tpi	1	1.000	1.000	0.974	223	1.007E-148	462
id60	test	1d4i	chain0	1wbk	1	1.000	1.000	1.000	99	8.534E-64	210
id60	test	1d4j	chain0	1wbk	1	1.000	1.000	1.000	99	8.534E-64	210
id60	test	1ec1	chain0	1wbk	1	1.000	1.000	1.000	99	8.534E-64	210
id60	test	1f0s	chain0	2pr3	1	1.000	1.000	1.000	234	4.985E-162	501
id60	test	1f0u	chain0	3tpi	1	1.000	1.000	0.974	223	1.007E-148	462
id60	test	1f8e	chain0	1f8c	1	1.000	1.000	1.000	388	5.491E-282	856
id60	test	1fjs	chain0	2pr3	1	1.000	1.000	1.000	234	4.985E-162	501
id60	test	1lbk	chain0	7bia	1	0.990	0.981	0.971	204	1.855E-134	420
id60	test	1lpg	chain0	2pr3	1	1.000	1.000	1.000	234	4.985E-162	501
id60	test	1nc1	chain0	3o4v	1	1.000	1.000	1.000	234	3.121E-150	467
id60	test	1nc3	chain0	3df9	1	1.000	1.000	0.971	235	6.620E-151	469
id60	test	1np0	chain0	1now	1	0.963	1.000	0.982	498	0.000E+00	1005
id60	test	1o2n	chain0	3tpi	1	1.000	1.000	0.974	223	1.007E-148	462
id60	test	1o2r	chain0	3tpi	1	1.000	1.000	0.974	223	1.007E-148	462
id60	test	1o2z	chain0	3tpi	1	1.000	1.000	0.974	223	1.007E-148	462
id60	test	1o3d	chain0	3tpi	1	1.000	1.000	0.974	223	1.007E-148	462
id60	test	1q1g	chain0	8w7h	1	1.000	1.000	0.964	243	1.281E-164	509
id60	test	1s39	chain0	6yh2	1	0.983	1.000	0.959	372	3.233E-242	740
id60	test	1sh9	chain0	1sgu	1	1.000	1.000	1.000	99	7.722E-65	213
id60	test	1szd	chain0	2od9	1	0.983	1.000	0.961	296	3.691E-194	597
id60	test	1v2w	chain0	6ql0	1	0.982	1.000	0.907	223	1.468E-144	450
id60	test	1w7g	chain0	2ziq	2	0.976	1.000	1.000	259	1.350E-177	547
id60	test	1wcq	chain0	2ber	1	0.998	1.000	1.000	601	0.000E+00	1227
id60	test	1xap	chain0	4dm6	1	0.987	1.000	0.880	235	1.403E-149	465
id60	test	1xgi	chain0	3grj	1	1.000	1.000	1.000	358	6.908E-247	753
id60	test	1zhy	chain0	4fes	1	1.000	1.000	1.000	436	8.537E-293	890
id60	test	1zsf	chain0	1wbk	1	0.989	1.000	1.000	99	2.101E-62	206
id60	test	2avm	chain0	7to5	1	0.989	1.000	1.000	99	1.042E-61	204
id60	test	2byr	chain4	4frr	1	1.000	1.000	0.922	214	1.937E-145	452
id60	test	2c94	chain0	1w19	1	1.000	1.000	0.913	146	7.877E-88	282
id60	test	2cen	chain0	1wbk	1	1.000	1.000	1.000	99	8.534E-64	210
id60	test	2e2p	chain0	2e2o	1	1.000	1.000	0.997	298	2.533E-193	595
id60	test	2ha2	chain0	6td2	1	0.988	1.000	0.998	542	0.000E+00	1116
id60	test	2ha3	chain0	6td2	1	0.990	1.000	1.000	543	0.000E+00	1121
id60	test	2hxm	chain0	4skn	3	0.991	1.000	1.000	223	2.128E-157	487
id60	test	2i80	chain1	7u9k	1	0.969	1.000	0.984	358	5.828E-226	692
id60	test	2jfz	chain0	4b1f	1	1.000	1.000	1.000	255	3.143E-169	523
id60	test	2o4j	chain0	3wt6	1	0.952	1.000	0.930	252	2.589E-155	482
id60	test	2o4r	chain0	3wt6	1	0.952	1.000	0.930	252	2.589E-155	482
id60	test	2ot1	chain2	5tle	1	0.966	1.000	1.000	363	1.816E-232	711
id60	test	2psu	chain0	2qi6	1	1.000	1.000	1.000	99	1.720E-64	212
id60	test	2q63	chain0	2qak	1	1.000	1.000	1.000	99	8.534E-64	210
id60	test	2qd7	chain0	7to5	1	0.989	1.000	1.000	99	2.322E-61	203
id60	test	2qi0	chain0	2qi6	1	1.000	1.000	1.000	99	1.720E-64	212
id60	test	2uwp	chain0	2xc5	1	1.000	1.000	0.975	235	1.058E-162	503
id60	test	2vqt	chain0	7op6	1	0.998	1.000	0.986	837	0.000E+00	1763
id60	test	2w67	chain0	7ou8	1	0.902	1.000	0.965	711	0.000E+00	1294
id60	test	2wc3	chain0	2j7c	1	0.995	1.000	0.949	444	9.720E-312	945
id60	test	2xht	chain0	3t10	1	1.000	1.000	0.934	213	5.227E-134	419
id60	test	2xj7	chain0	7ou8	1	0.897	1.000	0.966	712	0.000E+00	1279
id60	test	2xye	chain0	5ahc	1	1.000	1.000	1.000	99	3.831E-64	211
id60	test	2yfe	chain0	7e0a	1	0.960	1.000	0.982	275	3.448E-164	509
id60	test	3b4p	chain1	3cnm	1	1.000	1.000	0.854	158	7.534E-111	349
id60	test	3bft	chain0	3b7d	1	1.000	1.000	0.992	259	1.290E-172	533
id60	test	3bgz	chain0	6l11	1	0.978	1.000	0.945	273	7.046E-184	566
id60	test	3c2u	chain2	5zqx	1	0.617	0.998	0.983	536	1.376E-231	719
id60	test	3cdb	chain0	3cda	1	1.000	1.000	0.955	421	3.108E-279	850
id60	test	3cow	chain0	2a86	1	1.000	1.000	0.953	286	2.621E-178	551
id60	test	3coz	chain0	2a86	1	1.000	1.000	0.960	288	1.180E-179	555
id60	test	3cyw	chain0	7to5	1	0.989	1.000	1.000	99	1.152E-60	201
id60	test	3d0e	chain0	3e87	1	0.961	1.000	1.000	335	5.007E-216	662
id60	test	3d1x	chain0	3k4v	1	0.989	1.000	0.990	99	1.042E-61	204
id60	test	3d7z	chain0	3uvr	1	0.997	1.000	0.969	349	2.784E-235	719
id60	test	3d8z	chain0	8r5v	1	1.000	1.000	0.827	124	5.947E-80	258
id60	test	3da9	chain1	6fjt	2	1.000	1.000	1.000	251	2.484E-178	549
id60	test	3djx	chain0	1tq9	1	1.000	1.000	1.000	124	2.422E-81	262
id60	test	3ebl	chain0	3ed1	1	0.952	1.000	0.929	339	1.627E-219	672
id60	test	3el9	chain0	4f74	1	0.979	1.000	1.000	99	8.534E-64	210
id60	test	3gkz	chain0	4las	1	0.962	1.000	0.972	242	1.775E-147	459
id60	test	3gy3	chain0	3tpi	1	1.000	1.000	0.974	223	1.007E-148	462
id60	test	3hmp	chain0	7cil	1	0.924	1.000	0.993	279	1.629E-169	524
id60	test	3i25	chain0	5qd9	1	0.961	1.000	0.965	388	1.625E-253	773
id60	test	3kmy	chain0	5qd9	1	1.000	1.000	0.983	395	7.895E-273	830
id60	test	3l3l	chain0	6ghk	1	1.000	1.000	0.978	350	2.287E-229	702
id60	test	3ldq	chain0	3fzh	1	1.000	1.000	0.990	377	1.845E-245	750
id60	test	3liw	chain0	2pr3	1	1.000	1.000	1.000	234	4.985E-162	501
id60	test	3ljo	chain0	3tpi	1	1.000	1.000	0.974	223	1.007E-148	462
id60	test	3ms9	chain0	3cs9	1	0.963	1.000	0.989	274	2.170E-178	550
id60	test	3nkk	chain0	3tpi	1	1.000	1.000	0.974	223	1.007E-148	462
id60	test	3ocp	chain1	3ogj	1	1.000	1.000	0.921	128	2.418E-83	268
id60	test	3prs	chain0	3psy	1	1.000	1.000	1.000	330	6.866E-207	636
id60	test	3pwk	chain1	3q11	1	1.000	1.000	0.981	359	5.349E-233	713
id60	test	3q2j	chain1	3tm0	1	1.000	1.000	1.000	263	1.974E-178	550
id60	test	3qbc	chain0	4cyu	2	1.000	1.000	0.994	160	6.644E-105	332
id60	test	3qdd	chain0	4bqj	1	1.000	1.000	0.909	209	5.226E-132	413
id60	test	3qgw	chain0	4l7s	1	0.915	1.000	0.974	259	9.653E-158	489
id60	test	3r4m	chain0	4bqj	1	1.000	1.000	0.935	215	1.058E-135	424
id60	test	3r4p	chain0	3hyy	1	1.000	0.977	0.871	217	6.023E-137	428
id60	test	3rt8	chain0	4f29	1	1.000	1.000	1.000	258	3.003E-171	529
id60	test	3rux	chain0	4xtw	1	1.000	1.000	0.981	265	2.265E-169	524
id60	test	3s54	chain0	3s43	2	1.000	1.000	1.000	99	4.680E-62	205
id60	test	3sha	chain1	6fjt	2	1.000	1.000	1.000	251	2.484E-178	549
id60	test	3shc	chain1	6fjt	2	1.000	1.000	1.000	251	2.484E-178	549
id60	test	3slz	chain0	4exh	1	1.000	1.000	0.864	114	1.092E-76	248
id60	test	3suf	chain0	4k8b	1	0.863	0.926	0.972	176	7.410E-102	325
id60	test	3t1a	chain0	3lp0	1	0.992	1.000	0.991	558	0.000E+00	1144
id60	test	3tfu	chain0	4w1v	1	0.976	1.000	0.995	427	6.885E-277	843
id60	test	3u81	chain0	5k0l	1	1.000	1.000	0.995	218	1.054E-145	453
id60	test	3udh	chain0	4i0i	1	0.985	1.000	0.985	400	2.207E-269	820
id60	test	3vhc	chain0	3t10	1	1.000	1.000	0.947	216	4.987E-136	425
id60	test	3wzn	chain0	3wzo	1	1.000	1.000	0.961	124	5.947E-80	258
id60	test	3zm9	chain0	2ckq	1	0.983	1.000	0.923	360	5.925E-238	727
id60	test	3zt3	chain0	4aht	1	0.973	1.000	0.836	153	8.470E-97	308
id60	test	4a4q	chain0	5ahc	1	1.000	1.000	1.000	99	3.831E-64	211
id60	test	4a7i	chain1	2pr3	1	1.000	1.000	1.000	234	4.985E-162	501
id60	test	4abd	chain0	3tpi	1	1.000	1.000	0.974	223	1.007E-148	462
id60	test	4azb	chain0	4az7	1	0.955	1.000	0.982	425	8.610E-270	822
id60	test	4b3d	chain0	5qut	1	0.926	1.000	0.996	230	1.543E-130	409
id60	test	4b6o	chain0	4ciy	1	1.000	1.000	0.973	142	1.313E-88	284
id60	test	4b76	chain0	4b74	1	1.000	1.000	0.968	645	0.000E+00	1320
id60	test	4c1y	chain1	4d4u	1	1.000	1.000	0.997	314	9.699E-221	675
id60	test	4c6u	chain0	6p9k	1	1.000	1.000	1.000	414	5.621E-269	820
id60	test	4cfl	chain0	6zci	1	1.000	1.000	0.858	127	8.511E-86	275
id60	test	4cga	chain0	2ckq	1	0.983	1.000	0.923	360	5.925E-238	727
id60	test	4cj4	chain0	3zso	1	0.967	1.000	0.916	153	8.892E-96	305
id60	test	4cl6	chain1	4b8u	1	1.000	1.000	0.994	170	9.143E-115	361
id60	test	4crf	chain0	4d76	1	0.995	1.000	1.000	238	1.949E-165	511
id60	test	4cwp	chain0	2jjc	1	1.000	1.000	0.950	207	2.350E-131	411
id60	test	4daf	chain0	4nil	1	0.923	1.000	0.919	273	1.547E-158	492
id60	test	4djr	chain0	2qi6	1	1.000	1.000	1.000	99	1.720E-64	212
id60	test	4djv	chain0	5qd9	1	1.000	1.000	0.970	390	1.830E-269	820
id60	test	4djx	chain0	5qd9	1	1.000	1.000	0.970	390	1.830E-269	820
id60	test	4dkr	chain0	8fa0	1	0.960	1.000	1.000	353	2.094E-233	713
id60	test	4dq2	chain0	8eni	1	1.000	1.000	0.979	322	2.469E-214	657
id60	test	4e1k	chain0	4kpx	1	1.000	1.000	0.987	450	1.136E-296	902
id60	test	4e5w	chain0	6sm8	1	0.966	1.000	1.000	302	3.872E-195	600
id60	test	4efk	chain0	2a86	1	0.968	1.000	0.963	289	9.258E-170	526
id60	test	4ej8	chain0	5vj3	1	1.000	1.000	1.000	99	4.680E-62	205
id60	test	4fev	chain0	4feu	1	0.985	1.000	0.982	267	1.357E-182	562
id60	test	4gkm	chain0	3qsa	1	1.000	1.000	0.918	346	4.779E-219	672
id60	test	4heg	chain0	7to5	1	0.989	1.000	1.000	99	2.322E-61	203
id60	test	4ij1	chain1	3qsa	1	0.971	1.000	0.918	346	8.278E-208	639
id60	test	4j93	chain0	4e91	1	1.000	1.000	1.000	146	7.330E-97	308
id60	test	4jia	chain0	4ji9	1	0.993	1.000	1.000	300	4.498E-205	629
id60	test	4jyc	chain1	8dpb	1	0.972	1.000	0.979	322	1.189E-192	594
id60	test	4jym	chain0	7k38	1	0.771	1.000	0.989	267	1.379E-141	444
id60	test	4k0o	chain0	1oio	1	0.977	1.000	0.983	175	3.612E-110	348
id60	test	4km2	chain0	5scm	1	1.000	1.000	0.888	159	1.162E-106	337
id60	test	4lm3	chain0	4msa	1	1.000	1.000	0.959	331	3.843E-231	706
id60	test	4lvt	chain0	7jgv	1	0.627	0.986	0.867	137	1.045E-56	192
id60	test	4m0y	chain0	4m15	1	1.000	1.000	0.978	263	3.996E-179	552
id60	test	4m8e	chain0	5z12	2	0.926	1.000	1.000	231	9.177E-137	427
id60	test	4mrg	chain0	5bzc	1	1.000	1.000	0.993	150	1.220E-101	322
id60	test	4nwc	chain0	4mh5	1	1.000	1.000	0.988	255	2.606E-171	529
id60	test	4ocq	chain0	4ocj	1	1.000	1.000	0.937	355	3.363E-236	722
id60	test	4ogj	chain0	6zci	1	1.000	1.000	0.858	127	8.511E-86	275
id60	test	4p3h	chain0	5uv3	1	1.000	1.000	0.984	190	1.683E-126	396
id60	test	4p6w	chain0	3bqd	1	0.972	1.000	0.988	252	1.961E-164	509
id60	test	4q1x	chain0	2qi6	1	0.989	1.000	1.000	99	1.720E-64	212
id60	test	4q4q	chain0	6yh2	1	0.983	1.000	0.964	374	2.952E-244	746
id60	test	4qf9	chain0	5mfq	1	1.000	1.000	0.973	250	1.347E-167	518
id60	test	4rdn	chain0	7z7b	1	1.000	1.000	0.892	149	6.981E-99	314
id60	test	4s1g	chain0	5t4s	1	1.000	1.000	1.000	339	6.742E-229	700
id60	test	4tun	chain0	4e3u	1	1.000	1.000	1.000	129	1.413E-89	286
id60	test	4tz2	chain0	6eps	1	0.992	1.000	1.000	130	1.605E-80	260
id60	test	4u0w	chain0	4u0v	1	1.000	1.000	0.988	243	1.013E-158	492
id60	test	4ury	chain1	6bvl	2	0.935	1.000	0.996	480	6.428E-294	894
id60	test	4uyf	chain0	6ddi	1	1.000	0.992	0.855	118	5.143E-79	255
id60	test	4w9f	chain2	8bdm	3	0.985	1.000	0.877	142	2.408E-89	286
id60	test	4wa9	chain0	4zog	1	1.000	1.000	0.975	276	2.900E-189	582
id60	test	4x5q	chain0	4x5q	1	1.000	1.000	0.988	158	3.621E-102	324
id60	test	4xtx	chain0	4xtw	1	1.000	1.000	0.985	266	4.806E-170	526
id60	test	4xty	chain0	4xtw	1	1.000	1.000	0.978	264	1.068E-168	522
id60	test	4xu2	chain0	4op0	1	0.992	1.000	0.985	264	5.787E-166	514
id60	test	4ybk	chain0	3f6x	1	0.956	1.000	0.972	278	2.072E-179	553
id60	test	5afv	chain0	2ckq	1	0.983	1.000	0.923	360	5.925E-238	727
id60	test	5anv	chain0	8i18	1	0.993	1.000	0.987	154	6.977E-101	320
id60	test	5bry	chain0	7to5	1	1.000	1.000	1.000	99	4.680E-62	205
id60	test	5caq	chain0	5hib	1	0.934	1.000	0.973	322	2.206E-196	604
id60	test	5cqt	chain0	7wjs	1	1.000	1.000	0.929	131	7.713E-89	284
id60	test	5cy9	chain0	7wjs	1	1.000	1.000	0.929	131	7.713E-89	284
id60	test	5dwr	chain0	6l11	1	0.996	1.000	0.948	274	2.402E-190	585
id60	test	5e74	chain0	5pba	1	1.000	1.000	0.841	116	2.681E-76	247
id60	test	5eq1	chain0	4qyd	1	0.991	1.000	0.957	112	1.978E-69	227
id60	test	5eu1	chain0	6y7h	1	1.000	1.000	0.934	113	7.653E-72	234
id60	test	5f62	chain0	6zci	1	1.000	1.000	0.858	127	8.511E-86	275
id60	test	5f63	chain0	6zci	1	1.000	1.000	0.858	127	8.511E-86	275
id60	test	5fhn	chain0	2aix	1	1.000	1.000	0.981	258	6.077E-172	531
id60	test	5g46	chain0	7ofi	1	1.000	1.000	0.925	246	1.477E-164	509
id60	test	5h1u	chain0	3o36	1	0.966	1.000	0.978	180	6.863E-120	376
id60	test	5h1v	chain0	3o36	1	0.928	1.000	0.989	182	1.056E-112	355
id60	test	5ha1	chain0	5h8t	1	1.000	1.000	1.000	140	2.992E-95	303
id60	test	5hrx	chain0	4q0o	1	1.000	1.000	0.887	110	3.995E-69	226
id60	test	5hz9	chain0	3wbg	1	1.000	1.000	0.882	135	1.254E-85	275
id60	test	5ia0	chain0	8xpv	1	0.919	1.000	0.938	286	1.710E-171	530
id60	test	5j27	chain0	2xdu	1	1.000	1.000	0.886	209	1.057E-132	415
id60	test	5jg1	chain0	7to5	1	1.000	1.000	1.000	99	4.680E-62	205
id60	test	5jy3	chain1	6k9g	1	0.945	1.000	0.876	240	6.024E-141	440
id60	test	5kad	chain0	7mn7	1	0.992	1.000	0.925	285	3.679E-191	588
id60	test	5kma	chain0	5km6	1	1.000	1.000	0.891	115	2.553E-76	247
id60	test	5l7h	chain0	6l88	1	0.991	0.992	0.988	248	2.720E-159	494
id60	test	5nk3	chain0	8xpv	1	0.975	1.000	0.944	288	2.400E-185	571
id60	test	5nk6	chain0	8xpv	1	0.972	1.000	0.957	292	2.294E-187	577
id60	test	5nk8	chain0	8xpv	1	0.917	1.000	0.951	290	1.794E-172	533
id60	test	5nkd	chain0	8xpv	1	0.966	1.000	0.974	297	4.872E-189	582
id60	test	5nkg	chain0	8xpv	1	1.000	1.000	0.957	292	7.136E-196	602
id60	test	5nkh	chain0	8xpv	1	1.000	1.000	0.967	295	6.822E-198	608
id60	test	5nzf	chain0	4b7q	1	0.994	1.000	0.825	387	3.112E-279	848
id60	test	5o5a	chain0	5ev9	1	1.000	1.000	0.974	113	9.327E-70	228
id60	test	5oh9	chain0	8ou9	1	1.000	1.000	1.000	106	4.034E-75	243
id60	test	5os7	chain0	5ctp	1	1.000	1.000	0.923	325	2.275E-225	689
id60	test	5osl	chain0	8aek	1	1.000	1.000	1.000	328	4.837E-227	694
id60	test	5ota	chain0	5ovz	1	1.000	1.000	0.958	254	1.627E-167	518
id60	test	5otc	chain0	5ovz	1	1.000	1.000	0.966	256	1.628E-168	521
id60	test	5sz2	chain0	6ouh	1	1.000	1.000	1.000	257	6.085E-180	554
id60	test	5u0z	chain0	5u0v	1	0.964	1.000	0.993	282	1.175E-171	531
id60	test	5uez	chain0	5ueo	1	1.000	1.000	1.000	109	2.560E-73	238
id60	test	5v0n	chain0	4gmi	1	0.958	1.000	0.990	387	3.605E-252	769
id60	test	5vja	chain0	2j90	1	0.981	1.000	0.891	271	8.862E-172	531
id60	test	5wp5	chain0	5wp4	1	0.855	0.998	0.986	484	1.944E-288	879
id60	test	5wyz	chain0	6zjz	1	0.952	1.000	0.983	787	0.000E+00	1499
id60	test	5xvg	chain0	7cmb	1	0.996	1.000	1.000	293	4.885E-192	591
id60	test	5y12	chain0	8wdx	1	1.000	1.000	0.895	136	2.411E-87	280
id60	test	6b7b	chain1	6ccs	1	1.000	1.000	0.981	158	3.988E-101	321
id60	test	6c0s	chain0	5qtv	1	1.000	1.000	0.975	238	6.933E-169	521
id60	test	6ce6	chain0	5wpb	1	1.000	1.000	0.990	101	9.450E-72	233
id60	test	6ced	chain0	5wpb	1	1.000	1.000	0.971	99	2.106E-70	229
id60	test	6cks	chain0	6zci	1	1.000	1.000	0.851	126	1.804E-85	274
id60	test	6ckw	chain1	6ccs	1	1.000	1.000	0.988	159	8.452E-102	323
id60	test	6e7j	chain0	7to5	1	1.000	1.000	1.000	99	4.680E-62	205
id60	test	6e9a	chain0	7to5	1	1.000	1.000	1.000	99	4.680E-62	205
id60	test	6elp	chain0	2jjc	1	1.000	1.000	0.950	207	2.350E-131	411
id60	test	6eog	chain0	6q0q	1	1.000	0.993	0.986	137	2.186E-89	286
id60	test	6epz	chain0	6eq0	1	1.000	1.000	0.984	672	0.000E+00	1417
id60	test	6eq8	chain0	6eq0	1	1.000	1.000	0.981	670	0.000E+00	1412
id60	test	6ey9	chain0	2jjc	1	0.995	1.000	0.954	208	5.745E-130	407
id60	test	6fba	chain0	7zea	1	0.981	1.000	0.937	327	9.133E-208	638
id60	test	6fnr	chain0	4pip	1	0.990	1.000	0.997	322	4.509E-207	636
id60	test	6gf9	chain0	7kot	1	1.000	1.000	0.994	161	1.707E-103	328
id60	test	6gjl	chain0	4n1q	1	1.000	1.000	1.000	165	4.310E-112	353
id60	test	6gl9	chain0	7apf	1	1.000	1.000	0.993	292	5.922E-198	608
id60	test	6guh	chain0	3r1q	1	0.946	1.000	0.980	300	2.518E-186	574
id60	test	6h8s	chain0	6h8r	1	0.944	0.986	0.941	287	1.727E-185	572
id60	val	188l	chain0	182l	1	1.000	1.000	0.988	162	3.619E-104	330
id60	val	1c5s	chain0	3tpi	1	1.000	1.000	0.974	223	1.007E-148	462
id60	val	1d4k	chain0	4f74	1	0.969	1.000	1.000	99	1.276E-58	195
id60	val	1d7i	chain0	6oqa	1	1.000	1.000	0.991	107	6.299E-71	231
id60	val	1f8b	chain0	1f8c	1	1.000	1.000	1.000	388	5.491E-282	856
id60	val	1gpn	chain0	5e4j	1	0.994	1.000	1.000	532	0.000E+00	1118
id60	val	1h1s	chain0	3tnw	1	0.996	1.000	0.990	297	3.073E-199	612
id60	val	1h2t	chain0	5oob	1	0.921	1.000	0.987	762	0.000E+00	1429
id60	val	1hxb	chain0	1odw	1	1.000	1.000	1.000	99	3.831E-64	211
id60	val	1i5r	chain0	3klp	1	1.000	1.000	0.872	285	2.639E-186	574
id60	val	1iiq	chain0	1wbk	1	1.000	1.000	1.000	99	8.534E-64	210
id60	val	1k1l	chain0	3tpi	1	1.000	1.000	0.974	223	1.007E-148	462
id60	val	1kav	chain0	8g65	1	1.000	1.000	0.997	297	2.551E-201	618
id60	val	1loq	chain0	3wjx	1	0.995	1.000	0.829	209	1.057E-132	415
id60	val	1lpk	chain0	2pr3	1	1.000	1.000	1.000	234	4.985E-162	501
id60	val	1lzq	chain0	1wbk	1	0.969	1.000	1.000	99	9.431E-63	207
id60	val	1nvr	chain0	6fc8	1	0.974	1.000	0.982	271	1.716E-180	556
id60	val	1nw4	chain0	8w7h	1	1.000	1.000	0.964	243	1.281E-164	509
id60	val	1o2h	chain0	3tpi	1	1.000	1.000	0.974	223	1.007E-148	462
id60	val	1o2o	chain0	3tpi	1	1.000	1.000	0.974	223	1.007E-148	462
id60	val	1o36	chain0	3tpi	1	1.000	1.000	0.974	223	1.007E-148	462
id60	val	1q8u	chain0	8sf8	1	0.991	1.000	0.975	344	6.458E-232	709
id60	val	1qkt	chain0	6b0f	1	1.000	1.000	0.976	248	2.595E-159	494
id60	val	1u33	chain0	6obx	1	1.000	0.998	0.998	495	0.000E+00	1083
id60	val	1ugx	chain0	5jm1	1	0.992	1.000	1.000	133	2.085E-87	280
id60	val	1v0l	chain0	2g3j	1	0.903	1.000	0.965	302	5.332E-187	577
id60	val	1w3j	chain0	2j7c	1	1.000	1.000	0.947	443	3.814E-314	952
id60	val	1y6r	chain0	3o4v	1	1.000	1.000	1.000	234	3.121E-150	467
id60	val	1zp8	chain0	6ops	1	0.989	1.000	1.000	99	1.901E-63	209
id60	val	2aac	chain0	2arc	1	1.000	0.994	0.988	162	1.452E-114	360
id60	val	2b7d	chain1	5pan	2	1.000	1.000	1.000	254	1.555E-176	544
id60	val	2boh	chain1	2xc5	1	1.000	1.000	0.975	235	1.058E-162	503
id60	val	2brb	chain0	6fc8	1	0.989	1.000	0.996	275	6.431E-187	575
id60	val	2bz6	chain0	5pan	2	1.000	1.000	1.000	254	1.555E-176	544
id60	val	2cbv	chain0	2j7c	1	0.997	1.000	0.949	444	9.291E-313	948
id60	val	2d3z	chain0	3udl	1	0.994	1.000	0.977	563	0.000E+00	1148
id60	val	2epn	chain0	5ac5	1	0.725	0.997	0.960	623	2.450E-313	960
id60	val	2ha6	chain0	2ha6	1	0.988	1.000	0.998	542	0.000E+00	1115
id60	val	2iwx	chain0	2bre	1	1.000	1.000	0.977	214	1.339E-132	415
id60	val	2izl	chain2	6avk	1	1.000	1.000	0.992	122	1.325E-78	254
id60	val	2j4i	chain0	2pr3	1	0.991	1.000	1.000	234	2.705E-159	493
id60	val	2j7d	chain0	2j7c	1	0.986	1.000	0.947	443	2.706E-306	929
id60	val	2j7h	chain0	2j7c	1	0.988	1.000	0.947	443	5.746E-307	931
id60	val	2jkh	chain0	2pr3	1	0.995	1.000	1.000	234	2.464E-161	499
id60	val	2nmz	chain0	7to5	1	0.989	1.000	1.000	99	2.322E-61	203
id60	val	2nnd	chain0	1znd	1	0.954	1.000	0.885	154	2.645E-92	295
id60	val	2nta	chain0	8g65	1	0.996	1.000	0.997	297	5.668E-201	617
id60	val	2p7a	chain0	6k3n	1	1.000	1.000	0.982	223	1.948E-141	441
id60	val	2q7q	chain3	2agw	2	1.000	1.000	0.992	358	3.410E-246	751
id60	val	2qhy	chain0	2qi6	1	1.000	1.000	1.000	99	1.720E-64	212
id60	val	2qi1	chain0	2qi6	1	1.000	1.000	1.000	99	1.720E-64	212
id60	val	2qi7	chain0	2qi6	1	1.000	1.000	1.000	99	1.720E-64	212
id60	val	2qrk	chain0	3uh1	1	0.997	1.000	0.979	365	1.154E-244	747
id60	val	2qzr	chain0	6yh2	1	0.965	1.000	0.959	372	4.055E-236	722
id60	val	2vb8	chain0	3u0f	1	0.605	0.998	0.983	404	1.301E-147	469
id60	val	2vmf	chain0	2vr4	1	0.997	1.000	0.989	837	0.000E+00	1756
id60	val	2vw5	chain0	2bre	1	1.000	1.000	0.977	214	1.339E-132	415
id60	val	2vwl	chain0	2xc5	1	0.995	1.000	0.975	235	5.227E-162	501
id60	val	2wc4	chain0	2j7c	1	1.000	1.000	0.947	443	3.814E-314	952
id60	val	2xd9	chain3	1j2y	1	1.000	1.000	0.916	153	2.074E-97	310
id60	val	2xdl	chain0	2xdu	1	1.000	1.000	0.881	208	4.985E-132	413
id60	val	2ya6	chain0	2ya5	1	1.000	1.000	0.953	470	0.000E+00	989
id60	val	2yb0	chain1	2cje	1	1.000	1.000	0.981	263	1.292E-174	539
id60	val	2yki	chain0	2yk2	1	1.000	1.000	0.990	207	2.350E-131	411
id60	val	2z1w	chain0	2pwv	1	0.970	1.000	0.966	373	3.879E-238	728
id60	val	2z4o	chain0	7to5	1	1.000	1.000	1.000	99	4.680E-62	205
id60	val	2zdl	chain0	3tpi	1	1.000	1.000	0.974	223	1.007E-148	462
id60	val	2zfp	chain1	6fjt	2	1.000	1.000	1.000	251	2.484E-178	549
id60	val	2zq2	chain0	3tpi	1	1.000	1.000	0.974	223	1.007E-148	462
id60	val	2zx7	chain0	1odu	1	1.000	1.000	0.984	442	8.597E-322	974
id60	val	3b24	chain0	2xdu	1	1.000	1.000	0.886	209	1.057E-132	415
id60	val	3b26	chain0	2xdu	1	1.000	1.000	0.886	209	1.057E-132	415
id60	val	3bgb	chain0	1wbk	1	1.000	1.000	1.000	99	8.534E-64	210
id60	val	3bqc	chain0	8c5q	1	1.000	1.000	0.914	328	4.408E-228	697
id60	val	3c79	chain3	4frr	1	1.000	1.000	0.914	212	4.305E-144	448
id60	val	3ccz	chain0	3cda	1	1.000	1.000	0.952	420	3.252E-278	847
id60	val	3e5u	chain1	3e6b	1	1.000	1.000	0.880	220	1.274E-144	450
id60	val	3el1	chain0	4f74	1	1.000	1.000	1.000	99	1.720E-64	212
id60	val	3fur	chain0	4ci5	1	0.941	1.000	1.000	272	1.867E-158	492
id60	val	3fv1	chain0	3fvo	1	1.000	1.000	1.000	256	1.119E-172	533
id60	val	3g0e	chain0	6itt	1	1.000	0.985	0.988	327	3.809E-223	683
id60	val	3g0w	chain0	1t73	1	1.000	1.000	0.926	249	1.284E-167	518
id60	val	3g1v	chain0	3g24	1	0.995	1.000	0.934	213	2.139E-135	423
id60	val	3g34	chain0	4ua7	1	0.996	1.000	0.996	262	1.172E-166	516
id60	val	3ga5	chain0	3gbp	1	1.000	1.000	0.993	305	4.476E-199	612
id60	val	3gjw	chain0	6ghk	1	1.000	1.000	0.978	350	2.287E-229	702
id60	val	3gy2	chain0	3tpi	1	1.000	1.000	0.974	223	1.007E-148	462
id60	val	3h30	chain0	8p07	1	1.000	1.000	0.985	333	4.223E-231	706
id60	val	3hv8	chain0	3hv8	1	0.979	1.000	0.922	247	3.126E-154	479
id60	val	3i5z	chain0	5v60	1	0.945	1.000	0.983	350	1.066E-219	673
id60	val	3ime	chain0	2a86	1	0.986	1.000	0.953	286	1.557E-173	537
id60	val	3iod	chain0	2a86	1	0.968	1.000	0.950	285	4.569E-167	518
id60	val	3iph	chain0	6zqs	1	0.988	1.000	0.964	349	3.670E-231	707
id60	val	3isj	chain0	2a86	1	1.000	1.000	0.957	287	5.561E-179	553
id60	val	3jyr	chain0	4khz	1	0.943	1.000	0.974	370	1.924E-241	738
id60	val	3kdm	chain1	8as0	2	0.932	0.996	0.969	222	1.472E-127	401
id60	val	3l4x	chain0	2qmj	1	0.998	1.000	0.993	864	0.000E+00	1839
id60	val	3l4y	chain0	2qmj	1	0.998	1.000	0.993	864	0.000E+00	1839
id60	val	3lgs	chain0	2h8g	1	1.000	1.000	0.921	246	5.765E-158	490
id60	val	3lpk	chain0	5qd9	1	1.000	1.000	0.970	390	1.830E-269	820
id60	val	3m35	chain0	3tpi	1	1.000	1.000	0.974	223	1.007E-148	462
id60	val	3nex	chain0	8pm8	1	1.000	1.000	0.913	116	3.266E-74	241
id60	val	3p3r	chain2	8aww	1	1.000	1.000	1.000	116	3.266E-74	241
id60	val	3pd9	chain1	2aix	1	1.000	1.000	0.989	260	2.736E-173	535
id60	val	3ppm	chain0	3k83	1	1.000	1.000	0.953	546	0.000E+00	1109
id60	val	3qfz	chain0	3qg0	1	1.000	1.000	0.976	822	0.000E+00	1725
id60	val	3qqs	chain0	3qsa	1	1.000	1.000	0.918	346	4.779E-219	672
id60	val	3rtf	chain0	2aix	1	1.000	1.000	0.981	258	6.077E-172	531
id60	val	3si3	chain1	6fjt	2	1.000	1.000	1.000	251	2.484E-178	549
id60	val	3sr4	chain0	5mvs	1	1.000	1.000	0.982	328	2.389E-226	692
id60	val	3suu	chain0	3gh5	1	0.971	1.000	0.989	519	0.000E+00	1030
id60	val	3t0x	chain0	5acl	1	0.657	0.964	0.964	107	8.415E-38	136
id60	val	3t70	chain0	1vyq	1	0.892	1.000	0.965	167	8.254E-89	285
id60	val	3u8k	chain0	8p11	1	1.000	1.000	0.882	209	6.586E-138	430
id60	val	3upk	chain0	3swi	1	0.997	1.000	1.000	419	1.504E-268	819
id60	val	3v51	chain0	4tzr	1	0.987	1.000	0.961	465	1.727E-296	902
id60	val	3vw1	chain0	6ko7	1	1.000	1.000	0.948	184	7.293E-116	365
id60	val	4a4v	chain0	4r2u	1	0.960	1.000	1.000	275	3.448E-164	509
id60	val	4a6l	chain0	2bm2	1	1.000	1.000	0.992	243	4.552E-176	542
id60	val	4a95	chain0	5o4v	1	1.000	1.000	0.997	384	2.889E-261	796
id60	val	4abg	chain0	3tpi	1	0.995	1.000	0.974	223	1.160E-146	456
id60	val	4acc	chain0	7oy5	1	1.000	1.000	1.000	351	2.541E-237	725
id60	val	4alx	chain0	8q1t	1	1.000	1.000	0.995	205	3.254E-135	422
id60	val	4arb	chain0	1q84	1	0.987	1.000	0.934	542	0.000E+00	1113
id60	val	4b32	chain0	5qut	1	0.956	1.000	0.996	230	2.244E-138	432
id60	val	4b35	chain0	5qut	1	0.956	1.000	0.996	230	2.244E-138	432
id60	val	4b7p	chain0	3t10	1	1.000	1.000	0.939	214	1.109E-134	421
id60	val	4bc5	chain0	4bc2	1	1.000	1.000	0.974	524	0.000E+00	1075
id60	val	4c52	chain0	7jgv	1	1.000	1.000	0.918	145	1.712E-95	304
id60	val	4cjq	chain0	3zso	1	0.967	1.000	0.916	153	8.892E-96	305
id60	val	4crl	chain0	5hnb	1	0.936	1.000	0.978	362	7.397E-228	697
id60	val	4cwq	chain0	2jjc	1	1.000	1.000	0.950	207	2.350E-131	411
id60	val	4cwt	chain0	2xdu	1	1.000	1.000	0.886	209	1.057E-132	415
id60	val	4dbm	chain0	4frr	1	1.000	1.000	0.909	211	2.029E-143	446
id60	val	4dcs	chain0	5m7h	1	0.937	1.000	0.993	433	2.155E-258	789
id60	val	4de2	chain0	4ua7	1	0.996	1.000	0.989	260	2.603E-165	512
id60	val	4e0x	chain1	5mfq	1	1.000	1.000	0.988	254	2.485E-171	529
id60	val	4e4l	chain0	6tpe	1	0.955	1.000	0.997	290	2.184E-185	571
id60	val	4eo6	chain0	5w2e	1	0.987	1.000	0.976	562	0.000E+00	1139
id60	val	4g95	chain0	7ese	1	1.000	1.000	0.912	186	8.322E-124	388
id60	val	4gfm	chain0	7rn6	1	0.993	1.000	0.977	291	5.146E-199	611
id60	val	4gzp	chain0	4gzq	1	1.000	1.000	0.987	388	2.125E-275	837
id60	val	4h3j	chain0	5qd9	1	1.000	1.000	0.970	390	1.830E-269	820
id60	val	4hdp	chain0	3k4v	1	0.989	1.000	0.990	99	4.680E-62	205
id60	val	4hw3	chain0	6u63	1	1.000	0.993	0.955	149	4.846E-95	303
id60	val	4i7m	chain0	4i7q	1	1.000	1.000	0.936	175	4.314E-117	368
id60	val	4i8x	chain3	4i9n	1	1.000	1.000	1.000	331	4.799E-220	674
id60	val	4iie	chain0	4iif	1	0.994	1.000	0.998	839	0.000E+00	1736
id60	val	4kz7	chain0	3grj	1	1.000	1.000	1.000	358	6.908E-247	753
id60	val	4ly9	chain0	4px2	1	0.965	1.000	0.950	606	0.000E+00	1143
id60	val	4lyw	chain0	6zci	1	0.992	1.000	0.858	127	1.894E-85	274
id60	val	4lzs	chain0	6zci	1	1.000	1.000	0.858	127	8.511E-86	275
id60	val	4m0e	chain1	7d9o	1	0.996	1.000	0.975	539	0.000E+00	1122
id60	val	4m0r	chain0	3qsa	1	0.991	1.000	0.915	345	2.832E-214	658
id60	val	4mc1	chain0	3qn8	1	1.000	1.000	1.000	99	8.534E-64	210
id60	val	4mc2	chain0	3qn8	1	1.000	1.000	1.000	99	8.534E-64	210
id60	val	4mgd	chain0	3uu7	1	0.979	1.000	0.976	245	1.778E-151	471
id60	val	4nbn	chain0	8f9b	1	0.958	1.000	0.896	268	2.162E-174	538
id60	val	4nj9	chain0	3bsz	3	0.958	0.991	1.000	215	2.709E-132	414
id60	val	4nuc	chain0	6zci	1	1.000	1.000	0.851	126	1.804E-85	274
id60	val	4o05	chain0	2xdu	1	1.000	1.000	0.886	209	1.057E-132	415
id60	val	4o0x	chain0	2cdz	1	0.996	0.997	0.957	290	1.085E-190	587
id60	val	4oma	chain0	3jwa	1	1.000	1.000	0.995	396	3.843E-264	805
id60	val	4ovf	chain0	4k3k	1	0.989	1.000	0.995	364	2.300E-234	717
id60	val	4p5d	chain0	4fyi	1	1.000	1.000	0.934	142	4.859E-91	291
id60	val	4phu	chain0	5tzr	1	0.981	1.000	0.900	442	2.734E-287	874
id60	val	4pp0	chain0	5ovz	1	0.996	1.000	0.958	254	1.787E-166	515
id60	val	4pp3	chain0	5z12	2	0.926	1.000	1.000	231	9.177E-137	427
id60	val	4pzv	chain0	8sl9	1	0.980	1.000	0.995	421	3.487E-265	809
id60	val	4q4p	chain0	6yh2	1	0.975	1.000	0.961	373	3.541E-240	734
id60	val	4q4s	chain0	6yh2	1	0.981	1.000	0.961	373	1.596E-241	738
id60	val	4qac	chain3	5bp0	1	0.981	1.000	0.995	217	3.582E-138	431
id60	val	4qem	chain0	3cbi	1	1.000	1.000	1.000	121	5.757E-87	278
id60	val	4r75	chain0	8x1a	1	0.728	0.997	0.984	317	3.559E-156	489
id60	val	4u0f	chain0	8f22	1	0.917	1.000	0.978	219	4.322E-130	407
id60	val	4ual	chain0	5ote	1	0.961	1.000	1.000	419	2.552E-272	829
id60	val	4ufl	chain0	4ccc	1	0.995	1.000	0.985	644	0.000E+00	1374
id60	val	4w9c	chain2	8bdm	3	0.992	1.000	0.870	141	9.818E-91	290
id60	val	4w9d	chain2	8bdm	3	0.992	1.000	0.870	141	9.818E-91	290
id60	val	4w9o	chain0	5obk	1	1.000	1.000	0.961	123	2.307E-81	262
id60	val	4whs	chain1	3lxv	2	0.995	1.000	1.000	238	3.765E-167	516
id60	val	4wkb	chain0	5ue1	1	0.787	0.975	0.987	231	7.860E-116	368
id60	val	4x6n	chain0	5qtv	1	1.000	1.000	0.975	238	6.933E-169	521
id60	val	4xu0	chain0	4xtw	1	1.000	1.000	0.981	265	2.265E-169	524
id60	val	4yk0	chain0	7xij	1	1.000	1.000	0.831	113	6.280E-74	240
id60	val	4ykk	chain1	4ykp	1	1.000	1.000	0.996	255	3.980E-175	540
id60	val	4zzz	chain0	6xvw	1	0.991	0.997	0.994	352	2.751E-227	696
id60	val	5a5q	chain0	6eps	1	1.000	1.000	1.000	130	6.540E-82	264
id60	val	5aqz	chain0	5aqw	1	1.000	1.000	0.990	390	3.599E-253	773
id60	val	5cap	chain0	5hib	1	0.938	1.000	0.976	323	8.251E-200	614
id60	val	5ceq	chain0	8deg	1	0.953	1.000	0.876	282	4.008E-182	561
id60	val	5cs3	chain1	5ct3	1	1.000	1.000	0.945	173	1.092E-122	384
id60	val	5ct2	chain1	5ct3	1	1.000	1.000	0.945	173	1.092E-122	384
id60	val	5d3p	chain0	6zci	1	1.000	1.000	0.858	127	8.511E-86	275
id60	val	5dfp	chain0	2hy8	1	0.993	1.000	0.987	293	2.413E-191	589
id60	val	5dqf	chain0	5v0v	1	1.000	1.000	0.995	580	0.000E+00	1209
id60	val	5dus	chain0	5hol	1	1.000	0.994	0.959	164	1.126E-101	323
id60	val	5e1s	chain0	5hhw	1	0.943	1.000	0.980	301	2.089E-188	580
id60	val	5e2p	chain0	5qtv	1	1.000	1.000	0.975	238	6.933E-169	521
id60	val	5ep7	chain0	4nr6	1	1.000	1.000	1.000	119	6.261E-77	249
id60	val	5eqy	chain0	2ckq	1	0.983	1.000	0.918	358	2.921E-236	722
id60	val	5f1r	chain0	2beo	1	0.970	1.000	1.000	236	6.018E-149	463
id60	val	5f5z	chain0	6zci	1	1.000	1.000	0.858	127	8.511E-86	275
id60	val	5f60	chain0	6zci	1	1.000	1.000	0.858	127	8.511E-86	275
id60	val	5f8y	chain0	5f8w	1	1.000	1.000	0.955	149	8.696E-105	331
id60	val	5fh8	chain0	4q0o	1	1.000	1.000	0.903	112	3.989E-70	229
id60	val	5fnr	chain0	7off	1	1.000	1.000	0.951	289	7.164E-203	622
id60	val	5fsn	chain0	8i18	1	1.000	1.000	0.987	154	2.713E-103	327
id60	val	5hz6	chain0	7wc3	1	1.000	0.985	0.977	129	1.528E-81	263
id60	val	5ia5	chain0	8xpv	1	0.989	1.000	0.905	276	4.841E-182	561
id60	val	5ime	chain0	5dew	1	0.945	0.996	0.993	295	2.172E-177	548
id60	val	5j3l	chain0	5niz	1	1.000	1.000	0.894	193	2.349E-124	390
id60	val	5j7q	chain0	3dji	1	1.000	1.000	1.000	114	7.279E-73	237
id60	val	5j9x	chain0	2jjc	1	1.000	1.000	0.954	208	4.985E-132	413
id60	val	5jsj	chain0	6i8l	1	0.923	0.995	0.946	210	1.767E-128	402
id60	val	5jxq	chain0	6yh2	1	0.989	1.000	0.964	374	6.567E-245	748
id60	val	5kh3	chain0	5wpb	1	1.000	1.000	0.990	101	9.450E-72	233
id60	val	5khm	chain0	6zci	1	1.000	1.000	0.851	126	1.804E-85	274
id60	val	5kqy	chain0	3k4v	1	0.979	1.000	0.990	99	5.173E-61	202
id60	val	5kz0	chain0	7btt	1	0.948	1.000	0.966	309	2.793E-198	609
id60	val	5ldm	chain0	4qak	1	0.994	1.000	0.983	174	1.006E-115	364
id60	val	5lom	chain0	6hqh	1	1.000	1.000	0.899	241	4.553E-158	490
id60	val	5m23	chain0	8hmx	1	1.000	1.000	0.987	300	3.401E-208	638
id60	val	5mgf	chain0	5pba	1	1.000	1.000	0.841	116	2.681E-76	247
id60	val	5ndf	chain0	5fv9	1	1.000	1.000	0.867	495	0.000E+00	1056
id60	val	5nn6	chain0	5kzw	1	0.967	1.000	0.998	872	0.000E+00	1757
id60	val	5nvw	chain2	8bdm	3	0.992	1.000	0.870	141	9.818E-91	290
id60	val	5os2	chain0	5orn	1	0.984	1.000	1.000	265	5.806E-174	537
id60	val	5ose	chain0	5orn	1	0.996	1.000	1.000	265	2.383E-177	547
id60	val	5t9u	chain0	1awq	1	1.000	1.000	0.994	163	9.587E-111	349
id60	val	5t9w	chain0	1awq	1	1.000	1.000	1.000	164	2.033E-111	351
id60	val	5tbe	chain0	3uvr	1	0.951	1.000	0.969	349	2.724E-218	669
id60	val	5u12	chain1	5u0v	1	0.964	1.000	0.996	283	2.493E-172	533
id60	val	5u6j	chain0	5pan	2	0.988	1.000	1.000	254	8.830E-173	533
id60	val	5ueu	chain0	5ueo	1	1.000	1.000	1.000	109	2.560E-73	238
id60	val	5uf0	chain0	5ueo	1	1.000	1.000	0.991	108	1.208E-72	236
id60	val	5uk8	chain0	5uk8	1	0.954	1.000	0.983	1056	0.000E+00	2077
id60	val	5ula	chain0	4don	1	1.000	1.000	0.821	119	4.225E-81	261
id60	val	5upz	chain0	7to5	1	1.000	1.000	1.000	99	4.680E-62	205
id60	val	5vd1	chain0	8wjy	1	0.989	1.000	0.958	298	1.516E-197	607
id60	val	5vih	chain1	6ove	2	0.992	1.000	0.993	280	3.842E-187	576
id60	val	5wuk	chain0	6sfb	1	0.997	1.000	1.000	366	3.314E-259	789
id60	val	5yl2	chain0	6s8k	1	1.000	1.000	1.000	437	4.701E-300	911
id60	val	5zc5	chain0	6ag7	1	1.000	1.000	1.000	245	1.344E-173	535
id60	val	6cn5	chain0	4wqp	1	1.000	1.000	0.872	231	2.042E-153	476
id60	val	6d55	chain1	6bvl	2	0.973	1.000	1.000	482	9.167E-309	938
id60	val	6fnf	chain0	8xpv	1	0.923	1.000	0.948	289	1.713E-173	536
id60	val	6fui	chain0	8dg6	1	1.000	1.000	0.996	227	1.689E-153	476
id60	val	6gfz	chain2	8bdm	3	0.992	1.000	0.870	141	9.818E-91	290
id60	val	6ghh	chain0	7kot	1	1.000	1.000	1.000	162	3.619E-104	330
id60	val	6glb	chain0	7apf	1	0.989	1.000	0.990	291	7.817E-193	593
id60	val	6gvz	chain0	6gw0	1	1.000	1.000	0.968	305	1.108E-214	657
id60	val	6gw4	chain0	6gw0	1	0.724	1.000	0.956	307	3.115E-152	477
