pdb_id,required_split,reasons
14gs,test,crossdocked2020_test_receptor
1a28,val,binding_affinity_val
1a2g,test,crossdocked2020_test_receptor
1a4h,val,binding_affinity_val
1a4w,test,binding_affinity_test
1a52,val,binding_affinity_val
1afs,test,crossdocked2020_test_ligand_source;crossdocked2020_test_receptor
1ai4,test,crossdocked2020_test_receptor
1ai5,test,crossdocked2020_test_ligand_source
1aj6,test,binding_affinity_test
1aj7,val,binding_affinity_val
1akq,test,binding_affinity_test
1akr,test,binding_affinity_test
1akt,test,binding_affinity_test
1aku,test,binding_affinity_test
1akw,test,binding_affinity_test
1aqi,val,binding_affinity_val
1aqj,val,binding_affinity_val
1aw1,test,binding_affinity_test
1axs,val,binding_affinity_val
1bcu,test,binding_affinity_test
1bm7,val,binding_affinity_val
1c5c,val,binding_affinity_val
1c5o,test,binding_affinity_test
1c5s,test,binding_affinity_test
1c5t,test,binding_affinity_test
1c7e,test,binding_affinity_test
1c7f,test,binding_affinity_test
1coy,test,crossdocked2020_test_ligand_source;crossdocked2020_test_receptor
1d7j,test,crossdocked2020_test_receptor
1djy,test,crossdocked2020_test_receptor
1djz,test,crossdocked2020_test_ligand_source
1dmk,test,crossdocked2020_test_ligand_source
1dxo,test,crossdocked2020_test_receptor
1dy4,test,crossdocked2020_test_ligand_source
1e3g,val,binding_affinity_val
1e6z,test,crossdocked2020_test_ligand_source
1e8h,test,crossdocked2020_test_ligand_source;crossdocked2020_test_receptor
1egh,val,binding_affinity_val
1eqc,test,crossdocked2020_test_ligand_source
1ezq,test,binding_affinity_test
1f0s,test,binding_affinity_test
1f0t,test,binding_affinity_test
1f0u,test,binding_affinity_test
1fkn,test,binding_affinity_test
1fl3,val,binding_affinity_val
1flm,test,binding_affinity_test
1fmc,test,crossdocked2020_test_ligand_source;crossdocked2020_test_receptor
1g2l,test,binding_affinity_test
1g2m,test,binding_affinity_test
1g30,test,binding_affinity_test
1g32,test,binding_affinity_test
1g36,test,binding_affinity_test
1g50,val,binding_affinity_val
1gaf,val,binding_affinity_val
1gg5,test,crossdocked2020_test_ligand_source;crossdocked2020_test_receptor
1ghv,test,binding_affinity_test
1ghw,test,binding_affinity_test
1ghz,test,binding_affinity_test
1gi1,test,binding_affinity_test
1gi6,test,binding_affinity_test
1gi7,test,binding_affinity_test
1gi8,test,binding_affinity_test
1gi9,test,binding_affinity_test
1gj4,test,binding_affinity_test
1gj5,test,binding_affinity_test
1gj6,test,binding_affinity_test
1gj7,test,binding_affinity_test
1gj8,test,binding_affinity_test
1gja,test,binding_affinity_test
1gjb,test,binding_affinity_test
1gjc,test,binding_affinity_test
1gwq,val,binding_affinity_val
1gwr,val,binding_affinity_val
1h0i,test,crossdocked2020_test_receptor
1h1p,val,binding_affinity_val
1h1s,val,binding_affinity_val
1h24,val,binding_affinity_val
1h25,val,binding_affinity_val
1h28,val,binding_affinity_val
1h36,test,crossdocked2020_test_receptor
1h8s,val,binding_affinity_val
1hiy,val,binding_affinity_val
1hp5,test,binding_affinity_test
1i7z,test,binding_affinity_test
1ibg,val,binding_affinity_val
1ik4,val,binding_affinity_val
1j0n,test,crossdocked2020_test_ligand_source
1j17,val,binding_affinity_val
1jak,test,binding_affinity_test
1jgl,val,binding_affinity_val
1jn2,test,crossdocked2020_test_receptor
1jwt,test,binding_affinity_test
1k1i,test,binding_affinity_test
1k1j,test,binding_affinity_test
1k1l,test,binding_affinity_test
1k1m,test,binding_affinity_test
1k1n,test,binding_affinity_test
1k1o,test,binding_affinity_test
1k9t,test,crossdocked2020_test_receptor
1kbo,test,crossdocked2020_test_ligand_source
1kel,val,binding_affinity_val
1kv5,test,binding_affinity_test
1kzn,test,binding_affinity_test
1l3l,test,crossdocked2020_test_ligand_source;crossdocked2020_test_receptor
1lke,val,binding_affinity_val
1ll4,val,binding_affinity_val
1lnm,val,binding_affinity_val
1lpg,val,binding_affinity_val
1lpk,val,binding_affinity_val
1lpz,val,binding_affinity_val
1lqd,val,binding_affinity_val
1lqe,test,binding_affinity_test
1lyx,test,binding_affinity_test
1lzo,test,binding_affinity_test
1m4h,test,binding_affinity_test
1m9n,test,binding_affinity_test
1mh5,val,binding_affinity_val
1mhw,val,binding_affinity_val
1mj7,val,binding_affinity_val
1mjj,val,binding_affinity_val
1ml1,test,binding_affinity_test
1n0s,val,binding_affinity_val
1n7m,val,binding_affinity_val
1ngw,val,binding_affinity_val
1nhz,val,binding_affinity_val
1njf,test,binding_affinity_test
1np0,test,binding_affinity_test
1nvq,test,binding_affinity_test
1nvr,test,binding_affinity_test
1nw5,val,binding_affinity_val
1nw7,val,binding_affinity_val
1o2g,test,binding_affinity_test
1o2h,test,binding_affinity_test
1o2j,test,binding_affinity_test
1o2k,test,binding_affinity_test
1o2n,test,binding_affinity_test
1o2o,test,binding_affinity_test
1o2p,test,binding_affinity_test
1o2q,test,binding_affinity_test
1o2r,test,binding_affinity_test
1o2s,test,binding_affinity_test
1o2t,test,binding_affinity_test
1o2z,test,binding_affinity_test
1o30,test,binding_affinity_test
1o32,test,binding_affinity_test
1o33,test,binding_affinity_test
1o34,test,binding_affinity_test
1o35,test,binding_affinity_test
1o36,test,binding_affinity_test
1o38,test,binding_affinity_test
1o39,test,binding_affinity_test
1o3b,test,binding_affinity_test
1o3c,test,binding_affinity_test
1o3d,test,binding_affinity_test
1o3e,test,binding_affinity_test
1o3f,test,binding_affinity_test
1o3p,test,binding_affinity_test
1o5a,test,binding_affinity_test
1o5c,test,binding_affinity_test
1o5e,test,binding_affinity_test
1o5f,test,binding_affinity_test
1o5g,test,binding_affinity_test
1o6i,val,binding_affinity_val
1o79,test,crossdocked2020_test_ligand_source
1oar,val,binding_affinity_val
1oau,val,binding_affinity_val
1oay,val,binding_affinity_val
1odi,test,binding_affinity_test
1odj,test,binding_affinity_test
1ogg,val,binding_affinity_val
1ow4,test,binding_affinity_test
1owe,test,binding_affinity_test
1owh,test,binding_affinity_test
1owi,test,binding_affinity_test
1owj,test,binding_affinity_test
1owk,test,binding_affinity_test
1oyq,test,binding_affinity_test
1oyt,test,binding_affinity_test
1oz0,test,binding_affinity_test
1ozv,val,binding_affinity_val
1p0y,val,binding_affinity_val
1p1n,test,binding_affinity_test
1p1o,test,binding_affinity_test
1p1q,test,binding_affinity_test
1p4r,test,binding_affinity_test
1p57,test,binding_affinity_test
1p93,val,binding_affinity_val
1pf8,test,binding_affinity_test
1phk,test,crossdocked2020_test_ligand_source;crossdocked2020_test_receptor
1pkx,test,binding_affinity_test
1pl0,test,binding_affinity_test
1pr1,test,binding_affinity_test
1pr5,test,binding_affinity_test
1pxm,test,binding_affinity_test
1pxn,test,binding_affinity_test
1pxp,test,binding_affinity_test
1q4l,test,binding_affinity_test
1q72,test,binding_affinity_test
1q8t,test,binding_affinity_test
1q8u,test,binding_affinity_test
1q8w,test,binding_affinity_test
1qbo,test,binding_affinity_test
1qkt,val,binding_affinity_val
1qku,val,binding_affinity_val
1qng,val,binding_affinity_val
1qnh,val,binding_affinity_val
1qyg,test,binding_affinity_test
1r1h,test,crossdocked2020_test_ligand_source;crossdocked2020_test_receptor
1rs9,test,crossdocked2020_test_receptor
1s4d,val,binding_affinity_val
1s5z,val,binding_affinity_val
1s89,val,binding_affinity_val
1sb1,test,binding_affinity_test
1smj,test,crossdocked2020_test_ligand_source
1sqn,val,binding_affinity_val
1sqo,test,binding_affinity_test
1sqt,test,binding_affinity_test
1syh,test,binding_affinity_test
1syi,test,binding_affinity_test
1syo,test,binding_affinity_test
1sz0,test,binding_affinity_test
1t79,val,binding_affinity_val
1t7f,val,binding_affinity_val
1t7r,val,binding_affinity_val
1tco,test,crossdocked2020_test_ligand_source
1thz,test,binding_affinity_test
1tvo,test,binding_affinity_test
1tx7,test,binding_affinity_test
1u6q,test,binding_affinity_test
1ua4,test,binding_affinity_test
1umb,test,crossdocked2020_test_ligand_source
1umd,test,crossdocked2020_test_receptor
1utj,val,binding_affinity_val
1utl,val,binding_affinity_val
1utn,test,binding_affinity_test
1uto,test,binding_affinity_test
1v2k,test,binding_affinity_test
1v2n,test,binding_affinity_test
1v2o,test,binding_affinity_test
1v2p,test,binding_affinity_test
1v2q,test,binding_affinity_test
1v2r,test,binding_affinity_test
1v2t,test,binding_affinity_test
1v2w,test,binding_affinity_test
1val,test,crossdocked2020_test_ligand_source
1vjd,test,binding_affinity_test
1vso,val,binding_affinity_val
1vzq,val,binding_affinity_val
1w2g,val,binding_affinity_val
1w2h,val,binding_affinity_val
1w7g,val,binding_affinity_val
1w9u,val,binding_affinity_val
1w9v,val,binding_affinity_val
1wn6,test,crossdocked2020_test_ligand_source
1wvj,test,binding_affinity_test
1xa5,test,binding_affinity_test
1xbb,test,binding_affinity_test
1xhy,test,binding_affinity_test
1xk9,test,binding_affinity_test
1xkk,test,binding_affinity_test
1xo2,test,crossdocked2020_test_ligand_source
1xws,test,binding_affinity_test
1xxh,test,binding_affinity_test
1xxi,test,binding_affinity_test
1y0l,val,binding_affinity_val
1y3v,test,binding_affinity_test
1y3w,test,binding_affinity_test
1y3x,test,binding_affinity_test
1ydr,test,binding_affinity_test
1yds,test,binding_affinity_test
1yp9,test,binding_affinity_test
1ype,test,binding_affinity_test
1ypg,test,binding_affinity_test
1ypj,test,binding_affinity_test
1z6e,test,binding_affinity_test
1zea,val,binding_affinity_val
1zj1,test,crossdocked2020_test_ligand_source
1zky,val,binding_affinity_val
20gs,test,crossdocked2020_test_ligand_source
2a14,val,binding_affinity_val
2a3c,val,binding_affinity_val
2adm,val,binding_affinity_val
2afx,test,crossdocked2020_test_ligand_source
2al5,test,binding_affinity_test
2azy,test,crossdocked2020_test_ligand_source;crossdocked2020_test_receptor
2b1g,test,binding_affinity_test
2b1i,test,binding_affinity_test
2baj,val,binding_affinity_val
2bak,val,binding_affinity_val
2bal,test,binding_affinity_test
2bj4,val,binding_affinity_val
2bmg,val,binding_affinity_val
2boh,val,binding_affinity_val
2bq6,val,binding_affinity_val
2bq7,val,binding_affinity_val
2bqw,val,binding_affinity_val
2br1,test,binding_affinity_test
2brb,test,binding_affinity_test
2brm,test,binding_affinity_test
2byp,test,binding_affinity_test
2byr,test,binding_affinity_test
2bys,test,binding_affinity_test
2bza,test,binding_affinity_test
2c1p,val,binding_affinity_val
2c3i,test,binding_affinity_test
2c3j,test,binding_affinity_test
2c3k,test,binding_affinity_test
2c3l,test,binding_affinity_test
2c6o,test,binding_affinity_test
2cbj,test,binding_affinity_test
2cf8,val,binding_affinity_val
2cf9,val,binding_affinity_val
2cgf,val,binding_affinity_val
2cji,test,binding_affinity_test
2clx,test,binding_affinity_test
2cn0,val,binding_affinity_val
2cvd,test,binding_affinity_test
2cy0,test,crossdocked2020_test_receptor
2d0k,test,binding_affinity_test
2d5c,test,crossdocked2020_test_ligand_source
2e24,test,crossdocked2020_test_receptor
2e27,val,binding_affinity_val
2e2p,test,binding_affinity_test
2e6d,test,crossdocked2020_test_ligand_source;crossdocked2020_test_receptor
2epn,test,binding_affinity_test
2esm,test,binding_affinity_test
2etk,test,binding_affinity_test
2etr,test,binding_affinity_test
2ewy,test,crossdocked2020_test_ligand_source
2f2c,test,crossdocked2020_test_receptor
2f34,val,binding_affinity_val
2f35,val,binding_affinity_val
2fai,val,binding_affinity_val
2fb8,test,binding_affinity_test
2fdp,test,binding_affinity_test
2fgi,val,binding_affinity_val
2fl5,val,binding_affinity_val
2fpz,test,binding_affinity_test
2fvd,test,binding_affinity_test
2fx6,test,binding_affinity_test
2fx8,val,binding_affinity_val
2fx9,val,binding_affinity_val
2fxs,val,binding_affinity_val
2fzz,test,binding_affinity_test
2g00,test,binding_affinity_test
2g2r,val,binding_affinity_val
2gl0,test,binding_affinity_test
2gns,test,crossdocked2020_test_receptor
2gvv,test,crossdocked2020_test_ligand_source
2h13,test,binding_affinity_test
2h21,val,binding_affinity_val
2h23,val,binding_affinity_val
2h2e,val,binding_affinity_val
2h2j,val,binding_affinity_val
2hcj,test,crossdocked2020_test_ligand_source;crossdocked2020_test_receptor
2hvc,val,binding_affinity_val
2i4t,val,binding_affinity_val
2ihq,val,binding_affinity_val
2isc,val,binding_affinity_val
2ito,test,binding_affinity_test
2itp,val,binding_affinity_val
2itt,test,binding_affinity_test
2ity,test,binding_affinity_test
2itz,test,binding_affinity_test
2iux,test,crossdocked2020_test_ligand_source
2iuz,val,binding_affinity_val
2iws,val,binding_affinity_val
2iwu,val,binding_affinity_val
2iwx,val,binding_affinity_val
2j27,test,binding_affinity_test
2j2u,test,binding_affinity_test
2j34,test,binding_affinity_test
2j4i,test,binding_affinity_test
2j62,test,binding_affinity_test
2j6m,val,binding_affinity_val
2j94,test,binding_affinity_test
2j95,test,binding_affinity_test
2jb5,val,binding_affinity_val
2jds,test,binding_affinity_test
2jdv,test,binding_affinity_test
2jh0,test,binding_affinity_test
2jh5,test,binding_affinity_test
2jh6,test,binding_affinity_test
2jiu,val,binding_affinity_val
2jiw,val,binding_affinity_val
2jjg,test,crossdocked2020_test_ligand_source;crossdocked2020_test_receptor
2jkh,test,binding_affinity_test
2nsi,test,crossdocked2020_test_ligand_source
2ntf,val,binding_affinity_val
2nw4,val,binding_affinity_val
2o0u,val,binding_affinity_val
2o2u,val,binding_affinity_val
2ohl,test,binding_affinity_test
2oiq,val,binding_affinity_val
2ojg,test,binding_affinity_test
2oji,test,binding_affinity_test
2ojj,test,binding_affinity_test
2ok1,val,binding_affinity_val
2oxn,test,binding_affinity_test;crossdocked2020_test_ligand_source
2oz7,val,binding_affinity_val
2p15,val,binding_affinity_val
2p16,test,binding_affinity_test
2p2a,val,binding_affinity_val
2p4j,test,binding_affinity_test
2p7a,val,binding_affinity_val
2p7g,val,binding_affinity_val
2p7z,val,binding_affinity_val
2p93,test,binding_affinity_test
2p94,test,binding_affinity_test
2p95,test,binding_affinity_test
2pbw,val,binding_affinity_val
2pc8,test,crossdocked2020_test_receptor
2pcp,val,binding_affinity_val
2pgz,test,binding_affinity_test
2pl0,val,binding_affinity_val
2pog,val,binding_affinity_val
2pqw,test,crossdocked2020_test_receptor
2psx,test,binding_affinity_test
2qbu,val,binding_affinity_val
2qmg,test,binding_affinity_test
2qrk,test,binding_affinity_test
2qrl,test,binding_affinity_test
2qu5,val,binding_affinity_val
2qu6,val,binding_affinity_val
2r0z,val,binding_affinity_val
2r1w,val,binding_affinity_val
2r2m,test,binding_affinity_test
2r2w,test,binding_affinity_test
2r5b,test,binding_affinity_test
2r5d,test,binding_affinity_test
2rcb,test,binding_affinity_test
2rhy,test,crossdocked2020_test_ligand_source;crossdocked2020_test_receptor
2rin,test,binding_affinity_test
2rma,test,crossdocked2020_test_receptor
2uwd,test,binding_affinity_test
2uwl,test,binding_affinity_test
2uwo,test,binding_affinity_test
2uwp,test,binding_affinity_test
2uy3,val,binding_affinity_val
2uy4,val,binding_affinity_val
2uy5,val,binding_affinity_val
2v2c,test,binding_affinity_test
2v2h,test,binding_affinity_test
2v3r,test,crossdocked2020_test_receptor
2vc9,test,binding_affinity_test
2vcb,test,binding_affinity_test
2vkm,test,binding_affinity_test
2vvc,test,binding_affinity_test
2vvn,test,binding_affinity_test
2vvs,test,binding_affinity_test
2vw5,val,binding_affinity_val
2vwc,val,binding_affinity_val
2vx9,val,binding_affinity_val
2vxa,val,binding_affinity_val
2vxn,val,binding_affinity_val
2w26,test,binding_affinity_test
2w4x,val,binding_affinity_val
2w66,test,binding_affinity_test
2w67,test,binding_affinity_test
2w8f,test,binding_affinity_test
2w8g,test,binding_affinity_test
2w8y,val,binding_affinity_val
2w9h,test,binding_affinity_test
2wb5,test,binding_affinity_test
2wca,val,binding_affinity_val
2wd7,test,binding_affinity_test
2weq,val,binding_affinity_val
2wer,val,binding_affinity_val
2wfj,val,binding_affinity_val
2wgj,val,binding_affinity_val
2wk2,val,binding_affinity_val
2wky,val,binding_affinity_val
2wly,val,binding_affinity_val
2wlz,test,binding_affinity_val;crossdocked2020_test_ligand_source
2wm0,val,binding_affinity_val
2wn9,test,binding_affinity_test
2wnc,test,binding_affinity_test
2wnj,test,binding_affinity_test
2wnl,test,binding_affinity_test
2wp1,val,binding_affinity_val
2wr8,val,binding_affinity_val
2wtv,test,binding_affinity_test
2wtw,test,binding_affinity_test
2wzy,val,binding_affinity_val
2x00,test,binding_affinity_test
2x2c,val,binding_affinity_val
2xab,test,binding_affinity_test
2xah,test,binding_affinity_test
2xaj,test,binding_affinity_test
2xaq,test,binding_affinity_test
2xas,test,binding_affinity_test
2xb7,val,binding_affinity_val
2xba,val,binding_affinity_val
2xca,test,crossdocked2020_test_ligand_source
2xde,test,binding_affinity_test
2xdk,test,binding_affinity_test
2xdl,test,binding_affinity_test
2xdx,test,binding_affinity_test
2xhr,test,binding_affinity_test
2xht,test,binding_affinity_test
2xhx,test,binding_affinity_test
2xj1,test,binding_affinity_test
2xj2,test,binding_affinity_test
2xj7,val,binding_affinity_val
2xjg,test,binding_affinity_test
2xjj,test,binding_affinity_test
2xjx,test,binding_affinity_test
2xm1,test,binding_affinity_test
2xm2,test,binding_affinity_test
2xmy,test,binding_affinity_test
2xn5,val,binding_affinity_val
2xnb,test,binding_affinity_test
2xpk,test,binding_affinity_test
2xyn,val,binding_affinity_val
2xys,test,binding_affinity_test
2xyt,test,binding_affinity_test
2xz5,test,binding_affinity_test
2y1w,val,binding_affinity_val
2y54,test,binding_affinity_test
2y56,test,binding_affinity_test
2y57,test,binding_affinity_test
2y58,test,binding_affinity_test
2y8l,test,binding_affinity_test
2y8q,test,binding_affinity_test
2y9q,test,binding_affinity_test
2ybu,val,binding_affinity_val
2yfx,val,binding_affinity_val
2yga,val,binding_affinity_val
2yge,val,binding_affinity_val
2ygf,test,binding_affinity_test
2yi5,test,binding_affinity_test
2yix,test,binding_affinity_test
2yk1,test,binding_affinity_test
2yki,test,binding_affinity_test
2yme,test,binding_affinity_test
2z3h,test,crossdocked2020_test_receptor
2z6w,test,binding_affinity_test
2z92,val,binding_affinity_val
2zaz,test,binding_affinity_test
2zb0,test,binding_affinity_test
2zb1,test,binding_affinity_test
2zc9,test,binding_affinity_test
2zda,test,binding_affinity_test
2zdk,test,binding_affinity_test
2zdl,test,binding_affinity_test
2zdm,test,binding_affinity_test
2zdn,test,binding_affinity_test
2zen,test,crossdocked2020_test_receptor
2zfp,test,binding_affinity_test
2zfs,test,binding_affinity_test
2zft,test,binding_affinity_test
2zgx,test,binding_affinity_test
2zhd,test,binding_affinity_test
2zif,val,binding_affinity_val
2zju,test,binding_affinity_test
2zjv,test,binding_affinity_test
2zmd,test,binding_affinity_test
2znt,val,binding_affinity_val
2znu,val,binding_affinity_val
2zo3,val,binding_affinity_val
2zpk,val,binding_affinity_val
2zq1,test,binding_affinity_test
2zq2,test,binding_affinity_test
3a2c,test,binding_affinity_test
3af2,test,crossdocked2020_test_receptor
3af4,test,crossdocked2020_test_ligand_source
3ag9,test,binding_affinity_test
3agl,test,binding_affinity_test
3agm,test,binding_affinity_test
3ama,test,binding_affinity_test
3amb,test,binding_affinity_test
3anq,test,binding_affinity_test
3aox,val,binding_affinity_val
3arp,val,binding_affinity_val
3arq,val,binding_affinity_val
3arr,val,binding_affinity_val
3arw,val,binding_affinity_val
3arx,val,binding_affinity_val
3axz,test,binding_affinity_test
3ay0,test,binding_affinity_test
3b24,test,binding_affinity_test
3b25,test,binding_affinity_test
3b26,test,binding_affinity_test
3b27,test,binding_affinity_test
3b28,test,binding_affinity_test
3b6h,test,crossdocked2020_test_ligand_source;crossdocked2020_test_receptor
3bbt,val,binding_affinity_val
3bc3,val,binding_affinity_val
3bex,test,binding_affinity_test
3bf1,test,binding_affinity_test
3bft,test,binding_affinity_test
3bfu,test,binding_affinity_test
3bgq,test,binding_affinity_test
3bgz,test,binding_affinity_test
3bmn,test,binding_affinity_test
3bmo,test,binding_affinity_test
3bmq,test,binding_affinity_test
3bqc,val,binding_affinity_val
3bv9,test,binding_affinity_test
3bwj,test,binding_affinity_test
3c39,test,binding_affinity_test
3c49,test,binding_affinity_test
3c4h,test,binding_affinity_test
3c79,test,binding_affinity_test
3c84,test,binding_affinity_test
3ce0,test,binding_affinity_test
3cen,test,binding_affinity_test
3cfn,test,binding_affinity_test
3cft,val,binding_affinity_val
3ch9,test,crossdocked2020_test_ligand_source
3chc,test,crossdocked2020_test_receptor
3ckp,test,binding_affinity_test
3ckr,test,binding_affinity_test
3ckz,test,binding_affinity_test
3cl0,test,binding_affinity_test
3cl2,test,binding_affinity_test
3cow,test,binding_affinity_test
3coy,test,binding_affinity_test
3coz,test,binding_affinity_test
3cs7,test,binding_affinity_test
3d0e,val,binding_affinity_val
3d7z,test,binding_affinity_test
3d83,test,binding_affinity_test
3d94,test,binding_affinity_test
3d9v,test,binding_affinity_test
3da9,test,binding_affinity_test
3daf,test,crossdocked2020_test_ligand_source;crossdocked2020_test_receptor
3dhk,val,binding_affinity_val
3dnd,test,binding_affinity_test
3dne,test,binding_affinity_test
3dux,test,binding_affinity_test
3dzh,test,crossdocked2020_test_receptor
3e5a,val,binding_affinity_val
3e64,test,binding_affinity_test
3e92,test,binding_affinity_test
3e93,test,binding_affinity_test
3ebo,test,binding_affinity_test
3ebp,test,binding_affinity_test
3efj,val,binding_affinity_val
3efk,val,binding_affinity_val
3egk,test,binding_affinity_test
3eig,test,binding_affinity_test
3ej8,test,crossdocked2020_test_receptor
3eko,test,binding_affinity_test
3ekr,test,binding_affinity_test
3emg,test,binding_affinity_test
3eov,val,binding_affinity_val
3eys,val,binding_affinity_val
3eyu,val,binding_affinity_val
3f0r,test,binding_affinity_test
3f3t,val,binding_affinity_val
3f3u,val,binding_affinity_val
3f3v,val,binding_affinity_val
3f68,test,binding_affinity_test
3f82,val,binding_affinity_val
3faa,test,binding_affinity_test
3fat,test,binding_affinity_test
3ffg,test,binding_affinity_test
3fhb,test,binding_affinity_test
3fl5,val,binding_affinity_val
3fmz,test,binding_affinity_test
3fqe,test,binding_affinity_test
3fv1,val,binding_affinity_val
3fv2,val,binding_affinity_val
3fvg,val,binding_affinity_val
3fvk,val,binding_affinity_val
3fvn,val,binding_affinity_val
3g0e,val,binding_affinity_val
3g0f,val,binding_affinity_val
3g0w,val,binding_affinity_val
3g2v,test,binding_affinity_test
3g51,test,crossdocked2020_test_ligand_source;crossdocked2020_test_receptor
3g5d,val,binding_affinity_val
3g6m,val,binding_affinity_val
3g90,test,binding_affinity_test
3g9l,val,binding_affinity_val
3g9n,test,binding_affinity_test
3gba,val,binding_affinity_val
3gbb,val,binding_affinity_val
3gcp,val,binding_affinity_val
3gcq,val,binding_affinity_val
3gcs,val,binding_affinity_val
3gcu,val,binding_affinity_val
3gcv,val,binding_affinity_val
3gfw,test,binding_affinity_test
3gjw,test,binding_affinity_test
3gkz,val,binding_affinity_val
3gm0,val,binding_affinity_val
3gn7,test,binding_affinity_test
3gp0,val,binding_affinity_val
3gs6,test,binding_affinity_test;crossdocked2020_test_receptor
3gsm,test,binding_affinity_test
3gvu,test,binding_affinity_test
3gy2,test,binding_affinity_test
3gy3,test,binding_affinity_test
3gy4,test,binding_affinity_test
3h30,val,binding_affinity_val
3h52,val,binding_affinity_val
3h78,val,binding_affinity_val
3h89,val,binding_affinity_val
3h8b,val,binding_affinity_val
3h8c,val,binding_affinity_val
3hec,val,binding_affinity_val
3heg,val,binding_affinity_val
3hek,val,binding_affinity_val
3hl7,test,binding_affinity_test
3hmo,test,binding_affinity_test
3hmp,test,binding_affinity_test
3hpt,val,binding_affinity_val
3hrf,test,binding_affinity_test
3hub,val,binding_affinity_val
3huc,test,binding_affinity_test
3hv7,val,binding_affinity_val
3hy9,test,crossdocked2020_test_receptor
3hyg,test,crossdocked2020_test_ligand_source
3hzy,val,binding_affinity_val
3i02,val,binding_affinity_val
3i25,test,binding_affinity_test
3i4b,test,binding_affinity_test
3i5z,test,binding_affinity_test
3i60,test,binding_affinity_test
3ijh,val,binding_affinity_val
3imc,test,binding_affinity_test
3ime,test,binding_affinity_test
3img,test,binding_affinity_test
3io7,test,binding_affinity_test
3iob,test,binding_affinity_test
3ioc,test,binding_affinity_test
3iod,test,binding_affinity_test
3ioe,test,binding_affinity_test
3iok,test,binding_affinity_test
3iph,test,binding_affinity_test
3ipq,val,binding_affinity_val
3ips,val,binding_affinity_val
3ipu,val,binding_affinity_val
3isj,val,binding_affinity_val
3iub,test,binding_affinity_test
3iue,test,binding_affinity_test
3iux,val,binding_affinity_val
3ivc,test,binding_affinity_test
3ivg,test,binding_affinity_test
3ivx,test,binding_affinity_test
3iw5,val,binding_affinity_val
3iw6,val,binding_affinity_val
3iw7,val,binding_affinity_val
3iwy,val,binding_affinity_val
3jq7,test,binding_affinity_test
3jq8,test,binding_affinity_test
3jq9,test,binding_affinity_test
3jqa,test,binding_affinity_test
3jqb,test,binding_affinity_test
3jqf,test,binding_affinity_test
3jqg,test,binding_affinity_test
3jvr,test,binding_affinity_test
3jvs,test,binding_affinity_test
3jxw,test,binding_affinity_test
3jy0,test,binding_affinity_test
3jy9,test,binding_affinity_test
3jya,test,binding_affinity_test
3jyh,test,crossdocked2020_test_receptor
3k41,test,binding_affinity_test
3k54,val,binding_affinity_val
3k5v,test,binding_affinity_test
3k97,test,binding_affinity_test
3k98,test,binding_affinity_test
3k99,test,binding_affinity_test
3kc1,test,crossdocked2020_test_ligand_source;crossdocked2020_test_receptor
3kcf,test,binding_affinity_test
3kck,test,binding_affinity_test
3kdm,val,binding_affinity_val
3kgu,test,binding_affinity_test
3khv,test,binding_affinity_test
3kjd,test,binding_affinity_test
3kmm,val,binding_affinity_val
3kmx,val,binding_affinity_val
3kmy,val,binding_affinity_val
3kqb,test,binding_affinity_test
3kqc,test,binding_affinity_test
3kqd,test,binding_affinity_test
3kqe,test,binding_affinity_test
3kr8,test,binding_affinity_test
3l1s,test,binding_affinity_test
3l3l,test,binding_affinity_test
3l3m,test,binding_affinity_test
3l3n,test,crossdocked2020_test_receptor
3l8x,val,binding_affinity_val
3lbk,val,binding_affinity_val
3lbl,test,binding_affinity_test
3ldp,val,binding_affinity_val
3ldq,test,binding_affinity_test
3le8,test,binding_affinity_test
3lhj,test,binding_affinity_test
3li4,test,crossdocked2020_test_receptor
3liw,test,binding_affinity_test
3ljj,test,binding_affinity_test
3ljo,test,binding_affinity_test
3lnj,val,binding_affinity_val
3lpi,val,binding_affinity_val
3lpk,val,binding_affinity_val
3lxk,val,binding_affinity_val
3m35,test,binding_affinity_test
3m36,test,binding_affinity_test
3m37,test,binding_affinity_test
3m53,val,binding_affinity_val
3m54,val,binding_affinity_val
3m55,val,binding_affinity_val
3m56,val,binding_affinity_val
3m57,val,binding_affinity_val
3m58,val,binding_affinity_val
3m59,val,binding_affinity_val
3miy,test,binding_affinity_test
3mj1,test,binding_affinity_test
3ms9,test,binding_affinity_test
3mss,test,binding_affinity_test
3myg,test,binding_affinity_test
3n0h,test,binding_affinity_test
3n0t,test,crossdocked2020_test_ligand_source
3n1c,test,binding_affinity_test
3n3g,val,binding_affinity_val
3n5v,test,crossdocked2020_test_ligand_source
3n5z,test,crossdocked2020_test_ligand_source
3nee,val,binding_affinity_val
3neo,val,binding_affinity_val
3nes,val,binding_affinity_val
3new,val,binding_affinity_val
3nex,test,binding_affinity_test
3nfb,test,crossdocked2020_test_ligand_source;crossdocked2020_test_receptor
3nga,test,binding_affinity_test
3nk8,test,binding_affinity_test
3nkk,test,binding_affinity_test
3nmq,test,binding_affinity_test
3npc,val,binding_affinity_val
3nsn,test,binding_affinity_test
3nyn,test,binding_affinity_test
3nyx,val,binding_affinity_val
3o0g,val,binding_affinity_val
3o2m,test,binding_affinity_test
3o8p,val,binding_affinity_val
3o96,test,crossdocked2020_test_ligand_source;crossdocked2020_test_receptor
3oaf,test,binding_affinity_test
3oap,test,binding_affinity_test
3odi,val,binding_affinity_val
3odl,val,binding_affinity_val
3ozj,test,binding_affinity_test
3ozp,test,binding_affinity_test
3p17,test,binding_affinity_test
3p2e,val,binding_affinity_val
3p2k,val,binding_affinity_val
3pb3,val,binding_affinity_val
3pd2,test,binding_affinity_test
3pd3,test,binding_affinity_test
3pd4,test,binding_affinity_test
3pd8,val,binding_affinity_val
3pd9,val,binding_affinity_val
3pdh,test,crossdocked2020_test_receptor
3pe1,test,binding_affinity_test
3pe2,val,binding_affinity_val
3pnm,test,crossdocked2020_test_receptor
3pnq,test,crossdocked2020_test_ligand_source
3po1,test,binding_affinity_test
3pqz,test,binding_affinity_test
3pwd,val,binding_affinity_val
3pxq,test,binding_affinity_test
3pyy,test,binding_affinity_test
3q2j,val,binding_affinity_val
3q2m,val,binding_affinity_val
3q6w,val,binding_affinity_val
3qdd,test,binding_affinity_test
3qel,val,binding_affinity_val
3qem,test,binding_affinity_test
3qfy,test,binding_affinity_test
3qfz,test,binding_affinity_test
3qgw,test,binding_affinity_test
3qgy,test,binding_affinity_test
3qox,val,binding_affinity_val
3qqs,val,binding_affinity_val
3qs8,val,binding_affinity_val
3qto,test,binding_affinity_test
3qtv,test,binding_affinity_test
3que,test,binding_affinity_test
3qwc,test,binding_affinity_test
3qx5,test,binding_affinity_test
3qxm,val,binding_affinity_val
3qxt,val,binding_affinity_val
3qxv,val,binding_affinity_val
3r4m,test,binding_affinity_test
3r4n,test,binding_affinity_test
3r4o,test,binding_affinity_test
3r4p,test,binding_affinity_test
3r5m,test,binding_affinity_test
3r6c,val,binding_affinity_val
3r7o,val,binding_affinity_val
3r88,val,binding_affinity_val
3rdd,test,crossdocked2020_test_ligand_source
3ri1,val,binding_affinity_val
3rlp,test,binding_affinity_test
3rlq,test,binding_affinity_test
3rlr,test,binding_affinity_test
3rm9,val,binding_affinity_val
3roc,test,binding_affinity_test
3rsx,test,binding_affinity_test
3rth,test,binding_affinity_test
3rtm,test,binding_affinity_test
3rwp,test,binding_affinity_test
3rwq,test,binding_affinity_test
3s2v,val,binding_affinity_val
3s3v,test,binding_affinity_test
3s6t,test,binding_affinity_test
3s74,test,binding_affinity_test
3sh1,val,binding_affinity_val
3sha,test,binding_affinity_test
3shc,test,binding_affinity_test
3si3,test,binding_affinity_test
3si4,test,binding_affinity_test
3sio,val,binding_affinity_val
3sr4,val,binding_affinity_val
3sur,test,binding_affinity_test
3sus,test,binding_affinity_test
3sut,test,binding_affinity_test
3suu,test,binding_affinity_test
3suv,test,binding_affinity_test
3suw,test,binding_affinity_test
3sv2,test,binding_affinity_test
3sw2,val,binding_affinity_val
3sx9,val,binding_affinity_val
3sxf,val,binding_affinity_val
3t3u,val,binding_affinity_val
3t3v,val,binding_affinity_val
3tao,val,binding_affinity_val
3tdh,test,binding_affinity_test
3tdj,val,binding_affinity_val
3te5,test,binding_affinity_test
3tle,test,crossdocked2020_test_ligand_source
3tpx,val,binding_affinity_val
3tu1,test,binding_affinity_test
3tu7,test,binding_affinity_test
3twp,val,binding_affinity_val
3tym,test,crossdocked2020_test_receptor
3tza,val,binding_affinity_val
3tzm,test,binding_affinity_test
3u4i,test,crossdocked2020_test_ligand_source
3u51,val,binding_affinity_val
3u57,test,crossdocked2020_test_ligand_source
3u5y,test,crossdocked2020_test_receptor
3u6h,val,binding_affinity_val
3u6i,val,binding_affinity_val
3u81,val,binding_affinity_val
3u8j,test,binding_affinity_test
3u8k,test,binding_affinity_test
3u8l,test,binding_affinity_test
3u92,val,binding_affinity_val
3u9c,val,binding_affinity_val
3u9f,test,crossdocked2020_test_ligand_source;crossdocked2020_test_receptor
3u9n,test,binding_affinity_test
3ubd,val,binding_affinity_val
3udd,val,binding_affinity_val
3udh,test,binding_affinity_test
3ug2,test,binding_affinity_test
3uj9,val,binding_affinity_val
3ujb,val,binding_affinity_val
3ujc,val,binding_affinity_val
3ujd,val,binding_affinity_val
3unz,test,binding_affinity_test
3uo4,test,binding_affinity_test
3uo5,test,binding_affinity_test
3uo6,test,binding_affinity_test
3uod,test,binding_affinity_test
3uoj,test,binding_affinity_test
3up2,test,binding_affinity_test
3upx,val,binding_affinity_val
3upz,val,binding_affinity_val
3uqf,val,binding_affinity_val
3uqg,val,binding_affinity_val
3uu1,val,binding_affinity_val
3uvk,test,binding_affinity_test
3uvq,val,binding_affinity_val
3uvw,test,binding_affinity_test
3uvx,test,binding_affinity_test
3v3b,test,binding_affinity_test
3v4t,test,crossdocked2020_test_receptor
3v51,val,binding_affinity_val
3v5p,val,binding_affinity_val
3v5t,val,binding_affinity_val
3vha,test,binding_affinity_test
3vhc,test,binding_affinity_test
3vhd,test,binding_affinity_test
3vhk,val,binding_affinity_val
3vtr,test,binding_affinity_test
3w83,test,crossdocked2020_test_receptor
3wb4,test,binding_affinity_test
3wb5,test,binding_affinity_test
3wha,test,binding_affinity_test
3wth,test,binding_affinity_test
3wti,test,binding_affinity_test
3wtj,test,binding_affinity_test
3wtl,test,binding_affinity_test
3wtm,test,binding_affinity_test
3wtn,test,binding_affinity_test
3wto,test,binding_affinity_test
3x1k,test,binding_affinity_test
3zbx,val,binding_affinity_val
3zc5,val,binding_affinity_val
3zcl,val,binding_affinity_val
3zdg,test,binding_affinity_test
3zdh,test,binding_affinity_test
3zh8,test,binding_affinity_test
3zmm,test,binding_affinity_test
3zmu,test,binding_affinity_test
3zmv,test,binding_affinity_test
3zos,test,binding_affinity_test
3zxz,val,binding_affinity_val
3zze,val,binding_affinity_val
4a6l,test,binding_affinity_test
4a7i,val,binding_affinity_val
4a7j,test,binding_affinity_test
4aaw,test,crossdocked2020_test_receptor
4ab8,test,binding_affinity_test
4ab9,test,binding_affinity_test
4aba,test,binding_affinity_test
4abb,test,binding_affinity_test
4abd,test,binding_affinity_test
4abe,test,binding_affinity_test
4abg,test,binding_affinity_test
4abh,test,binding_affinity_test
4abj,test,binding_affinity_test
4ac3,test,crossdocked2020_test_ligand_source
4acc,val,binding_affinity_val
4acd,val,binding_affinity_val
4acg,val,binding_affinity_val
4ach,val,binding_affinity_val
4acm,test,binding_affinity_test
4afg,test,binding_affinity_test
4afh,val,binding_affinity_val
4aft,test,binding_affinity_test
4ag8,val,binding_affinity_val
4agc,val,binding_affinity_val
4agd,val,binding_affinity_val
4aj1,test,binding_affinity_test
4aj2,test,binding_affinity_test
4aj4,test,binding_affinity_test
4aji,test,binding_affinity_test
4ajk,test,binding_affinity_test
4ajl,test,binding_affinity_test
4ajn,test,binding_affinity_test
4ajo,test,binding_affinity_test
4al4,test,binding_affinity_test
4alx,test,binding_affinity_test
4aoi,val,binding_affinity_val
4ap7,val,binding_affinity_val
4as9,val,binding_affinity_val
4asd,val,binding_affinity_val
4ase,val,binding_affinity_val
4aua,test,crossdocked2020_test_ligand_source;crossdocked2020_test_receptor
4axd,test,binding_affinity_test
4az2,test,binding_affinity_test
4az5,test,binding_affinity_test
4az6,test,binding_affinity_test
4azb,test,binding_affinity_test
4aze,test,binding_affinity_test
4azf,test,binding_affinity_test;crossdocked2020_test_receptor
4azg,test,binding_affinity_test
4azi,test,binding_affinity_test
4b05,test,binding_affinity_test
4b2i,test,binding_affinity_test
4b2l,test,binding_affinity_test
4b32,test,binding_affinity_test
4b33,test,binding_affinity_test
4b34,test,binding_affinity_test
4b35,test,binding_affinity_test
4b3c,test,binding_affinity_test
4b3d,test,binding_affinity_test
4b5d,test,binding_affinity_test
4b7p,test,binding_affinity_test
4bcf,val,binding_affinity_val
4bcg,val,binding_affinity_val
4bch,val,binding_affinity_val
4bci,val,binding_affinity_val
4bcj,val,binding_affinity_val
4bck,val,binding_affinity_val
4bcm,val,binding_affinity_val
4bcn,val,binding_affinity_val
4bco,val,binding_affinity_val
4bcq,val,binding_affinity_val
4bel,test,crossdocked2020_test_receptor
4bi6,test,binding_affinity_test
4bkj,test,binding_affinity_test
4bny,test,binding_affinity_test
4bqg,test,binding_affinity_test
4bqt,test,binding_affinity_test
4btk,test,binding_affinity_test
4buz,test,crossdocked2020_test_ligand_source
4c2v,val,binding_affinity_val
4c9w,test,binding_affinity_test
4c9x,test,binding_affinity_test
4cd0,val,binding_affinity_val
4ce1,val,binding_affinity_val
4ce2,val,binding_affinity_val
4ce3,val,binding_affinity_val
4ch2,test,binding_affinity_test
4ch8,test,binding_affinity_test
4cki,test,binding_affinity_test
4ckj,test,binding_affinity_test
4clj,val,binding_affinity_val
4cmo,val,binding_affinity_val
4cmt,val,binding_affinity_val
4cmu,val,binding_affinity_val
4cnh,val,binding_affinity_val
4cp5,val,binding_affinity_val
4cwn,test,binding_affinity_test
4cwo,test,binding_affinity_test
4cwp,test,binding_affinity_test
4cwq,test,binding_affinity_test
4cwr,test,binding_affinity_test
4cws,test,binding_affinity_test
4cwt,test,binding_affinity_test
4cwv,test,crossdocked2020_test_ligand_source
4d3h,val,binding_affinity_val
4d7b,test,binding_affinity_test
4d7o,test,crossdocked2020_test_receptor
4d8z,test,binding_affinity_test
4daf,test,binding_affinity_test
4dai,test,binding_affinity_test
4db7,test,binding_affinity_test
4dbm,test,binding_affinity_test
4ddh,test,binding_affinity_test
4ddk,test,binding_affinity_test
4ddm,test,binding_affinity_test
4de5,test,binding_affinity_test
4des,val,binding_affinity_val
4det,val,binding_affinity_val
4deu,val,binding_affinity_val
4dfu,test,binding_affinity_test
4dju,test,binding_affinity_test
4djv,test,binding_affinity_test
4djw,test,binding_affinity_test
4djx,test,binding_affinity_test
4djy,test,binding_affinity_test
4dld,val,binding_affinity_val
4dlj,test,binding_affinity_test
4dn0,test,binding_affinity_test
4duh,test,binding_affinity_test
4e0w,val,binding_affinity_val
4e0x,test,binding_affinity_test
4e4l,val,binding_affinity_val
4e4n,val,binding_affinity_val
4e5w,test,binding_affinity_test
4e6d,test,binding_affinity_test
4e6q,test,binding_affinity_test
4e7f,test,crossdocked2020_test_ligand_source
4ef4,test,binding_affinity_test
4ef6,test,binding_affinity_test
4efk,test,binding_affinity_test
4ehz,val,binding_affinity_val
4ei4,val,binding_affinity_val
4ek9,val,binding_affinity_val
4ekg,val,binding_affinity_val
4eki,val,binding_affinity_val
4elb,test,binding_affinity_test
4ele,test,binding_affinity_test
4elf,test,binding_affinity_test
4elg,test,binding_affinity_test
4elh,test,binding_affinity_test
4eoi,val,binding_affinity_val
4eok,val,binding_affinity_val
4eol,val,binding_affinity_val
4eon,val,binding_affinity_val
4eop,val,binding_affinity_val
4eor,val,binding_affinity_val
4eos,val,binding_affinity_val
4erf,test,binding_affinity_test
4etz,test,binding_affinity_test
4eu0,test,binding_affinity_test
4euv,test,binding_affinity_test
4f08,test,binding_affinity_test
4f09,test,binding_affinity_test
4f1m,test,crossdocked2020_test_ligand_source;crossdocked2020_test_receptor
4f5y,test,binding_affinity_test
4f9g,test,binding_affinity_test
4f9w,test,binding_affinity_test
4f9y,test,binding_affinity_test
4fak,val,binding_affinity_val
4fcq,test,binding_affinity_test
4fcr,test,binding_affinity_test
4fev,test,binding_affinity_test
4few,test,binding_affinity_test
4fk6,val,binding_affinity_val
4flp,val,binding_affinity_val
4fm7,test,binding_affinity_test
4fm8,test,binding_affinity_test
4fmq,test,binding_affinity_test
4frs,test,binding_affinity_test
4fs4,val,binding_affinity_val
4fse,test,binding_affinity_test
4fsl,test,binding_affinity_test
4fzj,test,binding_affinity_test
4g3d,test,crossdocked2020_test_receptor
4g5f,test,binding_affinity_test
4g8m,test,binding_affinity_test
4g8n,val,binding_affinity_val
4g95,test,binding_affinity_test
4gee,val,binding_affinity_val
4gfm,test,binding_affinity_test
4gfn,val,binding_affinity_val
4gfo,val,binding_affinity_val
4gg7,val,binding_affinity_val
4ggl,val,binding_affinity_val
4gid,test,binding_affinity_test
4gih,test,binding_affinity_test
4gii,val,binding_affinity_val
4giu,val,binding_affinity_val
4gj2,val,binding_affinity_val
4gj3,val,binding_affinity_val
4gkh,test,binding_affinity_test
4gki,test,binding_affinity_test
4gkm,val,binding_affinity_val
4glr,val,binding_affinity_val
4gm3,test,binding_affinity_test
4gm8,test,binding_affinity_test
4gmy,test,binding_affinity_test
4gq0,test,crossdocked2020_test_ligand_source
4gqp,val,binding_affinity_val
4gu9,val,binding_affinity_val
4gue,val,binding_affinity_val
4gvd,test,crossdocked2020_test_receptor
4gzp,test,binding_affinity_test
4gzt,test,binding_affinity_test
4h1e,test,binding_affinity_test
4h3c,test,crossdocked2020_test_receptor
4h3f,test,binding_affinity_test
4h3g,test,binding_affinity_test
4h3i,test,binding_affinity_test
4h3j,test,binding_affinity_test
4h3q,test,binding_affinity_test
4ha5,test,binding_affinity_test
4hbm,val,binding_affinity_val
4hfp,test,binding_affinity_test
4hgc,test,binding_affinity_test
4hge,test,binding_affinity_test
4hra,val,binding_affinity_val
4hwb,val,binding_affinity_val
4hxw,val,binding_affinity_val
4hxz,val,binding_affinity_val
4hy1,val,binding_affinity_val
4hym,val,binding_affinity_val
4hz5,val,binding_affinity_val
4hzm,val,binding_affinity_val
4i5c,val,binding_affinity_val
4i5h,test,binding_affinity_test
4i8x,test,binding_affinity_test
4i9h,test,binding_affinity_test
4i9u,test,binding_affinity_test
4idv,test,crossdocked2020_test_ligand_source
4igr,val,binding_affinity_val
4igt,test,binding_affinity_test
4iiy,test,crossdocked2020_test_receptor
4ij1,val,binding_affinity_val
4io8,val,binding_affinity_val
4iq6,test,binding_affinity_test
4isu,val,binding_affinity_val
4iue,test,binding_affinity_test
4iva,test,binding_affinity_test
4ivb,val,binding_affinity_val
4ivc,val,binding_affinity_val
4ivd,val,binding_affinity_val
4iwq,test,crossdocked2020_test_receptor
4j21,test,binding_affinity_test
4j22,test,binding_affinity_test
4j24,val,binding_affinity_val
4j26,val,binding_affinity_val
4j3l,test,binding_affinity_test
4j74,val,binding_affinity_val
4j7d,val,binding_affinity_val
4j7e,val,binding_affinity_val
4j7i,val,binding_affinity_val
4j8t,val,binding_affinity_val
4j93,test,binding_affinity_test
4j9a,val,binding_affinity_val
4ja8,test,crossdocked2020_test_ligand_source;crossdocked2020_test_receptor
4jal,val,binding_affinity_val
4jfi,test,binding_affinity_test
4jfj,test,binding_affinity_test
4jfk,test,binding_affinity_test
4jfm,test,binding_affinity_test
4jfx,val,binding_affinity_val
4jfz,val,binding_affinity_val
4jg0,val,binding_affinity_val
4jg1,val,binding_affinity_val
4jia,test,binding_affinity_test
4jjm,val,binding_affinity_val
4jlc,test,crossdocked2020_test_ligand_source
4jmv,test,crossdocked2020_test_ligand_source
4jn2,val,binding_affinity_val
4jsz,test,binding_affinity_test
4jt9,test,crossdocked2020_test_ligand_source
4k0y,test,binding_affinity_test
4k18,test,binding_affinity_test
4k1b,test,binding_affinity_test
4k4j,test,binding_affinity_test
4k6i,test,binding_affinity_test
4k6z,val,binding_affinity_val
4k77,val,binding_affinity_val
4k9y,val,binding_affinity_val
4kab,val,binding_affinity_val
4kao,val,binding_affinity_val
4kby,test,binding_affinity_test
4kcq,test,crossdocked2020_test_receptor
4ket,test,crossdocked2020_test_ligand_source
4keu,test,crossdocked2020_test_receptor
4km0,test,binding_affinity_test
4km2,test,binding_affinity_test
4kne,test,binding_affinity_test
4ksp,val,binding_affinity_val
4ksy,test,binding_affinity_test
4kzq,test,binding_affinity_test
4lar,val,binding_affinity_val
4lfu,test,crossdocked2020_test_receptor
4lj5,val,binding_affinity_val
4lj8,val,binding_affinity_val
4loh,test,binding_affinity_test
4loi,val,binding_affinity_val
4loj,val,binding_affinity_val
4loo,test,binding_affinity_test
4lop,test,binding_affinity_test
4loq,test,binding_affinity_test
4loy,val,binding_affinity_val
4m0r,val,binding_affinity_val
4m0y,test,binding_affinity_test
4m12,test,binding_affinity_test
4m13,test,binding_affinity_test
4m14,test,binding_affinity_test
4m7t,test,crossdocked2020_test_ligand_source;crossdocked2020_test_receptor
4m8e,test,binding_affinity_test
4m8h,test,binding_affinity_test
4mdn,test,binding_affinity_test
4mdq,test,binding_affinity_test
4mf0,val,binding_affinity_val
4mf1,val,binding_affinity_val
4mg5,val,binding_affinity_val
4mg6,val,binding_affinity_val
4mg7,val,binding_affinity_val
4mg8,val,binding_affinity_val
4mg9,val,binding_affinity_val
4mga,val,binding_affinity_val
4mgb,val,binding_affinity_val
4mgc,val,binding_affinity_val
4mgd,val,binding_affinity_val
4mq6,test,binding_affinity_test
4mr3,test,binding_affinity_test
4mr4,test,binding_affinity_test
4mr5,val,binding_affinity_val
4mr6,val,binding_affinity_val
4mue,test,binding_affinity_test
4muf,test,binding_affinity_test
4mul,test,binding_affinity_test
4n07,test,binding_affinity_test
4n3w,val,binding_affinity_val
4n4s,test,binding_affinity_test
4n6y,test,binding_affinity_test
4n6z,test,binding_affinity_test
4n70,test,binding_affinity_test
4n8q,val,binding_affinity_val
4nct,test,binding_affinity_test
4nh7,test,binding_affinity_test
4nh8,test,binding_affinity_test
4nj3,test,binding_affinity_test
4nj9,val,binding_affinity_val
4nja,val,binding_affinity_val
4nk9,val,binding_affinity_val
4nka,val,binding_affinity_val
4nks,val,binding_affinity_val
4nl1,test,binding_affinity_test
4nmo,test,binding_affinity_test
4nmp,test,binding_affinity_test
4nmq,test,binding_affinity_test
4nms,test,binding_affinity_test
4nmt,test,binding_affinity_test
4nuc,test,binding_affinity_test
4nud,test,binding_affinity_test
4nue,test,binding_affinity_test
4nwc,test,binding_affinity_test
4nwd,val,binding_affinity_val
4nxr,test,crossdocked2020_test_ligand_source
4nxu,test,binding_affinity_test
4nxv,test,binding_affinity_test
4nzb,test,binding_affinity_test
4o04,test,binding_affinity_test
4o05,test,binding_affinity_test
4o07,test,binding_affinity_test
4o09,test,binding_affinity_test
4o0b,test,binding_affinity_test
4o2p,val,binding_affinity_val
4o3f,test,binding_affinity_test
4o4y,val,binding_affinity_val
4oag,test,binding_affinity_test
4oaz,test,binding_affinity_test
4ocq,test,binding_affinity_test
4ocx,val,binding_affinity_val
4ogi,test,binding_affinity_test
4ogj,test,binding_affinity_test
4os1,test,binding_affinity_test
4os2,test,binding_affinity_test
4os4,test,binding_affinity_test
4os6,test,binding_affinity_test
4os7,test,binding_affinity_test
4owm,val,binding_affinity_val
4owo,val,binding_affinity_val
4p58,val,binding_affinity_val
4p5z,val,binding_affinity_val
4p6p,test,crossdocked2020_test_receptor
4p6w,val,binding_affinity_val
4p6x,val,binding_affinity_val
4p77,test,crossdocked2020_test_ligand_source
4pmm,val,binding_affinity_val
4pmp,val,binding_affinity_val
4pms,val,binding_affinity_val
4poh,test,binding_affinity_test
4poj,test,binding_affinity_test
4pp3,test,binding_affinity_test
4pp5,test,binding_affinity_test
4pp9,test,binding_affinity_test
4ppa,test,binding_affinity_test
4ppb,test,binding_affinity_test
4ppc,test,binding_affinity_test
4pqn,test,binding_affinity_test
4prj,test,binding_affinity_test
4pvv,val,binding_affinity_val
4pxm,val,binding_affinity_val
4pxz,test,crossdocked2020_test_ligand_source;crossdocked2020_test_receptor
4q18,test,binding_affinity_test
4q19,test,binding_affinity_test
4q1a,test,binding_affinity_test
4q1b,test,binding_affinity_test
4q1c,test,binding_affinity_test
4q1d,test,binding_affinity_test
4q1e,val,binding_affinity_val
4q1f,val,binding_affinity_val
4q8b,test,crossdocked2020_test_ligand_source;crossdocked2020_test_receptor
4qaa,test,binding_affinity_test
4qab,test,binding_affinity_test
4qac,test,binding_affinity_test
4qb3,test,binding_affinity_test
4qd6,test,binding_affinity_test
4qdk,val,binding_affinity_val
4qem,test,binding_affinity_test
4qer,test,binding_affinity_test;crossdocked2020_test_ligand_source
4qew,val,binding_affinity_val
4qf9,val,binding_affinity_val
4ql1,test,binding_affinity_test
4qlk,test,crossdocked2020_test_ligand_source;crossdocked2020_test_receptor
4qnb,val,binding_affinity_val
4qp1,test,binding_affinity_test
4qp2,test,binding_affinity_test
4qp6,test,binding_affinity_test
4qta,test,binding_affinity_test
4qtb,val,binding_affinity_val
4qxo,test,binding_affinity_test
4qxq,test,binding_affinity_test
4qxr,test,binding_affinity_test
4qy3,test,binding_affinity_test
4qyy,test,binding_affinity_test
4qzs,test,binding_affinity_test
4r3c,val,binding_affinity_val
4r6w,val,binding_affinity_val
4r6x,val,binding_affinity_val
4r73,test,binding_affinity_test
4r74,test,binding_affinity_test
4r75,test,binding_affinity_test
4r8y,test,binding_affinity_test
4r91,test,binding_affinity_test
4r92,test,binding_affinity_test
4r93,test,binding_affinity_test
4r95,test,binding_affinity_test
4rak,test,binding_affinity_test
4rcg,val,binding_affinity_val
4rfm,test,binding_affinity_test
4rj4,test,binding_affinity_test
4rj5,test,binding_affinity_test
4rj7,test,binding_affinity_test
4rj8,test,binding_affinity_test
4rkx,test,binding_affinity_test
4rlu,test,crossdocked2020_test_ligand_source;crossdocked2020_test_receptor
4rme,test,binding_affinity_test
4rn0,test,crossdocked2020_test_receptor
4rn1,test,crossdocked2020_test_ligand_source
4rn6,test,binding_affinity_test
4rqk,test,binding_affinity_test
4rqv,test,binding_affinity_test
4rr6,test,binding_affinity_test
4rra,test,binding_affinity_test
4rrf,val,binding_affinity_val
4rrg,test,binding_affinity_test
4rrq,test,binding_affinity_test
4rrr,test,binding_affinity_test
4rrv,test,binding_affinity_test
4rt0,test,binding_affinity_test
4rt1,test,binding_affinity_test
4rv4,test,crossdocked2020_test_ligand_source;crossdocked2020_test_receptor
4rwj,val,binding_affinity_val
4rwl,val,binding_affinity_val
4rww,val,binding_affinity_val
4tmk,val,binding_affinity_val
4tos,test,crossdocked2020_test_ligand_source;crossdocked2020_test_receptor
4tqn,test,binding_affinity_test
4tqr,test,crossdocked2020_test_receptor
4tw6,test,binding_affinity_test
4tw7,test,binding_affinity_test
4twp,test,binding_affinity_test
4txc,test,binding_affinity_test
4ty1,test,binding_affinity_test
4u0e,val,binding_affinity_val
4u0f,val,binding_affinity_val
4u4x,val,binding_affinity_val
4u54,test,crossdocked2020_test_ligand_source
4u5s,test,crossdocked2020_test_receptor
4u7o,test,binding_affinity_test
4ue1,test,binding_affinity_test
4uil,val,binding_affinity_val
4uin,val,binding_affinity_val
4uj1,test,binding_affinity_test
4uj9,test,binding_affinity_test
4ujb,test,binding_affinity_test
4um1,test,binding_affinity_test
4und,test,binding_affinity_test
4unp,val,binding_affinity_val
4utn,val,binding_affinity_val
4utr,val,binding_affinity_val
4utv,val,binding_affinity_val
4utx,val,binding_affinity_val
4uu7,val,binding_affinity_val
4uu8,val,binding_affinity_val
4uua,val,binding_affinity_val
4uub,val,binding_affinity_val
4ux9,test,binding_affinity_test
4uxl,val,binding_affinity_val
4uxq,val,binding_affinity_val
4uyf,val,binding_affinity_val
4uyg,val,binding_affinity_val
4v01,val,binding_affinity_val
4v05,val,binding_affinity_val
4w9o,test,binding_affinity_test
4w9p,test,binding_affinity_test
4w9w,test,binding_affinity_test
4w9x,test,binding_affinity_test
4wa9,test,binding_affinity_test
4wcf,val,binding_affinity_val
4wiv,test,binding_affinity_test
4wk1,val,binding_affinity_val
4wt2,val,binding_affinity_val
4wvl,val,binding_affinity_val
4x0z,test,binding_affinity_test
4x14,test,binding_affinity_test
4x1n,test,binding_affinity_test
4x1p,test,binding_affinity_test
4x1r,test,binding_affinity_test
4x1s,test,binding_affinity_test
4x48,val,binding_affinity_val
4x6h,test,binding_affinity_test
4x6s,val,binding_affinity_val
4xbo,val,binding_affinity_val
4xhe,val,binding_affinity_val
4xip,test,binding_affinity_test
4xiq,test,binding_affinity_test
4xir,test,binding_affinity_test
4xit,test,binding_affinity_test
4xj0,test,binding_affinity_test
4xk9,test,binding_affinity_test
4xli,test,crossdocked2020_test_ligand_source;crossdocked2020_test_receptor
4xqa,test,binding_affinity_test
4xqb,test,binding_affinity_test
4xrq,val,binding_affinity_val
4xx9,test,binding_affinity_test
4y13,test,crossdocked2020_test_ligand_source
4y79,test,binding_affinity_test
4y8d,val,binding_affinity_val
4yb6,test,binding_affinity_test
4ybj,val,binding_affinity_val
4ybk,val,binding_affinity_val
4yc8,test,binding_affinity_test
4ydn,val,binding_affinity_val
4yes,test,binding_affinity_test
4yhj,test,crossdocked2020_test_ligand_source;crossdocked2020_test_receptor
4yhm,val,binding_affinity_val
4yho,val,binding_affinity_val
4yk0,test,binding_affinity_test
4ykk,test,binding_affinity_test
4ymg,val,binding_affinity_val
4ymh,val,binding_affinity_val
4yp1,val,binding_affinity_val
4ytc,test,binding_affinity_test
4ytf,test,binding_affinity_test
4yth,test,binding_affinity_test
4yvc,test,binding_affinity_test
4yve,test,binding_affinity_test
4yxo,test,binding_affinity_test
4yxu,test,binding_affinity_test
4z2g,test,crossdocked2020_test_ligand_source;crossdocked2020_test_receptor
4z6h,val,binding_affinity_val
4z6i,val,binding_affinity_val
4z84,test,binding_affinity_test
4z93,test,binding_affinity_test
4zfa,test,crossdocked2020_test_receptor
4zfi,test,binding_affinity_test
4zgk,test,binding_affinity_test
4zhm,test,binding_affinity_test
4zki,test,binding_affinity_test
4zme,test,binding_affinity_test
4zmf,test,binding_affinity_test
4zsh,test,binding_affinity_test
4ztf,test,crossdocked2020_test_ligand_source
4ztr,test,binding_affinity_test
4zzx,test,binding_affinity_test
4zzy,test,binding_affinity_test
4zzz,val,binding_affinity_val
5a00,test,binding_affinity_test
5a0e,test,binding_affinity_test
5a14,test,binding_affinity_test
5a2k,val,binding_affinity_val
5a46,val,binding_affinity_val
5a4c,test,binding_affinity_test
5a69,val,binding_affinity_val
5a6a,test,binding_affinity_test
5a6b,test,binding_affinity_test
5a6i,test,binding_affinity_test
5a6k,test,binding_affinity_test
5a7b,test,binding_affinity_test
5a7y,val,binding_affinity_val
5a9u,val,binding_affinity_val
5aa8,val,binding_affinity_val
5aa9,val,binding_affinity_val
5aab,val,binding_affinity_val
5abe,test,binding_affinity_test
5abf,test,binding_affinity_test
5abg,test,binding_affinity_test
5abh,test,binding_affinity_test
5acy,test,binding_affinity_test
5aeh,test,crossdocked2020_test_ligand_source;crossdocked2020_test_receptor
5alb,val,binding_affinity_val
5alc,val,binding_affinity_val
5am6,val,binding_affinity_val
5am7,val,binding_affinity_val
5ant,test,binding_affinity_test
5anu,test,binding_affinity_test
5anv,test,binding_affinity_test
5anw,test,binding_affinity_test
5aok,test,binding_affinity_test
5aom,test,binding_affinity_test
5aqf,test,binding_affinity_test
5aqg,test,binding_affinity_test
5aqj,test,binding_affinity_test
5aqk,test,binding_affinity_test
5aqn,test,binding_affinity_test
5aqo,test,binding_affinity_test
5aqp,test,binding_affinity_test
5aqq,test,binding_affinity_test
5aqr,test,binding_affinity_test
5aqt,test,binding_affinity_test
5aqu,test,binding_affinity_test
5aqv,test,binding_affinity_test
5aqz,val,binding_affinity_val
5ar0,val,binding_affinity_val
5aut,test,binding_affinity_test
5avi,val,binding_affinity_val
5ayf,val,binding_affinity_val
5ayt,test,binding_affinity_test
5b08,test,crossdocked2020_test_receptor
5b09,test,crossdocked2020_test_ligand_source
5bml,test,binding_affinity_test
5boj,test,binding_affinity_test
5bur,test,crossdocked2020_test_receptor
5bw4,val,binding_affinity_val
5c4k,test,binding_affinity_test
5c4l,test,binding_affinity_test
5c8k,test,binding_affinity_test
5c8m,test,binding_affinity_test
5c8n,test,binding_affinity_test
5cal,test,binding_affinity_test
5can,test,binding_affinity_test
5cao,test,binding_affinity_test
5cap,test,binding_affinity_test
5caq,test,binding_affinity_test
5cas,test,binding_affinity_test
5cau,test,binding_affinity_test
5cav,val,binding_affinity_val
5cbr,test,binding_affinity_test
5cbs,val,binding_affinity_val
5cp9,val,binding_affinity_val
5cpr,val,binding_affinity_val
5cqj,test,crossdocked2020_test_ligand_source
5cs3,val,binding_affinity_val
5cs6,val,binding_affinity_val
5csp,val,binding_affinity_val
5csw,test,binding_affinity_test
5csx,test,binding_affinity_test
5ct2,val,binding_affinity_val
5cu2,val,binding_affinity_val
5cu4,val,binding_affinity_val
5d24,test,binding_affinity_test
5d25,test,binding_affinity_test
5d26,test,binding_affinity_test
5d3h,test,binding_affinity_test
5d3j,test,binding_affinity_test
5d3l,test,binding_affinity_test
5d3n,test,binding_affinity_test
5d3p,test,binding_affinity_test
5d3s,test,binding_affinity_test
5d3t,test,binding_affinity_test
5d7n,test,crossdocked2020_test_receptor
5dex,test,binding_affinity_test
5dgz,test,binding_affinity_test
5dhj,test,binding_affinity_test
5dia,test,binding_affinity_test
5dit,test,binding_affinity_test
5diu,test,binding_affinity_test
5div,test,binding_affinity_test
5dlx,test,binding_affinity_test
5dlz,test,binding_affinity_test
5dqc,test,binding_affinity_test
5dtm,val,binding_affinity_val
5dwr,test,binding_affinity_test
5dx3,val,binding_affinity_val
5dxb,val,binding_affinity_val
5dyo,val,binding_affinity_val
5e1s,val,binding_affinity_val
5e2v,val,binding_affinity_val
5e2w,val,binding_affinity_val
5edq,test,binding_affinity_test
5edr,test,binding_affinity_test
5eeq,val,binding_affinity_val
5eg4,test,binding_affinity_test
5egu,test,binding_affinity_test
5eis,test,binding_affinity_test
5ejl,test,binding_affinity_test
5ek9,val,binding_affinity_val
5ekn,val,binding_affinity_val
5elv,test,binding_affinity_test
5em5,test,binding_affinity_test
5em6,test,binding_affinity_test
5em7,test,binding_affinity_test
5en3,val,binding_affinity_val
5eng,test,binding_affinity_test
5eom,test,binding_affinity_test
5ep7,test,binding_affinity_test
5erg,val,binding_affinity_val
5eu1,val,binding_affinity_val
5euk,val,binding_affinity_val
5ew9,test,binding_affinity_test
5ewk,test,binding_affinity_test
5ewy,test,binding_affinity_test
5exw,val,binding_affinity_val
5ey4,val,binding_affinity_val
5f1h,val,binding_affinity_val
5f1x,val,binding_affinity_val
5f25,val,binding_affinity_val
5f2k,val,binding_affinity_val
5f2p,val,binding_affinity_val
5f5z,test,binding_affinity_test
5f60,test,binding_affinity_test
5f61,test,binding_affinity_test
5f62,test,binding_affinity_test
5f63,test,binding_affinity_test
5fcz,test,binding_affinity_test
5fhm,val,binding_affinity_val
5fhn,test,binding_affinity_test
5fho,val,binding_affinity_val
5fky,test,binding_affinity_test
5fl0,test,binding_affinity_test
5fl1,test,binding_affinity_test
5fnc,test,binding_affinity_test
5fnd,test,binding_affinity_test
5fnf,test,binding_affinity_test
5fot,test,binding_affinity_test
5fsl,test,binding_affinity_test
5fsm,test,binding_affinity_test
5fsn,test,binding_affinity_test
5fso,test,binding_affinity_test
5fto,val,binding_affinity_val
5h5f,val,binding_affinity_val
5h85,test,binding_affinity_test
5h8b,val,binding_affinity_val
5h8e,val,binding_affinity_val
5h8g,val,binding_affinity_val
5hcv,val,binding_affinity_val
5hcx,test,binding_affinity_test
5hcy,test,binding_affinity_test
5hd0,test,binding_affinity_test
5hdu,test,binding_affinity_test
5hdv,test,binding_affinity_test
5hdx,test,binding_affinity_test
5hdz,test,binding_affinity_test
5he4,test,binding_affinity_test
5he5,test,binding_affinity_test
5he7,test,binding_affinity_test
5hes,test,binding_affinity_test
5hgc,val,binding_affinity_val
5hpm,val,binding_affinity_val
5htb,test,binding_affinity_test
5htc,test,binding_affinity_test
5htl,test,binding_affinity_test
5htz,test,binding_affinity_test
5hu0,test,binding_affinity_test
5hu1,test,binding_affinity_test
5hu9,test,binding_affinity_test
5hvu,test,binding_affinity_test
5hyq,val,binding_affinity_val
5hyr,val,binding_affinity_val
5i0b,test,crossdocked2020_test_receptor
5i3v,test,binding_affinity_test
5i3w,test,binding_affinity_test
5i3x,test,binding_affinity_test
5i3y,test,binding_affinity_test
5i7y,test,binding_affinity_test
5i80,test,binding_affinity_test
5i88,test,binding_affinity_test
5i8g,val,binding_affinity_val
5i9x,val,binding_affinity_val
5i9y,test,binding_affinity_test
5i9z,val,binding_affinity_val
5ia0,val,binding_affinity_val
5ia1,test,binding_affinity_test
5ia2,val,binding_affinity_val
5ia3,val,binding_affinity_val
5ia4,val,binding_affinity_val
5ia5,val,binding_affinity_val
5icx,val,binding_affinity_val
5icy,val,binding_affinity_val
5id0,val,binding_affinity_val
5ie1,test,binding_affinity_test
5igk,test,binding_affinity_test
5igl,test,binding_affinity_test
5ihh,val,binding_affinity_val
5iis,test,binding_affinity_test
5ikb,val,binding_affinity_val
5in9,val,binding_affinity_val
5ipj,test,binding_affinity_test
5iug,val,binding_affinity_val
5iv2,val,binding_affinity_val
5ivn,val,binding_affinity_val
5ivz,val,binding_affinity_val
5izf,test,binding_affinity_test
5izj,test,binding_affinity_test
5j0d,test,binding_affinity_test
5j20,test,binding_affinity_test
5j27,test,binding_affinity_test
5j5r,test,binding_affinity_test
5j64,test,binding_affinity_test
5j6l,test,binding_affinity_test
5j6m,test,binding_affinity_test
5j6n,test,binding_affinity_test
5j74,val,binding_affinity_val
5j82,test,binding_affinity_test
5j86,test,binding_affinity_test
5j8u,val,binding_affinity_val
5j9x,test,binding_affinity_test
5jq5,test,binding_affinity_test
5jq8,test,binding_affinity_test
5jy3,test,binding_affinity_test
5k03,val,binding_affinity_val
5k4z,test,binding_affinity_test
5khd,test,binding_affinity_test
5kks,test,binding_affinity_test
5kkt,test,binding_affinity_test
5kq5,test,binding_affinity_test
5kz0,val,binding_affinity_val
5l1v,test,crossdocked2020_test_ligand_source;crossdocked2020_test_receptor
5l2w,val,binding_affinity_val
5l3a,test,binding_affinity_test
5l4f,val,binding_affinity_val
5l4i,test,binding_affinity_test
5l7e,val,binding_affinity_val
5l7g,val,binding_affinity_val
5l7h,val,binding_affinity_val
5liu,test,crossdocked2020_test_receptor
5ljj,test,binding_affinity_test
5lny,test,binding_affinity_test
5lpj,test,binding_affinity_test
5lpk,test,binding_affinity_test
5lpl,test,binding_affinity_test
5lpm,test,binding_affinity_test
5lud,val,binding_affinity_val
5luu,test,binding_affinity_test
5lvl,test,binding_affinity_test
5lvn,test,binding_affinity_test
5lwm,val,binding_affinity_val
5lxb,test,binding_affinity_test
5lxc,test,crossdocked2020_test_ligand_source
5m2v,val,binding_affinity_val
5m44,val,binding_affinity_val
5m4c,val,binding_affinity_val
5m4f,val,binding_affinity_val
5m4i,val,binding_affinity_val
5m4u,val,binding_affinity_val
5m56,val,binding_affinity_val
5m63,val,binding_affinity_val
5mes,val,binding_affinity_val
5mev,val,binding_affinity_val
5mf6,test,binding_affinity_test
5mg2,val,binding_affinity_val
5mgl,test,crossdocked2020_test_ligand_source;crossdocked2020_test_receptor
5mi5,test,binding_affinity_test
5mi7,test,binding_affinity_test
5mkr,val,binding_affinity_val
5mks,val,binding_affinity_val
5mma,test,crossdocked2020_test_receptor
5mme,test,binding_affinity_test
5mmg,test,binding_affinity_test
5mn1,test,binding_affinity_test
5mnb,test,binding_affinity_test
5mnc,test,binding_affinity_test
5mnn,test,binding_affinity_test
5mno,test,binding_affinity_test
5mo8,val,binding_affinity_val
5mpk,test,binding_affinity_test
5mpn,test,binding_affinity_test
5mpz,test,binding_affinity_test
5mql,test,binding_affinity_test
5mqt,test,binding_affinity_test
5mrb,test,binding_affinity_test
5mtx,val,binding_affinity_val
5mty,val,binding_affinity_val
5mw4,val,binding_affinity_val
5mwp,val,binding_affinity_val
5mwy,val,binding_affinity_val
5myk,val,binding_affinity_val
5myo,val,binding_affinity_val
5myx,val,binding_affinity_val
5n7v,test,binding_affinity_test
5n93,test,binding_affinity_test
5n9k,val,binding_affinity_val
5n9l,val,binding_affinity_val
5n9n,val,binding_affinity_val
5n9s,test,binding_affinity_test
5na0,test,binding_affinity_test
5nad,test,binding_affinity_test
5nbw,val,binding_affinity_val
5neb,test,binding_affinity_test
5nf5,test,binding_affinity_test
5nf6,val,binding_affinity_val
5ng9,test,binding_affinity_test
5ngz,test,crossdocked2020_test_ligand_source;crossdocked2020_test_receptor
5nih,test,binding_affinity_test
5njz,val,binding_affinity_val
5nk2,val,binding_affinity_val
5nk3,val,binding_affinity_val
5nk4,val,binding_affinity_val
5nk6,val,binding_affinity_val
5nk7,val,binding_affinity_val
5nk8,val,binding_affinity_val
5nk9,val,binding_affinity_val
5nka,val,binding_affinity_val
5nkb,val,binding_affinity_val
5nkc,val,binding_affinity_val
5nkd,val,binding_affinity_val
5nkg,val,binding_affinity_val
5nkh,val,binding_affinity_val
5nki,val,binding_affinity_val
5nlk,test,binding_affinity_test
5nne,test,binding_affinity_test
5ntt,test,binding_affinity_test
5nu3,test,binding_affinity_test
5nu5,test,binding_affinity_test
5ny6,test,binding_affinity_test
5nyh,test,binding_affinity_test
5nze,test,binding_affinity_test
5nzf,test,binding_affinity_test
5nzn,test,binding_affinity_test
5o4f,test,binding_affinity_test
5o87,test,binding_affinity_test
5o91,test,binding_affinity_test
5oaj,test,binding_affinity_test
5obg,test,binding_affinity_test
5oci,test,binding_affinity_test
5odx,test,binding_affinity_test
5ofu,test,binding_affinity_test
5oot,test,binding_affinity_test
5op2,test,binding_affinity_test
5op4,test,binding_affinity_test
5op5,test,binding_affinity_test
5opb,test,binding_affinity_test
5opr,test,binding_affinity_test
5ops,test,binding_affinity_test
5opu,test,binding_affinity_test
5opv,test,binding_affinity_test
5oq5,test,binding_affinity_test
5oq6,test,binding_affinity_test
5oq7,test,binding_affinity_test
5oq8,test,binding_affinity_test
5oqu,val,binding_affinity_val
5orh,val,binding_affinity_val
5ork,val,binding_affinity_val
5orr,test,binding_affinity_test
5ort,test,binding_affinity_test
5orv,test,binding_affinity_test
5orw,test,binding_affinity_test
5ory,test,binding_affinity_test
5orz,test,binding_affinity_test
5os0,test,binding_affinity_test
5os1,test,binding_affinity_test
5os2,test,binding_affinity_test
5os3,test,binding_affinity_test
5os4,test,binding_affinity_test
5os5,test,binding_affinity_test
5os7,val,binding_affinity_val
5os8,val,binding_affinity_val
5osd,test,binding_affinity_test
5ose,test,binding_affinity_test
5osl,val,binding_affinity_val
5otz,val,binding_affinity_val
5oul,val,binding_affinity_val
5q0k,test,crossdocked2020_test_receptor
5q0q,test,crossdocked2020_test_ligand_source
5sz2,test,binding_affinity_test
5t18,val,binding_affinity_val
5t1k,val,binding_affinity_val
5t1l,val,binding_affinity_val
5t1m,val,binding_affinity_val
5t78,val,binding_affinity_val
5t9u,val,binding_affinity_val
5t9w,val,binding_affinity_val
5t9z,val,binding_affinity_val
5ta2,val,binding_affinity_val
5ta4,val,binding_affinity_val
5tb6,test,binding_affinity_test
5tbe,val,binding_affinity_val
5tco,val,binding_affinity_val
5tjn,test,crossdocked2020_test_receptor
5tmp,val,binding_affinity_val
5tp0,val,binding_affinity_val
5tpx,test,binding_affinity_test
5trf,val,binding_affinity_val
5twj,val,binding_affinity_val
5tzd,test,binding_affinity_test
5tzf,val,binding_affinity_val
5tzg,test,binding_affinity_test
5u28,test,binding_affinity_test
5u49,test,binding_affinity_test
5u4b,val,binding_affinity_val
5u4d,val,binding_affinity_val
5u4x,val,binding_affinity_val
5uc1,val,binding_affinity_val
5uc4,val,binding_affinity_val
5uch,val,binding_affinity_val
5uci,val,binding_affinity_val
5ucj,val,binding_affinity_val
5ufs,val,binding_affinity_val
5uga,val,binding_affinity_val
5ugb,test,binding_affinity_test
5ula,test,binding_affinity_test
5umx,val,binding_affinity_val
5umy,val,binding_affinity_val
5unp,val,binding_affinity_val
5uoo,test,binding_affinity_test
5usy,test,binding_affinity_test
5usz,test,binding_affinity_test
5ut0,test,binding_affinity_test
5ut4,test,binding_affinity_test
5ut6,test,binding_affinity_test
5uzj,test,binding_affinity_test
5uzk,test,binding_affinity_test
5v0n,test,binding_affinity_test
5v5y,test,binding_affinity_test
5v82,test,binding_affinity_test
5vb5,test,binding_affinity_test
5vb6,test,binding_affinity_test
5vb7,test,binding_affinity_test
5vc3,test,binding_affinity_test
5vc4,test,binding_affinity_test
5vc5,test,binding_affinity_test
5vc6,test,binding_affinity_test
5vcv,test,binding_affinity_test
5vcw,test,binding_affinity_test
5vcx,test,binding_affinity_test
5vcy,test,binding_affinity_test
5vcz,test,binding_affinity_test
5vd0,test,binding_affinity_test
5vd1,test,binding_affinity_test
5vd2,test,binding_affinity_test
5vd3,test,binding_affinity_test
5vdk,test,binding_affinity_test
5vef,test,crossdocked2020_test_ligand_source
5vih,test,binding_affinity_test
5vii,test,binding_affinity_test
5vja,val,binding_affinity_val
5vl2,val,binding_affinity_val
5vm0,val,binding_affinity_val
5vyy,test,binding_affinity_test
5w2g,test,crossdocked2020_test_receptor
5w2i,test,crossdocked2020_test_ligand_source
5w5u,val,binding_affinity_val
5w5v,test,binding_affinity_test
5w6i,val,binding_affinity_val
5w6r,val,binding_affinity_val
5w6t,val,binding_affinity_val
5w6u,val,binding_affinity_val
5wa5,test,binding_affinity_test
5wal,val,binding_affinity_val
5wev,test,binding_affinity_test
5wij,test,binding_affinity_test
5win,test,binding_affinity_test
5wmg,test,binding_affinity_test
5wmt,val,binding_affinity_val
5wp5,val,binding_affinity_val
5wrs,test,binding_affinity_test
5wxf,test,binding_affinity_test
5wxo,test,binding_affinity_test
5wxp,test,binding_affinity_test
5x62,val,binding_affinity_val
5x8f,test,crossdocked2020_test_ligand_source
5xhs,val,binding_affinity_val
5xsr,test,binding_affinity_test
5xsu,test,binding_affinity_test
5y7z,test,binding_affinity_test
5y80,test,binding_affinity_test
5ya5,val,binding_affinity_val
5ylu,test,binding_affinity_test
5yqx,test,binding_affinity_test
5za7,test,binding_affinity_test
5za8,test,binding_affinity_test
5zae,test,binding_affinity_test
5zaf,test,binding_affinity_test
5zag,test,binding_affinity_test
5zah,test,binding_affinity_test
5zaj,test,binding_affinity_test
5zc5,test,binding_affinity_test
5zhl,val,binding_affinity_val
5zia,val,binding_affinity_val
5zzw,val,binding_affinity_val
6ajv,test,binding_affinity_test
6aol,val,binding_affinity_val
6aom,val,binding_affinity_val
6apt,test,binding_affinity_test
6aqo,test,binding_affinity_test
6arj,val,binding_affinity_val
6au5,val,binding_affinity_val
6axk,val,binding_affinity_val
6axp,val,binding_affinity_val
6ayn,val,binding_affinity_val
6azk,val,binding_affinity_val
6azl,val,binding_affinity_val
6b2p,val,binding_affinity_val
6b5r,val,binding_affinity_val
6b5t,val,binding_affinity_val
6b7b,val,binding_affinity_val
6b8y,test,binding_affinity_test
6baw,val,binding_affinity_val
6bdy,val,binding_affinity_val
6bhv,val,binding_affinity_val
6bm5,val,binding_affinity_val
6bm6,val,binding_affinity_val
6bny,test,binding_affinity_test
6bod,test,binding_affinity_test
6c2r,test,binding_affinity_test
6c7r,val,binding_affinity_val
6c91,val,binding_affinity_val
6c9s,val,binding_affinity_val
6c9v,val,binding_affinity_val
6cex,val,binding_affinity_val
6cf5,val,binding_affinity_val
6chh,val,binding_affinity_val
6cjr,val,binding_affinity_val
6cjs,val,binding_affinity_val
6cpw,val,binding_affinity_val
6d28,val,binding_affinity_val
6df1,val,binding_affinity_val
6df2,val,binding_affinity_val
6dhc,test,binding_affinity_test
6dkb,test,binding_affinity_test
6dkg,test,binding_affinity_test
6dki,test,binding_affinity_test
6dl2,test,binding_affinity_test
6dne,test,binding_affinity_test
6dxl,test,binding_affinity_test
6e4u,test,binding_affinity_test
6e4w,test,binding_affinity_test
6e7r,test,binding_affinity_test
6e7t,test,binding_affinity_test
6e7u,test,binding_affinity_test
6ei5,test,binding_affinity_test
6eif,test,binding_affinity_test
6eij,test,binding_affinity_test
6eil,test,binding_affinity_test
6eip,test,binding_affinity_test
6eiq,test,binding_affinity_test
6eir,val,binding_affinity_val
6eis,test,binding_affinity_test
6ej4,test,binding_affinity_test
6el5,test,binding_affinity_test
6eln,test,binding_affinity_test
6elo,test,binding_affinity_test
6elp,test,binding_affinity_test
6eq2,test,binding_affinity_test
6eq3,test,binding_affinity_test
6eq5,test,binding_affinity_test
6eq7,test,binding_affinity_test
6ey8,test,binding_affinity_test
6ey9,test,binding_affinity_test
6eya,test,binding_affinity_test
6eyb,test,binding_affinity_test
6f1n,test,binding_affinity_test
6f20,test,binding_affinity_test
6f28,val,binding_affinity_val
6f29,val,binding_affinity_val
6fcj,test,binding_affinity_test
6fcl,test,binding_affinity_test
6fnf,val,binding_affinity_val
6fng,val,binding_affinity_val
6fni,val,binding_affinity_val
6fnj,val,binding_affinity_val
6fs0,val,binding_affinity_val
6fsy,test,binding_affinity_test
6fz4,val,binding_affinity_val
6g0q,test,binding_affinity_test
6g36,test,binding_affinity_test
6g37,test,binding_affinity_test
6g38,test,binding_affinity_test
6ggb,test,binding_affinity_test
6ggf,test,binding_affinity_test
6gji,val,binding_affinity_val
6gjj,val,binding_affinity_val
6gjl,val,binding_affinity_val
6gjm,val,binding_affinity_val
6gjr,val,binding_affinity_val
6gjy,val,binding_affinity_val
6gl9,val,binding_affinity_val
6gla,val,binding_affinity_val
6glb,val,binding_affinity_val
6gnp,test,binding_affinity_test
6gnr,test,binding_affinity_test
6gnw,test,binding_affinity_test
6goo,val,binding_affinity_val
6gr7,test,binding_affinity_test
6grp,test,binding_affinity_test
6gzd,val,binding_affinity_val
6gzh,val,binding_affinity_val
6gzm,val,binding_affinity_val
6hd6,test,binding_affinity_test
6hgr,test,binding_affinity_test
6hgs,test,binding_affinity_test
6hhr,test,binding_affinity_test
6hk3,val,binding_affinity_val
6hk4,val,binding_affinity_val
6hoq,val,binding_affinity_val
6hoy,test,binding_affinity_test
6i61,val,binding_affinity_val
6i62,val,binding_affinity_val
6i63,val,binding_affinity_val
6i64,val,binding_affinity_val
6i65,val,binding_affinity_val
6i66,val,binding_affinity_val
6i67,val,binding_affinity_val
6i8m,val,binding_affinity_val
6i8t,val,binding_affinity_val
6idg,val,binding_affinity_val
6ift,val,binding_affinity_val
6jof,val,binding_affinity_val
6k3l,test,binding_affinity_test
6mh1,test,binding_affinity_test
6mwe,test,binding_affinity_test
6mxe,test,binding_affinity_test
6n8x,test,binding_affinity_test
6nfh,val,binding_affinity_val
6nfy,test,binding_affinity_test
6nmb,test,binding_affinity_test
6no9,test,binding_affinity_test
6np2,test,binding_affinity_test
6np3,test,binding_affinity_test
6np4,test,binding_affinity_test
6np5,test,binding_affinity_test
6nwk,val,binding_affinity_val
6nwl,val,binding_affinity_val
6o5u,test,binding_affinity_test
6o94,test,binding_affinity_test
6o95,test,binding_affinity_test
6olx,test,binding_affinity_test
6orr,val,binding_affinity_val
6pl1,test,binding_affinity_test
6pve,val,binding_affinity_val
6q54,val,binding_affinity_val
6q60,val,binding_affinity_val
6qas,test,binding_affinity_test
6qau,test,binding_affinity_test
6qav,val,binding_affinity_val
6qe0,val,binding_affinity_val
6qe5,val,binding_affinity_val
6r8l,test,binding_affinity_test
6r8o,test,binding_affinity_test
6r8w,test,binding_affinity_test
6r9u,test,binding_affinity_test
6r9x,test,binding_affinity_test
6rot,test,binding_affinity_test
6s56,test,binding_affinity_test
6s57,test,binding_affinity_test
6sbt,val,binding_affinity_val
